time_aligned_sec,L_Gyro_Z_aligned,R_Gyro_Z_aligned
0.0,-11.73,0.0
0.005,-5.865,0.0
0.01,-11.73,0.0
0.015,-11.73,0.0
0.02,-11.73,0.0
0.025,-11.73,0.0
0.03,-11.73,0.0
0.035,-11.73,0.0
0.04,-11.73,-5.865
0.045,-11.73,0.0
0.05,-17.595,0.0
0.055,-17.595,-5.865
0.06,-17.595,-5.865
0.065,-17.595,-5.865
0.07,-17.595,-5.865
0.075,-23.46,-5.865
0.08,-23.46,-5.865
0.085,-29.326,-5.865
0.09,-29.326,-5.865
0.095,-29.326,-5.865
0.1,-29.326,-5.865
0.105,-35.191,-11.73
0.11,-35.191,-11.73
0.115,-35.191,-11.73
0.12,-35.191,-11.73
0.125,-35.191,-11.73
0.13,-41.056,-11.73
0.135,-41.056,-11.73
0.14,-41.056,-17.595
0.145,-41.056,-17.595
0.15,-41.056,-17.595
0.155,-41.056,-17.595
0.16,-41.056,-17.595
0.165,-41.056,-23.46
0.17,-41.056,-23.46
0.17500000000000002,-41.056,-23.46
0.18,-41.056,-29.326
0.185,-41.056,-29.326
0.19,-35.191,-35.191
0.195,-29.326,-35.191
0.2,-23.46,-35.191
0.20500000000000002,-17.595,-35.191
0.21,-5.865,-35.191
0.215,-0.0,-41.056
0.22,5.865,-41.056
0.225,11.73,-41.056
0.23,23.46,-41.056
0.23500000000000001,35.191,-46.921
0.24,35.191,-46.921
0.245,46.921,-46.921
0.25,46.921,-41.056
0.255,52.786,-46.921
0.26,52.786,-41.056
0.265,52.786,-41.056
0.27,52.786,-41.056
0.275,58.651,-41.056
0.28,58.651,-41.056
0.28500000000000003,52.786,-35.191
0.29,58.651,-23.46
0.295,58.651,-17.595
0.3,58.651,-11.73
0.305,52.786,0.0
0.31,52.786,5.865
0.315,46.921,11.73
0.32,46.921,23.46
0.325,41.056,29.326
0.33,35.191,35.191
0.335,29.326,41.056
0.34,17.595,46.921
0.34500000000000003,5.865,52.786
0.35000000000000003,-0.0,52.786
0.355,-5.865,52.786
0.36,-17.595,58.651
0.365,-23.46,58.651
0.37,-35.191,58.651
0.375,-41.056,58.651
0.38,-46.921,58.651
0.385,-52.786,58.651
0.39,-58.651,58.651
0.395,-64.516,58.651
0.4,-64.516,52.786
0.405,-58.651,52.786
0.41000000000000003,-58.651,46.921
0.41500000000000004,-52.786,41.056
0.42,-46.921,35.191
0.425,-41.056,29.326
0.43,-35.191,23.46
0.435,-17.595,11.73
0.44,-11.73,0.0
0.445,-0.0,-5.865
0.45,11.73,-11.73
0.455,17.595,-23.46
0.46,23.46,-35.191
0.465,35.191,-41.056
0.47000000000000003,41.056,-46.921
0.47500000000000003,46.921,-58.651
0.48,52.786,-64.516
0.485,58.651,-64.516
0.49,58.651,-64.516
0.495,64.516,-64.516
0.5,64.516,-58.651
0.505,70.381,-52.786
0.51,64.516,-46.921
0.515,64.516,-41.056
0.52,64.516,-35.191
0.525,64.516,-23.46
0.53,64.516,-11.73
0.535,58.651,0.0
0.54,52.786,5.865
0.545,46.921,17.595
0.55,41.056,23.46
0.555,29.326,29.326
0.56,23.46,35.191
0.5650000000000001,11.73,46.921
0.5700000000000001,-0.0,52.786
0.5750000000000001,-11.73,58.651
0.58,-17.595,58.651
0.585,-29.326,64.516
0.59,-35.191,70.381
0.595,-46.921,70.381
0.6,-52.786,70.381
0.605,-58.651,70.381
0.61,-58.651,64.516
0.615,-58.651,70.381
0.62,-52.786,64.516
0.625,-52.786,58.651
0.63,-46.921,58.651
0.635,-41.056,46.921
0.64,-35.191,41.056
0.645,-29.326,35.191
0.65,-23.46,23.46
0.655,-17.595,11.73
0.66,-11.73,0.0
0.665,-5.865,-5.865
0.67,-0.0,-17.595
0.675,5.865,-23.46
0.68,11.73,-35.191
0.685,17.595,-46.921
0.6900000000000001,23.46,-52.786
0.6950000000000001,29.326,-58.651
0.7000000000000001,35.191,-58.651
0.705,35.191,-64.516
0.71,35.191,-58.651
0.715,41.056,-52.786
0.72,41.056,-52.786
0.725,41.056,-46.921
0.73,46.921,-41.056
0.735,46.921,-35.191
0.74,46.921,-29.326
0.745,46.921,-23.46
0.75,41.056,-11.73
0.755,35.191,-5.865
0.76,29.326,0.0
0.765,23.46,5.865
0.77,11.73,11.73
0.775,5.865,17.595
0.78,-0.0,23.46
0.785,-5.865,23.46
0.79,-11.73,29.326
0.795,-17.595,35.191
0.8,-17.595,35.191
0.805,-23.46,41.056
0.81,-29.326,41.056
0.8150000000000001,-29.326,46.921
0.8200000000000001,-29.326,46.921
0.8250000000000001,-29.326,46.921
0.8300000000000001,-29.326,46.921
0.835,-29.326,46.921
0.84,-29.326,46.921
0.845,-29.326,41.056
0.85,-29.326,29.326
0.855,-29.326,23.46
0.86,-29.326,17.595
0.865,-29.326,11.73
0.87,-29.326,0.0
0.875,-29.326,-5.865
0.88,-29.326,-11.73
0.885,-23.46,-11.73
0.89,-23.46,-17.595
0.895,-23.46,-23.46
0.9,-23.46,-29.326
0.905,-23.46,-29.326
0.91,-17.595,-35.191
0.915,-17.595,-35.191
0.92,-17.595,-35.191
0.925,-11.73,-29.326
0.93,-11.73,-29.326
0.935,-11.73,-29.326
0.9400000000000001,-11.73,-29.326
0.9450000000000001,-5.865,-29.326
0.9500000000000001,-5.865,-29.326
0.9550000000000001,-5.865,-29.326
0.96,-5.865,-29.326
0.965,-5.865,-29.326
0.97,-5.865,-29.326
0.975,-5.865,-29.326
0.98,-5.865,-29.326
0.985,-11.73,-23.46
0.99,-11.73,-23.46
0.995,-11.73,-23.46
1.0,-11.73,-17.595
1.0050000000000001,-11.73,-17.595
1.01,-11.73,-17.595
1.0150000000000001,-11.73,-11.73
1.02,-11.73,-11.73
1.025,-11.73,-11.73
1.03,-11.73,-11.73
1.035,-17.595,-11.73
1.04,-17.595,-5.865
1.045,-17.595,-5.865
1.05,-17.595,-5.865
1.055,-17.595,-5.865
1.06,-17.595,-5.865
1.065,-17.595,-5.865
1.07,-17.595,-5.865
1.075,-17.595,-5.865
1.08,-17.595,-11.73
1.085,-17.595,-11.73
1.09,-17.595,-11.73
1.095,-23.46,-11.73
1.1,-17.595,-11.73
1.105,-17.595,-11.73
1.11,-17.595,-11.73
1.115,-23.46,-11.73
1.12,-17.595,-11.73
1.125,-23.46,-17.595
1.1300000000000001,-17.595,-17.595
1.135,-17.595,-17.595
1.1400000000000001,-17.595,-17.595
1.145,-17.595,-17.595
1.1500000000000001,-17.595,-17.595
1.155,-17.595,-17.595
1.16,-17.595,-17.595
1.165,-17.595,-17.595
1.17,-11.73,-17.595
1.175,-11.73,-17.595
1.18,-11.73,-17.595
1.185,-11.73,-17.595
1.19,-11.73,-17.595
1.195,-11.73,-17.595
1.2,-11.73,-23.46
1.205,-11.73,-23.46
1.21,-11.73,-23.46
1.215,-5.865,-17.595
1.22,-5.865,-23.46
1.225,-5.865,-17.595
1.23,-5.865,-17.595
1.235,-5.865,-17.595
1.24,-0.0,-17.595
1.245,-0.0,-17.595
1.25,-0.0,-17.595
1.2550000000000001,-0.0,-17.595
1.26,5.865,-11.73
1.2650000000000001,5.865,-11.73
1.27,11.73,-11.73
1.2750000000000001,11.73,-11.73
1.28,17.595,-11.73
1.285,23.46,-11.73
1.29,23.46,-11.73
1.295,29.326,-11.73
1.3,35.191,-11.73
1.305,35.191,-5.865
1.31,41.056,-5.865
1.315,41.056,-5.865
1.32,46.921,-5.865
1.325,52.786,0.0
1.33,52.786,0.0
1.335,52.786,0.0
1.34,58.651,0.0
1.345,64.516,0.0
1.35,70.381,5.865
1.355,70.381,5.865
1.36,76.246,11.73
1.365,82.111,11.73
1.37,93.842,17.595
1.375,99.707,17.595
1.3800000000000001,105.572,23.46
1.385,117.302,29.326
1.3900000000000001,123.167,29.326
1.395,123.167,35.191
1.4000000000000001,123.167,41.056
1.405,117.302,41.056
1.41,117.302,46.921
1.415,105.572,52.786
1.42,93.842,52.786
1.425,87.977,52.786
1.43,58.651,58.651
1.435,5.865,64.516
1.44,-35.191,70.381
1.445,-52.786,70.381
1.45,-46.921,76.246
1.455,-17.595,87.977
1.46,-0.0,93.842
1.465,11.73,99.707
1.47,17.595,105.572
1.475,23.46,117.302
1.48,23.46,123.167
1.485,23.46,123.167
1.49,17.595,123.167
1.495,11.73,123.167
1.5,11.73,117.302
1.5050000000000001,5.865,111.437
1.51,5.865,93.842
1.5150000000000001,5.865,93.842
1.52,5.865,70.381
1.5250000000000001,11.73,23.46
1.53,5.865,-29.326
1.5350000000000001,5.865,-52.786
1.54,-0.0,-52.786
1.545,-0.0,-29.326
1.55,-5.865,0.0
1.555,-5.865,11.73
1.56,-11.73,17.595
1.565,-11.73,23.46
1.57,-11.73,29.326
1.575,-11.73,23.46
1.58,-11.73,17.595
1.585,-11.73,17.595
1.59,-5.865,11.73
1.595,-5.865,11.73
1.6,-5.865,5.865
1.605,-0.0,5.865
1.61,-0.0,11.73
1.615,-0.0,11.73
1.62,-0.0,5.865
1.625,-0.0,5.865
1.6300000000000001,-0.0,5.865
1.635,-0.0,0.0
1.6400000000000001,-0.0,-5.865
1.645,-0.0,-5.865
1.6500000000000001,-0.0,-5.865
1.655,-0.0,-5.865
1.6600000000000001,-0.0,-11.73
1.665,-0.0,-11.73
1.67,-0.0,-11.73
1.675,-0.0,-11.73
1.68,-5.865,-5.865
1.685,-5.865,-5.865
1.69,-5.865,0.0
1.695,-5.865,0.0
1.7,-5.865,0.0
1.705,-5.865,0.0
1.71,-5.865,0.0
1.715,-5.865,0.0
1.72,-5.865,0.0
1.725,-5.865,0.0
1.73,-5.865,0.0
1.735,-5.865,0.0
1.74,-5.865,0.0
1.745,-5.865,0.0
1.75,-5.865,0.0
1.7550000000000001,-5.865,0.0
1.76,-5.865,0.0
1.7650000000000001,-5.865,0.0
1.77,-5.865,-5.865
1.7750000000000001,-11.73,-5.865
1.78,-11.73,0.0
1.7850000000000001,-11.73,-5.865
1.79,-11.73,-5.865
1.795,-17.595,-5.865
1.8,-17.595,-5.865
1.805,-17.595,-5.865
1.81,-17.595,-5.865
1.815,-17.595,-5.865
1.82,-17.595,-5.865
1.825,-17.595,-5.865
1.83,-17.595,-5.865
1.835,-17.595,-5.865
1.84,-17.595,0.0
1.845,-17.595,0.0
1.85,-17.595,-5.865
1.855,-17.595,-5.865
1.86,-17.595,-5.865
1.865,-17.595,-5.865
1.87,-17.595,-11.73
1.875,-23.46,-11.73
1.8800000000000001,-23.46,-11.73
1.885,-23.46,-17.595
1.8900000000000001,-23.46,-17.595
1.895,-23.46,-17.595
1.9000000000000001,-23.46,-17.595
1.905,-23.46,-17.595
1.9100000000000001,-23.46,-17.595
1.915,-29.326,-17.595
1.92,-29.326,-17.595
1.925,-29.326,-17.595
1.93,-29.326,-17.595
1.935,-29.326,-17.595
1.94,-29.326,-17.595
1.945,-23.46,-17.595
1.95,-29.326,-17.595
1.955,-29.326,-17.595
1.96,-23.46,-17.595
1.965,-29.326,-23.46
1.97,-29.326,-23.46
1.975,-29.326,-23.46
1.98,-29.326,-23.46
1.985,-29.326,-29.326
1.99,-29.326,-29.326
1.995,-29.326,-29.326
2.0,-29.326,-29.326
2.005,-29.326,-29.326
2.0100000000000002,-29.326,-29.326
2.015,-29.326,-29.326
2.02,-29.326,-29.326
2.025,-29.326,-29.326
2.0300000000000002,-29.326,-29.326
2.035,-23.46,-29.326
2.04,-29.326,-29.326
2.045,-29.326,-29.326
2.05,-29.326,-29.326
2.055,-29.326,-29.326
2.06,-29.326,-29.326
2.065,-23.46,-29.326
2.07,-23.46,-29.326
2.075,-23.46,-29.326
2.08,-23.46,-29.326
2.085,-17.595,-29.326
2.09,-23.46,-29.326
2.095,-17.595,-29.326
2.1,-17.595,-29.326
2.105,-17.595,-29.326
2.11,-23.46,-29.326
2.115,-17.595,-29.326
2.12,-17.595,-29.326
2.125,-17.595,-29.326
2.13,-11.73,-29.326
2.1350000000000002,-11.73,-29.326
2.14,-11.73,-29.326
2.145,-11.73,-23.46
2.15,-5.865,-29.326
2.1550000000000002,-5.865,-23.46
2.16,-0.0,-23.46
2.165,-0.0,-23.46
2.17,5.865,-23.46
2.1750000000000003,5.865,-23.46
2.18,11.73,-23.46
2.185,11.73,-23.46
2.19,17.595,-17.595
2.195,23.46,-17.595
2.2,23.46,-17.595
2.205,29.326,-17.595
2.21,35.191,-17.595
2.215,46.921,-17.595
2.22,52.786,-11.73
2.225,64.516,-11.73
2.23,70.381,-11.73
2.235,82.111,-11.73
2.24,87.977,-5.865
2.245,93.842,-5.865
2.25,99.707,0.0
2.255,99.707,0.0
2.2600000000000002,105.572,0.0
2.265,111.437,5.865
2.27,117.302,5.865
2.275,117.302,11.73
2.2800000000000002,123.167,17.595
2.285,117.302,17.595
2.29,111.437,23.46
2.295,76.246,29.326
2.3000000000000003,70.381,35.191
2.305,-5.865,41.056
2.31,-99.707,52.786
2.315,-111.437,64.516
2.32,-58.651,70.381
2.325,-0.0,76.246
2.33,29.326,87.977
2.335,35.191,93.842
2.34,35.191,99.707
2.345,35.191,105.572
2.35,35.191,105.572
2.355,35.191,111.437
2.36,35.191,117.302
2.365,29.326,117.302
2.37,23.46,123.167
2.375,11.73,123.167
2.38,5.865,117.302
2.3850000000000002,-0.0,87.977
2.39,-0.0,76.246
2.395,-0.0,23.46
2.4,-0.0,-87.977
2.4050000000000002,-0.0,-117.302
2.41,-0.0,-76.246
2.415,-0.0,-11.73
2.42,-5.865,23.46
2.4250000000000003,-5.865,35.191
2.43,-5.865,35.191
2.435,-11.73,35.191
2.44,-11.73,35.191
2.445,-5.865,35.191
2.45,-5.865,35.191
2.455,-5.865,29.326
2.46,-5.865,23.46
2.465,-0.0,17.595
2.47,-0.0,5.865
2.475,-0.0,0.0
2.48,-0.0,0.0
2.485,-0.0,0.0
2.49,-0.0,0.0
2.495,5.865,0.0
2.5,5.865,0.0
2.505,5.865,0.0
2.5100000000000002,5.865,-5.865
2.515,5.865,-5.865
2.52,5.865,-5.865
2.525,-0.0,-11.73
2.5300000000000002,-0.0,-5.865
2.535,-0.0,-5.865
2.54,-0.0,-5.865
2.545,-5.865,-5.865
2.5500000000000003,-5.865,-5.865
2.555,-0.0,-5.865
2.56,-5.865,0.0
2.565,-5.865,0.0
2.57,-0.0,0.0
2.575,-5.865,0.0
2.58,-5.865,0.0
2.585,-0.0,0.0
2.59,-0.0,5.865
2.595,-0.0,5.865
2.6,-0.0,5.865
2.605,-0.0,5.865
2.61,-0.0,5.865
2.615,-0.0,0.0
2.62,-0.0,0.0
2.625,-0.0,0.0
2.63,-0.0,0.0
2.6350000000000002,-0.0,0.0
2.64,-0.0,0.0
2.645,-0.0,-5.865
2.65,-5.865,-5.865
2.6550000000000002,-5.865,-5.865
2.66,-0.0,-5.865
2.665,-5.865,0.0
2.67,-5.865,0.0
2.6750000000000003,-5.865,0.0
2.68,-5.865,0.0
2.685,-11.73,0.0
2.69,-11.73,0.0
2.695,-11.73,0.0
2.7,-11.73,0.0
2.705,-11.73,0.0
2.71,-11.73,0.0
2.715,-11.73,0.0
2.72,-11.73,0.0
2.725,-11.73,0.0
2.73,-17.595,0.0
2.735,-17.595,0.0
2.74,-17.595,0.0
2.745,-17.595,0.0
2.75,-17.595,-5.865
2.755,-17.595,-5.865
2.7600000000000002,-17.595,-5.865
2.765,-23.46,-5.865
2.77,-23.46,-5.865
2.775,-23.46,-5.865
2.7800000000000002,-29.326,-11.73
2.785,-29.326,-11.73
2.79,-29.326,-5.865
2.795,-29.326,-11.73
2.8000000000000003,-29.326,-11.73
2.805,-29.326,-11.73
2.81,-29.326,-11.73
2.815,-23.46,-11.73
2.82,-29.326,-11.73
2.825,-29.326,-17.595
2.83,-29.326,-17.595
2.835,-29.326,-17.595
2.84,-29.326,-17.595
2.845,-29.326,-17.595
2.85,-29.326,-17.595
2.855,-29.326,-23.46
2.86,-29.326,-23.46
2.865,-29.326,-23.46
2.87,-29.326,-29.326
2.875,-29.326,-29.326
2.88,-29.326,-29.326
2.8850000000000002,-29.326,-29.326
2.89,-29.326,-29.326
2.895,-29.326,-29.326
2.9,-29.326,-29.326
2.9050000000000002,-29.326,-29.326
2.91,-29.326,-29.326
2.915,-29.326,-29.326
2.92,-23.46,-29.326
2.9250000000000003,-23.46,-29.326
2.93,-23.46,-29.326
2.935,-23.46,-29.326
2.94,-23.46,-29.326
2.945,-23.46,-29.326
2.95,-23.46,-29.326
2.955,-23.46,-29.326
2.96,-23.46,-29.326
2.965,-23.46,-29.326
2.97,-23.46,-29.326
2.975,-23.46,-35.191
2.98,-23.46,-29.326
2.985,-23.46,-29.326
2.99,-23.46,-35.191
2.995,-23.46,-29.326
3.0,-17.595,-29.326
3.005,-17.595,-29.326
3.0100000000000002,-17.595,-29.326
3.015,-17.595,-29.326
3.02,-17.595,-29.326
3.025,-17.595,-23.46
3.0300000000000002,-17.595,-23.46
3.035,-17.595,-23.46
3.04,-17.595,-23.46
3.045,-11.73,-23.46
3.0500000000000003,-11.73,-23.46
3.055,-11.73,-23.46
3.06,-11.73,-23.46
3.065,-11.73,-23.46
3.0700000000000003,-11.73,-23.46
3.075,-11.73,-23.46
3.08,-11.73,-23.46
3.085,-11.73,-17.595
3.09,-11.73,-23.46
3.095,-5.865,-17.595
3.1,-5.865,-17.595
3.105,-5.865,-17.595
3.11,-5.865,-17.595
3.115,-5.865,-17.595
3.12,-5.865,-17.595
3.125,-5.865,-17.595
3.13,-5.865,-17.595
3.1350000000000002,-5.865,-17.595
3.14,-11.73,-11.73
3.145,-5.865,-11.73
3.15,-5.865,-11.73
3.1550000000000002,-5.865,-11.73
3.16,-11.73,-11.73
3.165,-5.865,-11.73
3.17,-5.865,-11.73
3.1750000000000003,-5.865,-11.73
3.18,-5.865,-5.865
3.185,-5.865,-5.865
3.19,-5.865,-5.865
3.1950000000000003,-5.865,-5.865
3.2,-5.865,-5.865
3.205,-5.865,-5.865
3.21,-5.865,-5.865
3.215,-5.865,-5.865
3.22,-5.865,-5.865
3.225,-5.865,-5.865
3.23,-5.865,-5.865
3.235,-5.865,-5.865
3.24,-5.865,-5.865
3.245,-5.865,-5.865
3.25,-5.865,-11.73
3.255,-5.865,-5.865
3.2600000000000002,-5.865,-5.865
3.265,-11.73,-5.865
3.27,-11.73,-11.73
3.275,-11.73,-5.865
3.2800000000000002,-11.73,-5.865
3.285,-11.73,-5.865
3.29,-11.73,-5.865
3.295,-5.865,-5.865
3.3000000000000003,-11.73,-5.865
3.305,-11.73,-5.865
3.31,-11.73,-5.865
3.315,-11.73,-5.865
3.3200000000000003,-11.73,-5.865
3.325,-11.73,-5.865
3.33,-11.73,-5.865
3.335,-11.73,-5.865
3.34,-11.73,-5.865
3.345,-11.73,-5.865
3.35,-5.865,-5.865
3.355,-5.865,-5.865
3.36,-5.865,-5.865
3.365,-5.865,-5.865
3.37,-5.865,-11.73
3.375,-5.865,-11.73
3.38,-5.865,-5.865
3.3850000000000002,-5.865,-11.73
3.39,-5.865,-11.73
3.395,-5.865,-11.73
3.4,-5.865,-11.73
3.4050000000000002,-5.865,-11.73
3.41,-0.0,-11.73
3.415,-0.0,-11.73
3.42,-0.0,-11.73
3.4250000000000003,-0.0,-11.73
3.43,-0.0,-11.73
3.435,-0.0,-11.73
3.44,5.865,-5.865
3.4450000000000003,5.865,-5.865
3.45,5.865,-5.865
3.455,5.865,-5.865
3.46,5.865,-5.865
3.465,11.73,-5.865
3.47,11.73,-5.865
3.475,11.73,-5.865
3.48,17.595,-5.865
3.485,23.46,-5.865
3.49,23.46,-5.865
3.495,29.326,-5.865
3.5,29.326,0.0
3.505,35.191,0.0
3.5100000000000002,41.056,0.0
3.515,46.921,0.0
3.52,52.786,0.0
3.525,52.786,5.865
3.5300000000000002,64.516,5.865
3.535,70.381,5.865
3.54,76.246,5.865
3.545,87.977,5.865
3.5500000000000003,99.707,11.73
3.555,117.302,11.73
3.56,134.897,11.73
3.565,152.493,17.595
3.5700000000000003,170.088,17.595
3.575,181.818,17.595
3.58,175.953,23.46
3.585,164.223,23.46
3.59,152.493,29.326
3.595,152.493,35.191
3.6,146.628,35.191
3.605,175.953,41.056
3.61,64.516,46.921
3.615,-99.707,52.786
3.62,-129.032,58.651
3.625,-70.381,70.381
3.63,-5.865,76.246
3.6350000000000002,29.326,87.977
3.64,41.056,99.707
3.645,41.056,117.302
3.65,46.921,134.897
3.6550000000000002,46.921,152.493
3.66,52.786,170.088
3.665,52.786,181.818
3.67,46.921,175.953
3.6750000000000003,35.191,170.088
3.68,23.46,158.358
3.685,17.595,158.358
3.69,17.595,146.628
3.6950000000000003,17.595,175.953
3.7,17.595,111.437
3.705,23.46,-70.381
3.71,23.46,-134.897
3.715,17.595,-93.842
3.72,11.73,-23.46
3.725,-0.0,29.326
3.73,-5.865,35.191
3.735,-11.73,41.056
3.74,-11.73,41.056
3.745,-11.73,46.921
3.75,-11.73,46.921
3.755,-11.73,52.786
3.7600000000000002,-11.73,46.921
3.765,-11.73,35.191
3.77,-11.73,29.326
3.775,-11.73,17.595
3.7800000000000002,-11.73,17.595
3.785,-5.865,17.595
3.79,-5.865,17.595
3.795,-0.0,17.595
3.8000000000000003,-0.0,23.46
3.805,-0.0,17.595
3.81,5.865,11.73
3.815,-0.0,5.865
3.8200000000000003,-0.0,-5.865
3.825,-0.0,-11.73
3.83,-0.0,-11.73
3.835,-0.0,-11.73
3.84,-0.0,-11.73
3.845,5.865,-11.73
3.85,-0.0,-11.73
3.855,-0.0,-11.73
3.86,-0.0,-11.73
3.865,-0.0,-11.73
3.87,-0.0,-11.73
3.875,-5.865,-5.865
3.88,-5.865,-5.865
3.8850000000000002,-5.865,0.0
3.89,-5.865,0.0
3.895,-5.865,5.865
3.9,-5.865,5.865
3.9050000000000002,-5.865,5.865
3.91,-0.0,5.865
3.915,-0.0,0.0
3.92,-0.0,0.0
3.9250000000000003,-0.0,0.0
3.93,-0.0,0.0
3.935,-0.0,0.0
3.94,-0.0,0.0
3.9450000000000003,-0.0,0.0
3.95,-0.0,0.0
3.955,-0.0,0.0
3.96,-0.0,0.0
3.9650000000000003,-0.0,0.0
3.97,-0.0,0.0
3.975,-0.0,-5.865
3.98,-0.0,-5.865
3.985,-0.0,-5.865
3.99,-0.0,0.0
3.995,-0.0,0.0
4.0,-0.0,0.0
4.005,-0.0,0.0
4.01,-5.865,0.0
4.015,-5.865,0.0
4.0200000000000005,-5.865,0.0
4.025,-5.865,0.0
4.03,-5.865,0.0
4.035,-5.865,0.0
4.04,-5.865,0.0
4.045,-5.865,0.0
4.05,-5.865,0.0
4.055,-11.73,5.865
4.0600000000000005,-5.865,0.0
4.065,-11.73,0.0
4.07,-11.73,0.0
4.075,-11.73,0.0
4.08,-5.865,0.0
4.085,-5.865,0.0
4.09,-5.865,0.0
4.095,-11.73,0.0
4.1,-11.73,0.0
4.105,-11.73,-5.865
4.11,-11.73,-5.865
4.115,-11.73,-5.865
4.12,-11.73,-5.865
4.125,-11.73,-5.865
4.13,-5.865,-5.865
4.135,-5.865,-5.865
4.14,-5.865,-5.865
4.1450000000000005,-0.0,-5.865
4.15,-0.0,-5.865
4.155,-0.0,-5.865
4.16,5.865,-11.73
4.165,5.865,-11.73
4.17,5.865,-5.865
4.175,11.73,-5.865
4.18,11.73,-5.865
4.1850000000000005,11.73,-5.865
4.19,17.595,-5.865
4.195,17.595,-11.73
4.2,17.595,-11.73
4.205,23.46,-11.73
4.21,23.46,-11.73
4.215,23.46,-11.73
4.22,23.46,-11.73
4.225,29.326,-5.865
4.23,29.326,-5.865
4.235,29.326,-5.865
4.24,29.326,0.0
4.245,29.326,0.0
4.25,35.191,0.0
4.255,35.191,5.865
4.26,35.191,5.865
4.265,35.191,11.73
4.2700000000000005,35.191,11.73
4.275,41.056,17.595
4.28,41.056,17.595
4.285,46.921,17.595
4.29,46.921,17.595
4.295,46.921,17.595
4.3,52.786,23.46
4.305,52.786,23.46
4.3100000000000005,52.786,23.46
4.315,52.786,23.46
4.32,52.786,29.326
4.325,52.786,29.326
4.33,52.786,29.326
4.335,52.786,29.326
4.34,52.786,29.326
4.345,52.786,35.191
4.3500000000000005,52.786,35.191
4.355,52.786,35.191
4.36,52.786,35.191
4.365,52.786,35.191
4.37,46.921,41.056
4.375,46.921,41.056
4.38,46.921,41.056
4.385,46.921,46.921
4.39,46.921,46.921
4.3950000000000005,46.921,46.921
4.4,46.921,52.786
4.405,46.921,52.786
4.41,46.921,52.786
4.415,46.921,52.786
4.42,46.921,52.786
4.425,46.921,52.786
4.43,46.921,52.786
4.4350000000000005,46.921,52.786
4.44,41.056,52.786
4.445,41.056,52.786
4.45,41.056,52.786
4.455,41.056,46.921
4.46,35.191,46.921
4.465,35.191,46.921
4.47,35.191,46.921
4.4750000000000005,35.191,46.921
4.48,35.191,46.921
4.485,35.191,46.921
4.49,35.191,46.921
4.495,35.191,46.921
4.5,35.191,46.921
4.505,29.326,46.921
4.51,29.326,46.921
4.515,29.326,46.921
4.5200000000000005,29.326,46.921
4.525,23.46,41.056
4.53,23.46,41.056
4.535,23.46,41.056
4.54,17.595,41.056
4.545,17.595,35.191
4.55,17.595,35.191
4.555,17.595,35.191
4.5600000000000005,11.73,35.191
4.565,11.73,35.191
4.57,11.73,35.191
4.575,11.73,35.191
4.58,5.865,35.191
4.585,5.865,35.191
4.59,5.865,35.191
4.595,5.865,29.326
4.6000000000000005,5.865,29.326
4.605,5.865,29.326
4.61,5.865,23.46
4.615,5.865,23.46
4.62,5.865,23.46
4.625,-0.0,23.46
4.63,-0.0,17.595
4.635,-0.0,17.595
4.64,-0.0,17.595
4.6450000000000005,-0.0,11.73
4.65,-5.865,11.73
4.655,-5.865,11.73
4.66,-5.865,11.73
4.665,-5.865,11.73
4.67,-0.0,11.73
4.675,-0.0,5.865
4.68,-0.0,5.865
4.6850000000000005,-0.0,5.865
4.69,-0.0,5.865
4.695,-0.0,5.865
4.7,-0.0,5.865
4.705,-0.0,5.865
4.71,-0.0,5.865
4.715,-0.0,0.0
4.72,-5.865,0.0
4.7250000000000005,-5.865,0.0
4.73,-11.73,-5.865
4.735,-11.73,-5.865
4.74,-17.595,-5.865
4.745,-17.595,-5.865
4.75,-17.595,-5.865
4.755,-17.595,-5.865
4.76,-11.73,-5.865
4.765,-11.73,0.0
4.7700000000000005,-5.865,0.0
4.775,-5.865,0.0
4.78,-0.0,0.0
4.785,-0.0,0.0
4.79,5.865,0.0
4.795,11.73,0.0
4.8,11.73,0.0
4.805,17.595,-5.865
4.8100000000000005,17.595,-5.865
4.815,17.595,-11.73
4.82,17.595,-11.73
4.825,17.595,-17.595
4.83,29.326,-17.595
4.835,35.191,-17.595
4.84,23.46,-23.46
4.845,11.73,-17.595
4.8500000000000005,5.865,-17.595
4.855,-0.0,-11.73
4.86,-0.0,-11.73
4.865,-5.865,-5.865
4.87,-5.865,-5.865
4.875,-5.865,0.0
4.88,-5.865,0.0
4.885,-5.865,5.865
4.89,-11.73,11.73
4.8950000000000005,-17.595,11.73
4.9,-17.595,17.595
4.905,-11.73,17.595
4.91,5.865,17.595
4.915,23.46,17.595
4.92,17.595,23.46
4.925,11.73,29.326
4.93,5.865,29.326
4.9350000000000005,11.73,11.73
4.94,5.865,5.865
4.945,-0.0,0.0
4.95,-0.0,0.0
4.955,-0.0,-5.865
4.96,-0.0,-5.865
4.965,-0.0,-5.865
4.97,-0.0,-5.865
4.9750000000000005,-0.0,-11.73
4.98,-5.865,-11.73
4.985,-5.865,-17.595
4.99,-11.73,-17.595
4.995,-17.595,-17.595
5.0,-17.595,0.0
5.005,-23.46,17.595
5.01,-23.46,23.46
5.015,-23.46,11.73
5.0200000000000005,-23.46,5.865
5.025,-23.46,5.865
5.03,-11.73,5.865
5.035,-5.865,5.865
5.04,-5.865,0.0
5.045,-5.865,0.0
5.05,-5.865,0.0
5.055,-5.865,0.0
5.0600000000000005,-11.73,0.0
5.065,-17.595,0.0
5.07,-17.595,-5.865
5.075,-23.46,-5.865
5.08,-23.46,-11.73
5.085,-23.46,-17.595
5.09,-23.46,-23.46
5.095,-29.326,-23.46
5.1000000000000005,-29.326,-23.46
5.105,-29.326,-29.326
5.11,-29.326,-29.326
5.115,-29.326,-23.46
5.12,-29.326,-23.46
5.125,-29.326,-29.326
5.13,-29.326,-29.326
5.135,-35.191,-17.595
5.14,-35.191,-11.73
5.1450000000000005,-35.191,-11.73
5.15,-35.191,-11.73
5.155,-35.191,-17.595
5.16,-35.191,-17.595
5.165,-41.056,-17.595
5.17,-41.056,-17.595
5.175,-35.191,-17.595
5.18,-29.326,-23.46
5.1850000000000005,-23.46,-23.46
5.19,-17.595,-29.326
5.195,-11.73,-29.326
5.2,-11.73,-29.326
5.205,-5.865,-35.191
5.21,-0.0,-35.191
5.215,-0.0,-35.191
5.22,5.865,-41.056
5.2250000000000005,5.865,-46.921
5.23,11.73,-46.921
5.235,11.73,-52.786
5.24,11.73,-52.786
5.245,5.865,-58.651
5.25,-0.0,-58.651
5.255,-5.865,-58.651
5.26,-17.595,-58.651
5.265,-29.326,-58.651
5.2700000000000005,-41.056,-46.921
5.275,-52.786,-41.056
5.28,-64.516,-35.191
5.285,-70.381,-23.46
5.29,-76.246,-17.595
5.295,-82.111,-11.73
5.3,-82.111,-5.865
5.305,-82.111,0.0
5.3100000000000005,-82.111,0.0
5.315,-76.246,5.865
5.32,-76.246,11.73
5.325,-70.381,11.73
5.33,-76.246,17.595
5.335,-82.111,11.73
5.34,-87.977,5.865
5.345,-87.977,0.0
5.3500000000000005,-82.111,-11.73
5.355,-70.381,-17.595
5.36,-64.516,-35.191
5.365,-52.786,-46.921
5.37,-46.921,-58.651
5.375,-46.921,-70.381
5.38,-46.921,-82.111
5.385,-41.056,-82.111
5.39,-46.921,-87.977
5.3950000000000005,-52.786,-87.977
5.4,-64.516,-82.111
5.405,-76.246,-82.111
5.41,-82.111,-76.246
5.415,-93.842,-76.246
5.42,-105.572,-76.246
5.425,-111.437,-87.977
5.43,-123.167,-99.707
5.4350000000000005,-134.897,-117.302
5.44,-158.358,-117.302
5.445,-175.953,-105.572
5.45,-199.413,-93.842
5.455,-222.874,-87.977
5.46,-234.604,-82.111
5.465,-246.334,-76.246
5.47,-246.334,-76.246
5.4750000000000005,-246.334,-76.246
5.48,-240.469,-76.246
5.485,-234.604,-82.111
5.49,-228.739,-87.977
5.495,-222.874,-93.842
5.5,-211.144,-105.572
5.505,-193.548,-111.437
5.51,-193.548,-117.302
5.515,-187.683,-129.032
5.5200000000000005,-187.683,-134.897
5.525,-175.953,-146.628
5.53,-170.088,-164.223
5.535,-152.493,-187.683
5.54,-123.167,-211.144
5.545,-99.707,-228.739
5.55,-76.246,-240.469
5.555,-52.786,-246.334
5.5600000000000005,-23.46,-246.334
5.565,-5.865,-246.334
5.57,5.865,-240.469
5.575,5.865,-234.604
5.58,-0.0,-228.739
5.585,-5.865,-222.874
5.59,-17.595,-211.144
5.595,-23.46,-193.548
5.6000000000000005,-29.326,-181.818
5.605,-29.326,-175.953
5.61,-23.46,-175.953
5.615,-11.73,-175.953
5.62,-0.0,-164.223
5.625,11.73,-158.358
5.63,11.73,-146.628
5.635,11.73,-129.032
5.64,11.73,-111.437
5.6450000000000005,11.73,-93.842
5.65,17.595,-76.246
5.655,17.595,-52.786
5.66,17.595,-29.326
5.665,17.595,-23.46
5.67,17.595,-23.46
5.675,17.595,-29.326
5.68,17.595,-35.191
5.6850000000000005,23.46,-41.056
5.69,23.46,-41.056
5.695,29.326,-41.056
5.7,29.326,-35.191
5.705,35.191,-23.46
5.71,41.056,-11.73
5.715,46.921,-5.865
5.72,46.921,-5.865
5.7250000000000005,46.921,-5.865
5.73,46.921,-5.865
5.735,46.921,-5.865
5.74,46.921,-5.865
5.745,41.056,-5.865
5.75,29.326,-5.865
5.755,23.46,-5.865
5.76,17.595,0.0
5.765,11.73,0.0
5.7700000000000005,11.73,0.0
5.775,17.595,5.865
5.78,17.595,5.865
5.785,17.595,11.73
5.79,17.595,11.73
5.795,17.595,17.595
5.8,17.595,23.46
5.805,11.73,23.46
5.8100000000000005,17.595,29.326
5.815,17.595,29.326
5.82,17.595,35.191
5.825,17.595,29.326
5.83,17.595,29.326
5.835,17.595,23.46
5.84,11.73,17.595
5.845,5.865,5.865
5.8500000000000005,5.865,0.0
5.855,-0.0,-5.865
5.86,-0.0,-11.73
5.865,-0.0,-11.73
5.87,5.865,-11.73
5.875,5.865,-17.595
5.88,5.865,-17.595
5.885,5.865,-11.73
5.89,5.865,-5.865
5.8950000000000005,11.73,-5.865
5.9,23.46,0.0
5.905,29.326,0.0
5.91,41.056,5.865
5.915,46.921,5.865
5.92,58.651,5.865
5.925,64.516,0.0
5.93,76.246,0.0
5.9350000000000005,82.111,0.0
5.94,93.842,0.0
5.945,111.437,0.0
5.95,123.167,0.0
5.955,134.897,-5.865
5.96,140.762,0.0
5.965,146.628,5.865
5.97,152.493,5.865
5.9750000000000005,152.493,5.865
5.98,146.628,5.865
5.985,146.628,11.73
5.99,140.762,17.595
5.995,134.897,17.595
6.0,129.032,23.46
6.005,123.167,29.326
6.01,111.437,35.191
6.015000000000001,111.437,41.056
6.0200000000000005,105.572,46.921
6.025,99.707,46.921
6.03,99.707,52.786
6.035,105.572,64.516
6.04,117.302,76.246
6.045,129.032,87.977
6.05,140.762,99.707
6.055,152.493,111.437
6.0600000000000005,158.358,117.302
6.065,164.223,117.302
6.07,164.223,123.167
6.075,164.223,123.167
6.08,164.223,117.302
6.085,164.223,117.302
6.09,164.223,117.302
6.095,164.223,117.302
6.1000000000000005,158.358,111.437
6.105,152.493,105.572
6.11,146.628,99.707
6.115,134.897,99.707
6.12,129.032,93.842
6.125,129.032,93.842
6.13,129.032,93.842
6.135,129.032,99.707
6.140000000000001,123.167,111.437
6.1450000000000005,117.302,123.167
6.15,111.437,129.032
6.155,105.572,129.032
6.16,93.842,134.897
6.165,87.977,129.032
6.17,82.111,134.897
6.175,70.381,134.897
6.18,58.651,134.897
6.1850000000000005,52.786,134.897
6.19,41.056,129.032
6.195,35.191,123.167
6.2,29.326,111.437
6.205,23.46,105.572
6.21,17.595,93.842
6.215,11.73,87.977
6.22,5.865,87.977
6.2250000000000005,5.865,87.977
6.23,5.865,87.977
6.235,5.865,87.977
6.24,5.865,87.977
6.245,5.865,82.111
6.25,11.73,76.246
6.255,11.73,76.246
6.26,11.73,70.381
6.265000000000001,11.73,64.516
6.2700000000000005,11.73,58.651
6.275,5.865,52.786
6.28,5.865,46.921
6.285,-0.0,35.191
6.29,-0.0,29.326
6.295,-0.0,17.595
6.3,-0.0,11.73
6.305,-5.865,5.865
6.3100000000000005,-11.73,0.0
6.315,-17.595,-5.865
6.32,-17.595,-5.865
6.325,-23.46,-5.865
6.33,-29.326,-5.865
6.335,-23.46,-5.865
6.34,-23.46,-5.865
6.345,-23.46,-5.865
6.3500000000000005,-17.595,-5.865
6.355,-5.865,-5.865
6.36,11.73,-5.865
6.365,41.056,-11.73
6.37,58.651,-11.73
6.375,70.381,-11.73
6.38,82.111,-11.73
6.385,87.977,-11.73
6.390000000000001,82.111,-11.73
6.3950000000000005,82.111,-11.73
6.4,82.111,-11.73
6.405,76.246,-17.595
6.41,76.246,-23.46
6.415,70.381,-23.46
6.42,64.516,-29.326
6.425,52.786,-29.326
6.43,46.921,-29.326
6.4350000000000005,35.191,-23.46
6.44,11.73,-23.46
6.445,-0.0,-11.73
6.45,-17.595,-5.865
6.455,-29.326,5.865
6.46,-46.921,23.46
6.465,-52.786,41.056
6.47,-64.516,52.786
6.4750000000000005,-70.381,64.516
6.48,-76.246,70.381
6.485,-76.246,76.246
6.49,-64.516,76.246
6.495,-46.921,76.246
6.5,-29.326,76.246
6.505,-11.73,70.381
6.51,11.73,64.516
6.515000000000001,29.326,58.651
6.5200000000000005,35.191,46.921
6.525,35.191,35.191
6.53,35.191,17.595
6.535,29.326,5.865
6.54,23.46,-11.73
6.545,11.73,-17.595
6.55,-0.0,-17.595
6.555,-11.73,-11.73
6.5600000000000005,-23.46,-5.865
6.565,-29.326,0.0
6.57,-41.056,5.865
6.575,-41.056,11.73
6.58,-46.921,17.595
6.585,-46.921,17.595
6.59,-46.921,17.595
6.595,-46.921,23.46
6.6000000000000005,-41.056,23.46
6.605,-41.056,29.326
6.61,-46.921,35.191
6.615,-46.921,35.191
6.62,-46.921,35.191
6.625,-52.786,29.326
6.63,-46.921,23.46
6.635,-41.056,17.595
6.640000000000001,-41.056,5.865
6.6450000000000005,-41.056,-5.865
6.65,-41.056,-11.73
6.655,-46.921,-17.595
6.66,-46.921,-23.46
6.665,-58.651,-29.326
6.67,-64.516,-29.326
6.675,-70.381,-29.326
6.68,-76.246,-29.326
6.6850000000000005,-82.111,-29.326
6.69,-87.977,-23.46
6.695,-87.977,-17.595
6.7,-82.111,-11.73
6.705,-82.111,-5.865
6.71,-76.246,-5.865
6.715,-76.246,0.0
6.72,-64.516,0.0
6.7250000000000005,-52.786,0.0
6.73,-41.056,-5.865
6.735,-23.46,-5.865
6.74,-11.73,-11.73
6.745,-0.0,-23.46
6.75,-0.0,-35.191
6.755,5.865,-46.921
6.76,-0.0,-58.651
6.765000000000001,-0.0,-64.516
6.7700000000000005,-5.865,-70.381
6.775,-11.73,-76.246
6.78,-17.595,-76.246
6.785,-17.595,-82.111
6.79,-17.595,-76.246
6.795,-23.46,-70.381
6.8,-23.46,-64.516
6.805,-29.326,-52.786
6.8100000000000005,-35.191,-41.056
6.815,-41.056,-29.326
6.82,-41.056,-23.46
6.825,-41.056,-17.595
6.83,-35.191,-11.73
6.835,-29.326,0.0
6.84,-23.46,0.0
6.845,-23.46,5.865
6.8500000000000005,-29.326,5.865
6.855,-35.191,5.865
6.86,-35.191,0.0
6.865,-41.056,0.0
6.87,-41.056,-5.865
6.875,-46.921,-5.865
6.88,-58.651,-11.73
6.885,-58.651,-11.73
6.890000000000001,-64.516,-11.73
6.8950000000000005,-64.516,-11.73
6.9,-64.516,-11.73
6.905,-64.516,-5.865
6.91,-58.651,-5.865
6.915,-58.651,-5.865
6.92,-52.786,-5.865
6.925,-46.921,-5.865
6.93,-46.921,-5.865
6.9350000000000005,-41.056,-11.73
6.94,-35.191,-11.73
6.945,-35.191,-11.73
6.95,-29.326,-11.73
6.955,-17.595,-17.595
6.96,-11.73,-17.595
6.965,-5.865,-17.595
6.97,-0.0,-17.595
6.9750000000000005,5.865,-17.595
6.98,11.73,-17.595
6.985,11.73,-17.595
6.99,17.595,-11.73
6.995,23.46,-11.73
7.0,23.46,-17.595
7.005,29.326,-17.595
7.01,29.326,-17.595
7.015000000000001,29.326,-17.595
7.0200000000000005,29.326,-17.595
7.025,23.46,-17.595
7.03,11.73,-17.595
7.035,5.865,-17.595
7.04,-0.0,-11.73
7.045,-5.865,-11.73
7.05,-11.73,-5.865
7.055,-17.595,0.0
7.0600000000000005,-23.46,5.865
7.065,-23.46,11.73
7.07,-29.326,11.73
7.075,-29.326,17.595
7.08,-29.326,17.595
7.085,-23.46,23.46
7.09,-17.595,23.46
7.095,-5.865,29.326
7.1000000000000005,-0.0,29.326
7.105,5.865,29.326
7.11,11.73,29.326
7.115,17.595,29.326
7.12,23.46,17.595
7.125,17.595,17.595
7.13,17.595,5.865
7.135,11.73,0.0
7.140000000000001,5.865,-5.865
7.1450000000000005,-0.0,-11.73
7.15,-0.0,-17.595
7.155,-5.865,-17.595
7.16,-11.73,-17.595
7.165,-17.595,-23.46
7.17,-17.595,-17.595
7.175,-17.595,-17.595
7.18,-11.73,-11.73
7.1850000000000005,-5.865,0.0
7.19,5.865,5.865
7.195,11.73,17.595
7.2,23.46,23.46
7.205,29.326,29.326
7.21,35.191,29.326
7.215,41.056,29.326
7.22,46.921,29.326
7.2250000000000005,58.651,35.191
7.23,70.381,35.191
7.235,82.111,35.191
7.24,87.977,35.191
7.245,93.842,35.191
7.25,99.707,29.326
7.255,93.842,29.326
7.26,82.111,23.46
7.265000000000001,64.516,17.595
7.2700000000000005,46.921,11.73
7.275,29.326,5.865
7.28,17.595,5.865
7.285,11.73,11.73
7.29,11.73,23.46
7.295,11.73,29.326
7.3,11.73,41.056
7.305,5.865,46.921
7.3100000000000005,5.865,52.786
7.315,5.865,58.651
7.32,5.865,64.516
7.325,5.865,64.516
7.33,5.865,64.516
7.335,5.865,64.516
7.34,11.73,58.651
7.345,17.595,52.786
7.3500000000000005,23.46,52.786
7.355,23.46,41.056
7.36,23.46,29.326
7.365,17.595,23.46
7.37,11.73,11.73
7.375,5.865,0.0
7.38,-0.0,0.0
7.385,-5.865,0.0
7.390000000000001,-11.73,0.0
7.3950000000000005,-17.595,0.0
7.4,-23.46,0.0
7.405,-29.326,5.865
7.41,-29.326,5.865
7.415,-29.326,5.865
7.42,-23.46,5.865
7.425,-17.595,5.865
7.43,-17.595,5.865
7.4350000000000005,-17.595,5.865
7.44,-17.595,5.865
7.445,-17.595,0.0
7.45,-17.595,0.0
7.455,-23.46,-5.865
7.46,-23.46,-11.73
7.465,-23.46,-17.595
7.47,-23.46,-17.595
7.4750000000000005,-23.46,-17.595
7.48,-17.595,-23.46
7.485,-17.595,-23.46
7.49,-17.595,-23.46
7.495,-11.73,-23.46
7.5,-5.865,-29.326
7.505,-5.865,-29.326
7.51,-5.865,-29.326
7.515000000000001,-5.865,-29.326
7.5200000000000005,-5.865,-29.326
7.525,-5.865,-29.326
7.53,-5.865,-29.326
7.535,-5.865,-29.326
7.54,-0.0,-29.326
7.545,17.595,-35.191
7.55,35.191,-35.191
7.555,52.786,-35.191
7.5600000000000005,64.516,-35.191
7.565,70.381,-35.191
7.57,76.246,-29.326
7.575,82.111,-29.326
7.58,82.111,-17.595
7.585,87.977,-11.73
7.59,99.707,-5.865
7.595,99.707,5.865
7.6000000000000005,99.707,11.73
7.605,99.707,17.595
7.61,87.977,17.595
7.615,64.516,23.46
7.62,35.191,23.46
7.625,11.73,29.326
7.63,-5.865,29.326
7.635,-23.46,29.326
7.640000000000001,-35.191,23.46
7.6450000000000005,-41.056,29.326
7.65,-46.921,35.191
7.655,-52.786,35.191
7.66,-58.651,41.056
7.665,-64.516,41.056
7.67,-52.786,35.191
7.675,-52.786,35.191
7.68,-52.786,35.191
7.6850000000000005,-64.516,35.191
7.69,-70.381,41.056
7.695,-76.246,41.056
7.7,-76.246,46.921
7.705,-87.977,46.921
7.71,-87.977,46.921
7.715,-87.977,41.056
7.72,-70.381,29.326
7.7250000000000005,-58.651,35.191
7.73,-41.056,41.056
7.735,-29.326,41.056
7.74,-17.595,35.191
7.745,-11.73,23.46
7.75,-5.865,17.595
7.755,-5.865,23.46
7.76,-0.0,23.46
7.765000000000001,-5.865,23.46
7.7700000000000005,-5.865,23.46
7.775,-11.73,29.326
7.78,-17.595,35.191
7.785,-11.73,35.191
7.79,-5.865,41.056
7.795,-0.0,41.056
7.8,-0.0,46.921
7.805000000000001,5.865,46.921
7.8100000000000005,5.865,46.921
7.815,11.73,46.921
7.82,17.595,41.056
7.825,23.46,41.056
7.83,23.46,41.056
7.835,29.326,41.056
7.84,29.326,41.056
7.845,29.326,41.056
7.8500000000000005,35.191,41.056
7.855,35.191,41.056
7.86,41.056,41.056
7.865,46.921,35.191
7.87,46.921,29.326
7.875,52.786,29.326
7.88,58.651,29.326
7.885,64.516,23.46
7.890000000000001,64.516,23.46
7.8950000000000005,64.516,17.595
7.9,64.516,17.595
7.905,58.651,17.595
7.91,52.786,11.73
7.915,41.056,17.595
7.92,29.326,17.595
7.925,23.46,23.46
7.930000000000001,5.865,29.326
7.9350000000000005,-5.865,35.191
7.94,-17.595,41.056
7.945,-23.46,52.786
7.95,-29.326,64.516
7.955,-29.326,70.381
7.96,-23.46,82.111
7.965,-23.46,87.977
7.97,-17.595,93.842
7.9750000000000005,-11.73,99.707
7.98,-11.73,105.572
7.985,-5.865,105.572
7.99,-5.865,105.572
7.995,-5.865,99.707
8.0,-5.865,99.707
8.005,-0.0,93.842
8.01,-0.0,87.977
8.015,5.865,82.111
8.02,11.73,76.246
8.025,5.865,76.246
8.03,5.865,70.381
8.035,-0.0,70.381
8.040000000000001,-5.865,70.381
8.045,-5.865,76.246
8.05,-5.865,76.246
8.055,-5.865,82.111
8.06,-5.865,87.977
8.065,5.865,93.842
8.07,17.595,99.707
8.075,17.595,99.707
8.08,11.73,105.572
8.085,5.865,105.572
8.09,11.73,105.572
8.095,23.46,105.572
8.1,35.191,105.572
8.105,46.921,105.572
8.11,52.786,99.707
8.115,58.651,93.842
8.120000000000001,52.786,87.977
8.125,46.921,82.111
8.13,41.056,70.381
8.135,29.326,52.786
8.14,11.73,35.191
8.145,-0.0,23.46
8.15,-17.595,11.73
8.155,-35.191,0.0
8.16,-52.786,-11.73
8.165000000000001,-58.651,-11.73
8.17,-58.651,-23.46
8.175,-58.651,-29.326
8.18,-52.786,-35.191
8.185,-52.786,-29.326
8.19,-46.921,-17.595
8.195,-41.056,-5.865
8.2,-29.326,11.73
8.205,-17.595,23.46
8.21,-0.0,35.191
8.215,11.73,41.056
8.22,5.865,41.056
8.225,-0.0,41.056
8.23,-11.73,35.191
8.235,-23.46,23.46
8.24,-41.056,0.0
8.245000000000001,-58.651,-23.46
8.25,-70.381,-46.921
8.255,-70.381,-76.246
8.26,-70.381,-99.707
8.265,-70.381,-117.302
8.27,-70.381,-134.897
8.275,-70.381,-152.493
8.28,-64.516,-164.223
8.285,-58.651,-170.088
8.290000000000001,-58.651,-170.088
8.295,-58.651,-164.223
8.3,-58.651,-158.358
8.305,-64.516,-146.628
8.31,-82.111,-140.762
8.315,-93.842,-129.032
8.32,-111.437,-111.437
8.325,-129.032,-93.842
8.33,-140.762,-82.111
8.335,-146.628,-70.381
8.34,-158.358,-58.651
8.345,-158.358,-52.786
8.35,-158.358,-46.921
8.355,-158.358,-52.786
8.36,-158.358,-58.651
8.365,-152.493,-70.381
8.370000000000001,-146.628,-82.111
8.375,-146.628,-87.977
8.38,-140.762,-99.707
8.385,-140.762,-111.437
8.39,-152.493,-117.302
8.395,-146.628,-123.167
8.4,-146.628,-117.302
8.405,-140.762,-117.302
8.41,-123.167,-117.302
8.415000000000001,-111.437,-123.167
8.42,-93.842,-129.032
8.425,-82.111,-134.897
8.43,-76.246,-134.897
8.435,-70.381,-140.762
8.44,-58.651,-140.762
8.445,-52.786,-134.897
8.45,-41.056,-129.032
8.455,-23.46,-123.167
8.46,-11.73,-117.302
8.465,-0.0,-111.437
8.47,5.865,-105.572
8.475,-0.0,-117.302
8.48,-0.0,-117.302
8.485,-11.73,-93.842
8.49,-11.73,-64.516
8.495000000000001,-17.595,-41.056
8.5,-11.73,-29.326
8.505,-11.73,-17.595
8.51,-5.865,-17.595
8.515,-0.0,-17.595
8.52,-0.0,-17.595
8.525,5.865,-17.595
8.53,11.73,-29.326
8.535,23.46,-35.191
8.540000000000001,23.46,-52.786
8.545,29.326,-64.516
8.55,29.326,-76.246
8.555,23.46,-93.842
8.56,11.73,-99.707
8.565,-0.0,-105.572
8.57,-5.865,-105.572
8.575000000000001,-17.595,-99.707
8.58,-23.46,-93.842
8.585,-29.326,-87.977
8.59,-35.191,-76.246
8.595,-41.056,-70.381
8.6,-41.056,-58.651
8.605,-46.921,-46.921
8.61,-46.921,-35.191
8.615,-41.056,-23.46
8.620000000000001,-29.326,-11.73
8.625,-17.595,-5.865
8.63,-5.865,0.0
8.635,5.865,5.865
8.64,23.46,5.865
8.645,29.326,5.865
8.65,41.056,0.0
8.655,46.921,-11.73
8.66,41.056,-17.595
8.665000000000001,35.191,-35.191
8.67,29.326,-41.056
8.675,11.73,-52.786
8.68,5.865,-58.651
8.685,-0.0,-64.516
8.69,-5.865,-64.516
8.695,-5.865,-64.516
8.700000000000001,-5.865,-64.516
8.705,-5.865,-64.516
8.71,-5.865,-58.651
8.715,-11.73,-58.651
8.72,-11.73,-58.651
8.725,-11.73,-64.516
8.73,-17.595,-64.516
8.735,-23.46,-70.381
8.74,-23.46,-70.381
8.745000000000001,-29.326,-70.381
8.75,-35.191,-70.381
8.755,-35.191,-58.651
8.76,-35.191,-52.786
8.765,-29.326,-41.056
8.77,-23.46,-35.191
8.775,-5.865,-35.191
8.78,17.595,-29.326
8.785,35.191,-29.326
8.790000000000001,52.786,-29.326
8.795,70.381,-29.326
8.8,76.246,-23.46
8.805,82.111,-23.46
8.81,93.842,-17.595
8.815,93.842,-11.73
8.82,99.707,-5.865
8.825000000000001,99.707,0.0
8.83,105.572,0.0
8.835,105.572,-5.865
8.84,111.437,-5.865
8.845,111.437,-5.865
8.85,111.437,-5.865
8.855,105.572,0.0
8.86,93.842,0.0
8.865,87.977,5.865
8.870000000000001,76.246,11.73
8.875,70.381,17.595
8.88,64.516,23.46
8.885,58.651,29.326
8.89,58.651,41.056
8.895,52.786,52.786
8.9,46.921,64.516
8.905,41.056,70.381
8.91,41.056,64.516
8.915000000000001,41.056,64.516
8.92,41.056,58.651
8.925,41.056,46.921
8.93,46.921,35.191
8.935,52.786,29.326
8.94,58.651,11.73
8.945,64.516,5.865
8.950000000000001,70.381,-5.865
8.955,70.381,-11.73
8.96,76.246,-23.46
8.965,76.246,-35.191
8.97,70.381,-41.056
8.975,70.381,-46.921
8.98,70.381,-46.921
8.985,64.516,-46.921
8.99,64.516,-46.921
8.995000000000001,58.651,-41.056
9.0,52.786,-35.191
9.005,46.921,-23.46
9.01,41.056,-5.865
9.015,29.326,0.0
9.02,29.326,11.73
9.025,23.46,23.46
9.03,23.46,23.46
9.035,23.46,23.46
9.040000000000001,17.595,23.46
9.045,-41.056,17.595
9.05,-123.167,17.595
9.055,-205.279,17.595
9.06,-246.334,11.73
9.065,-252.199,11.73
9.07,-240.469,11.73
9.075000000000001,-234.604,11.73
9.08,-234.604,11.73
9.085,-234.604,11.73
9.09,-240.469,5.865
9.095,-222.874,11.73
9.1,-193.548,11.73
9.105,-123.167,11.73
9.11,-46.921,17.595
9.115,-0.0,17.595
9.120000000000001,17.595,23.46
9.125,23.46,29.326
9.13,35.191,29.326
9.135,29.326,29.326
9.14,17.595,29.326
9.145,11.73,29.326
9.15,23.46,35.191
9.155,29.326,35.191
9.16,35.191,35.191
9.165000000000001,41.056,35.191
9.17,46.921,35.191
9.175,76.246,29.326
9.18,123.167,17.595
9.185,158.358,17.595
9.19,181.818,29.326
9.195,211.144,11.73
9.200000000000001,246.334,-17.595
9.205,269.795,-41.056
9.21,275.66,-46.921
9.215,269.795,-41.056
9.22,240.469,-17.595
9.225,187.683,5.865
9.23,117.302,23.46
9.235,35.191,29.326
9.24,-41.056,17.595
9.245000000000001,-82.111,5.865
9.25,-105.572,-11.73
9.255,-111.437,-17.595
9.26,-105.572,-17.595
9.265,-105.572,-11.73
9.27,-105.572,-5.865
9.275,-123.167,-5.865
9.28,-140.762,0.0
9.285,-140.762,5.865
9.290000000000001,-123.167,11.73
9.295,-111.437,17.595
9.3,-93.842,29.326
9.305,-76.246,35.191
9.31,-58.651,29.326
9.315,-41.056,29.326
9.32,-29.326,17.595
9.325000000000001,-17.595,0.0
9.33,-5.865,-17.595
9.335,5.865,-23.46
9.34,-0.0,-23.46
9.345,-11.73,-23.46
9.35,-23.46,-17.595
9.355,-41.056,-11.73
9.36,-58.651,0.0
9.365,-76.246,0.0
9.370000000000001,-105.572,0.0
9.375,-140.762,0.0
9.38,-164.223,17.595
9.385,-175.953,35.191
9.39,-175.953,41.056
9.395,-152.493,46.921
9.4,-99.707,46.921
9.405,-29.326,46.921
9.41,29.326,46.921
9.415000000000001,64.516,41.056
9.42,87.977,35.191
9.425,87.977,29.326
9.43,82.111,23.46
9.435,70.381,23.46
9.44,52.786,23.46
9.445,35.191,23.46
9.450000000000001,23.46,11.73
9.455,17.595,0.0
9.46,29.326,-29.326
9.465,41.056,-58.651
9.47,58.651,-93.842
9.475,76.246,-123.167
9.48,82.111,-146.628
9.485,76.246,-170.088
9.49,70.381,-187.683
9.495000000000001,64.516,-205.279
9.5,58.651,-211.144
9.505,46.921,-222.874
9.51,46.921,-234.604
9.515,41.056,-240.469
9.52,35.191,-252.199
9.525,35.191,-263.93
9.53,29.326,-269.795
9.535,23.46,-263.93
9.540000000000001,23.46,-275.66
9.545,23.46,-275.66
9.55,23.46,-275.66
9.555,29.326,-275.66
9.56,29.326,-281.525
9.565,23.46,-304.985
9.57,17.595,-322.581
9.575000000000001,17.595,-334.311
9.58,11.73,-340.176
9.585,11.73,-334.311
9.59,5.865,-310.85
9.595,5.865,-275.66
9.6,5.865,-240.469
9.605,11.73,-211.144
9.61,17.595,-199.413
9.615,23.46,-199.413
9.620000000000001,17.595,-205.279
9.625,11.73,-205.279
9.63,5.865,-193.548
9.635,-5.865,-175.953
9.64,-29.326,-164.223
9.645,-58.651,-158.358
9.65,-82.111,-152.493
9.655,-99.707,-140.762
9.66,-111.437,-123.167
9.665000000000001,-123.167,-111.437
9.67,-134.897,-99.707
9.675,-146.628,-93.842
9.68,-152.493,-82.111
9.685,-158.358,-76.246
9.69,-170.088,-70.381
9.695,-170.088,-70.381
9.700000000000001,-152.493,-70.381
9.705,-134.897,-64.516
9.71,-123.167,-46.921
9.715,-111.437,-29.326
9.72,-99.707,-11.73
9.725,-93.842,5.865
9.73,-93.842,29.326
9.735,-99.707,52.786
9.74,-105.572,70.381
9.745000000000001,-117.302,87.977
9.75,-123.167,99.707
9.755,-123.167,111.437
9.76,-123.167,117.302
9.765,-117.302,111.437
9.77,-117.302,99.707
9.775,-105.572,87.977
9.78,-93.842,76.246
9.785,-70.381,70.381
9.790000000000001,-35.191,52.786
9.795,-11.73,46.921
9.8,-5.865,46.921
9.805,-0.0,52.786
9.81,-0.0,52.786
9.815,-5.865,52.786
9.82,-17.595,52.786
9.825000000000001,-23.46,52.786
9.83,-35.191,64.516
9.835,-46.921,70.381
9.84,-58.651,76.246
9.845,-64.516,82.111
9.85,-64.516,82.111
9.855,-46.921,76.246
9.86,-17.595,70.381
9.865,23.46,58.651
9.870000000000001,70.381,46.921
9.875,105.572,41.056
9.88,129.032,41.056
9.885,129.032,41.056
9.89,134.897,46.921
9.895,146.628,46.921
9.9,175.953,58.651
9.905,211.144,58.651
9.91,246.334,52.786
9.915000000000001,263.93,52.786
9.92,234.604,41.056
9.925,158.358,29.326
9.93,82.111,11.73
9.935,35.191,5.865
9.94,17.595,-5.865
9.945,-0.0,-17.595
9.950000000000001,-5.865,-23.46
9.955,-17.595,-35.191
9.96,-11.73,-46.921
9.965,-5.865,-46.921
9.97,5.865,-29.326
9.975,17.595,-17.595
9.98,23.46,-5.865
9.985,11.73,5.865
9.99,5.865,17.595
9.995000000000001,-11.73,29.326
10.0,-23.46,41.056
10.005,-35.191,46.921
10.01,-17.595,46.921
10.015,82.111,46.921
10.02,152.493,46.921
10.025,64.516,52.786
10.03,-5.865,52.786
10.035,-41.056,46.921
10.040000000000001,-64.516,35.191
10.045,-70.381,29.326
10.05,-64.516,29.326
10.055,-64.516,35.191
10.06,-64.516,35.191
10.065,-58.651,35.191
10.07,-58.651,41.056
10.075000000000001,-58.651,46.921
10.08,-52.786,52.786
10.085,-58.651,58.651
10.09,-70.381,58.651
10.095,-70.381,58.651
10.1,-76.246,52.786
10.105,-70.381,52.786
10.11,-70.381,64.516
10.115,-70.381,105.572
10.120000000000001,-58.651,111.437
10.125,-52.786,93.842
10.13,-46.921,70.381
10.135,-41.056,58.651
10.14,-35.191,46.921
10.145,-23.46,41.056
10.15,-11.73,41.056
10.155,-5.865,35.191
10.16,-5.865,29.326
10.165000000000001,-0.0,17.595
10.17,-0.0,5.865
10.175,-0.0,-5.865
10.18,-0.0,-11.73
10.185,-0.0,-17.595
10.19,-5.865,-23.46
10.195,-5.865,-29.326
10.200000000000001,-5.865,-41.056
10.205,-11.73,-46.921
10.21,-11.73,-64.516
10.215,-11.73,-76.246
10.22,-11.73,-87.977
10.225,-11.73,-105.572
10.23,-5.865,-117.302
10.235,-5.865,-129.032
10.24,-0.0,-134.897
10.245000000000001,11.73,-140.762
10.25,29.326,-146.628
10.255,41.056,-152.493
10.26,52.786,-158.358
10.265,58.651,-146.628
10.27,58.651,-134.897
10.275,52.786,-123.167
10.28,46.921,-117.302
10.285,29.326,-111.437
10.290000000000001,17.595,-105.572
10.295,5.865,-99.707
10.3,-5.865,-93.842
10.305,-5.865,-87.977
10.31,-11.73,-82.111
10.315,-5.865,-76.246
10.32,-0.0,-70.381
10.325000000000001,5.865,-58.651
10.33,11.73,-58.651
10.335,17.595,-52.786
10.34,11.73,-46.921
10.345,11.73,-52.786
10.35,17.595,-58.651
10.355,17.595,-82.111
10.36,23.46,-105.572
10.365,23.46,-99.707
10.370000000000001,23.46,-87.977
10.375,23.46,-64.516
10.38,29.326,-41.056
10.385,35.191,-29.326
10.39,35.191,-23.46
10.395,35.191,-23.46
10.4,29.326,-17.595
10.405,23.46,-11.73
10.41,29.326,0.0
10.415000000000001,29.326,0.0
10.42,29.326,0.0
10.425,29.326,5.865
10.43,23.46,23.46
10.435,23.46,35.191
10.44,23.46,29.326
10.445,23.46,17.595
10.450000000000001,29.326,5.865
10.455,29.326,5.865
10.46,35.191,11.73
10.465,35.191,5.865
10.47,35.191,11.73
10.475,35.191,17.595
10.48,41.056,5.865
10.485,41.056,0.0
10.49,52.786,-17.595
10.495000000000001,52.786,-5.865
10.5,52.786,0.0
10.505,41.056,-17.595
10.51,29.326,-46.921
10.515,17.595,-64.516
10.52,-0.0,-87.977
10.525,-17.595,-105.572
10.53,-29.326,-111.437
10.535,-41.056,-99.707
10.540000000000001,-58.651,-64.516
10.545,-70.381,-46.921
10.55,-82.111,-41.056
10.555,-93.842,-23.46
10.56,-93.842,-17.595
10.565,-87.977,-11.73
10.57,-87.977,-11.73
10.575000000000001,-87.977,-5.865
10.58,-76.246,-5.865
10.585,-52.786,0.0
10.59,-11.73,0.0
10.595,35.191,0.0
10.6,82.111,0.0
10.605,117.302,0.0
10.61,134.897,0.0
10.615,146.628,0.0
10.620000000000001,140.762,0.0
10.625,129.032,0.0
10.63,117.302,0.0
10.635,93.842,0.0
10.64,70.381,0.0
10.645,41.056,0.0
10.65,17.595,0.0
10.655,-0.0,0.0
10.66,-17.595,0.0
10.665000000000001,-35.191,0.0
10.67,-46.921,0.0
10.675,-46.921,0.0
10.68,-52.786,0.0
10.685,-58.651,0.0
10.69,-64.516,0.0
10.695,-64.516,0.0
10.700000000000001,-58.651,0.0
10.705,-41.056,0.0
10.71,-29.326,0.0
10.715,-11.73,0.0
10.72,-5.865,0.0
10.725,11.73,0.0
10.73,23.46,0.0
10.735,35.191,0.0
10.74,52.786,0.0
10.745000000000001,64.516,0.0
10.75,70.381,0.0
10.755,64.516,0.0
10.76,41.056,0.0
10.765,5.865,0.0
10.77,-29.326,0.0
10.775,-35.191,0.0
10.78,-11.73,0.0
10.785,29.326,0.0
10.790000000000001,82.111,0.0
10.795,134.897,0.0
10.8,164.223,0.0
10.805,175.953,0.0
10.81,170.088,0.0
10.815,146.628,0.0
10.82,123.167,0.0
10.825000000000001,99.707,0.0
10.83,87.977,0.0
10.835,76.246,0.0
10.84,70.381,0.0
10.845,64.516,0.0
10.85,64.516,0.0
10.855,70.381,0.0
10.86,76.246,0.0
10.865,82.111,0.0
10.870000000000001,87.977,0.0
10.875,93.842,0.0
10.88,93.842,0.0
10.885,99.707,0.0
10.89,111.437,0.0
10.895,111.437,0.0
10.9,111.437,0.0
10.905,111.437,0.0
10.91,111.437,0.0
10.915000000000001,146.628,0.0
10.92,222.874,0.0
10.925,222.874,0.0
10.93,175.953,0.0
10.935,134.897,0.0
10.94,99.707,0.0
10.945,76.246,0.0
10.950000000000001,58.651,0.0
10.955,29.326,0.0
10.96,-5.865,0.0
10.965,-41.056,0.0
10.97,-76.246,0.0
10.975,-87.977,0.0
10.98,-76.246,0.0
10.985,-64.516,0.0
10.99,-64.516,0.0
10.995000000000001,-70.381,0.0
11.0,-76.246,0.0
11.005,-64.516,0.0
11.01,-52.786,0.0
11.015,-41.056,0.0
11.02,-29.326,0.0
11.025,-17.595,0.0
11.03,-23.46,0.0
11.035,-23.46,0.0
11.040000000000001,-35.191,0.0
11.045,-52.786,0.0
11.05,-64.516,0.0
11.055,-76.246,0.0
11.06,-87.977,0.0
11.065,-82.111,0.0
11.07,-76.246,0.0
11.075000000000001,-82.111,0.0
11.08,-105.572,0.0
11.085,-117.302,0.0
11.09,-117.302,0.0
11.095,-111.437,0.0
11.1,-105.572,0.0
11.105,-87.977,0.0
11.11,-58.651,0.0
11.115,-35.191,0.0
11.120000000000001,-35.191,0.0
11.125,-41.056,0.0
11.13,-46.921,0.0
11.135,-46.921,0.0
11.14,-41.056,0.0
11.145,-35.191,0.0
11.15,-29.326,0.0
11.155,-35.191,0.0
11.16,-35.191,0.0
11.165000000000001,-35.191,0.0
11.17,-41.056,0.0
11.175,-52.786,0.0
11.18,-58.651,0.0
11.185,-64.516,0.0
11.19,-58.651,0.0
11.195,-52.786,0.0
11.200000000000001,-46.921,0.0
11.205,-41.056,0.0
11.21,-41.056,0.0
11.215,-35.191,0.0
11.22,-35.191,0.0
11.225,-29.326,0.0
11.23,-23.46,0.0
11.235,-17.595,0.0
11.24,-5.865,0.0
11.245000000000001,-0.0,0.0
11.25,5.865,0.0
11.255,-0.0,0.0
11.26,-5.865,0.0
11.265,-17.595,0.0
11.27,-29.326,0.0
11.275,-35.191,0.0
11.28,-35.191,0.0
11.285,-23.46,0.0
11.290000000000001,-17.595,0.0
11.295,-17.595,0.0
11.3,-23.46,0.0
11.305,-35.191,0.0
11.31,-41.056,0.0
11.315,-41.056,0.0
11.32,-29.326,0.0
11.325000000000001,-23.46,0.0
11.33,-11.73,0.0
11.335,5.865,0.0
11.34,23.46,0.0
11.345,35.191,0.0
11.35,41.056,0.0
11.355,46.921,0.0
11.36,46.921,0.0
11.365,46.921,0.0
11.370000000000001,46.921,0.0
11.375,41.056,0.0
11.38,29.326,0.0
11.385,11.73,0.0
11.39,-23.46,0.0
11.395,-64.516,0.0
11.4,-87.977,0.0
11.405,-70.381,0.0
11.41,-46.921,0.0
11.415000000000001,-23.46,0.0
11.42,-11.73,0.0
11.425,-17.595,0.0
11.43,-29.326,0.0
11.435,-52.786,0.0
11.44,-64.516,0.0
11.445,-76.246,0.0
11.450000000000001,-134.897,0.0
11.455,-252.199,0.0
11.46,-340.176,0.0
11.465,-404.692,0.0
11.47,-451.613,0.0
11.475,-486.803,0.0
11.48,-498.534,0.0
11.485,-498.534,0.0
11.49,-475.073,0.0
11.495000000000001,-451.613,0.0
11.5,-428.152,0.0
11.505,-404.692,0.0
11.51,-375.366,0.0
11.515,-340.176,0.0
11.52,-304.985,0.0
11.525,-275.66,0.0
11.53,-252.199,0.0
11.535,-217.009,0.0
11.540000000000001,-181.818,0.0
11.545,-140.762,0.0
11.55,-105.572,0.0
11.555,-76.246,0.0
11.56,-76.246,0.0
11.565,-82.111,0.0
11.57,-82.111,0.0
11.575000000000001,-76.246,0.0
11.58,-70.381,0.0
11.585,-70.381,0.0
11.59,-58.651,0.0
11.595,-52.786,0.0
11.6,-35.191,0.0
11.605,-11.73,0.0
11.61,11.73,0.0
11.615,23.46,0.0
11.620000000000001,17.595,0.0
11.625,11.73,0.0
11.63,11.73,0.0
11.635,17.595,0.0
11.64,29.326,0.0
11.645,46.921,0.0
11.65,46.921,0.0
11.655,52.786,0.0
11.66,70.381,0.0
11.665000000000001,82.111,0.0
11.67,76.246,0.0
11.675,64.516,0.0
11.68,52.786,0.0
11.685,41.056,0.0
11.69,29.326,0.0
11.695,17.595,0.0
11.700000000000001,-5.865,0.0
11.705,-29.326,0.0
11.71,-52.786,0.0
11.715,-64.516,0.0
11.72,-82.111,0.0
11.725,-105.572,0.0
11.73,-129.032,0.0
11.735,-146.628,0.0
11.74,-164.223,0.0
11.745000000000001,-170.088,0.0
11.75,-152.493,0.0
11.755,-134.897,0.0
11.76,-93.842,0.0
11.765,-52.786,0.0
11.77,-17.595,0.0
11.775,29.326,0.0
11.78,82.111,0.0
11.785,129.032,0.0
11.790000000000001,134.897,0.0
11.795,111.437,0.0
11.8,76.246,0.0
11.805,35.191,0.0
11.81,-0.0,0.0
11.815,-23.46,0.0
11.82,-35.191,0.0
11.825000000000001,-41.056,0.0
11.83,-35.191,0.0
11.835,-23.46,0.0
11.84,-5.865,0.0
11.845,5.865,0.0
11.85,17.595,5.865
11.855,23.46,0.0
11.86,17.595,0.0
11.865,5.865,0.0
11.870000000000001,-0.0,0.0
11.875,-0.0,0.0
11.88,-0.0,0.0
11.885,-5.865,0.0
11.89,-11.73,0.0
11.895,-11.73,0.0
11.9,-11.73,0.0
11.905,-5.865,0.0
11.91,-5.865,0.0
11.915000000000001,-0.0,0.0
11.92,23.46,0.0
11.925,23.46,0.0
11.93,11.73,0.0
11.935,-5.865,0.0
11.94,-23.46,0.0
11.945,-29.326,0.0
11.950000000000001,-29.326,0.0
11.955,-29.326,0.0
11.96,-35.191,0.0
11.965,-35.191,0.0
11.97,-41.056,0.0
11.975,-41.056,0.0
11.98,-52.786,0.0
11.985,-64.516,0.0
11.99,-64.516,0.0
11.995000000000001,-58.651,0.0
12.0,-58.651,0.0
12.005,-64.516,0.0
12.01,-70.381,0.0
12.015,-64.516,0.0
12.02,-70.381,0.0
12.025,-76.246,0.0
12.030000000000001,-87.977,0.0
12.035,-87.977,0.0
12.040000000000001,-87.977,0.0
12.045,-76.246,0.0
12.05,-64.516,0.0
12.055,-46.921,0.0
12.06,-29.326,0.0
12.065,-0.0,0.0
12.07,46.921,0.0
12.075000000000001,93.842,0.0
12.08,140.762,0.0
12.085,181.818,0.0
12.09,222.874,0.0
12.095,269.795,0.0
12.1,299.12,0.0
12.105,316.715,0.0
12.11,293.255,0.0
12.115,246.334,0.0
12.120000000000001,187.683,0.0
12.125,140.762,0.0
12.13,93.842,0.0
12.135,58.651,0.0
12.14,35.191,0.0
12.145,17.595,0.0
12.15,17.595,0.0
12.155000000000001,-0.0,0.0
12.16,-0.0,0.0
12.165000000000001,-17.595,0.0
12.17,-87.977,0.0
12.175,-170.088,0.0
12.18,-187.683,0.0
12.185,-164.223,0.0
12.19,-152.493,0.0
12.195,-152.493,0.0
12.200000000000001,-170.088,0.0
12.205,-181.818,0.0
12.21,-170.088,0.0
12.215,-123.167,0.0
12.22,-35.191,0.0
12.225,52.786,0.0
12.23,64.516,0.0
12.235,70.381,0.0
12.24,105.572,0.0
12.245000000000001,134.897,0.0
12.25,117.302,0.0
12.255,99.707,0.0
12.26,93.842,0.0
12.265,70.381,0.0
12.27,41.056,0.0
12.275,5.865,0.0
12.280000000000001,-17.595,0.0
12.285,-23.46,0.0
12.290000000000001,-5.865,0.0
12.295,23.46,0.0
12.3,52.786,0.0
12.305,64.516,0.0
12.31,70.381,0.0
12.315,58.651,0.0
12.32,52.786,0.0
12.325000000000001,41.056,0.0
12.33,35.191,0.0
12.335,29.326,0.0
12.34,17.595,0.0
12.345,-0.0,0.0
12.35,-5.865,0.0
12.355,-5.865,0.0
12.36,-0.0,0.0
12.365,11.73,0.0
12.370000000000001,11.73,0.0
12.375,11.73,0.0
12.38,11.73,0.0
12.385,-0.0,0.0
12.39,-5.865,0.0
12.395,-5.865,0.0
12.4,-0.0,0.0
12.405000000000001,-0.0,0.0
12.41,-0.0,0.0
12.415000000000001,5.865,0.0
12.42,5.865,0.0
12.425,5.865,0.0
12.43,5.865,0.0
12.435,-0.0,0.0
12.44,-11.73,0.0
12.445,-29.326,0.0
12.450000000000001,-52.786,0.0
12.455,-87.977,0.0
12.46,-111.437,0.0
12.465,-117.302,0.0
12.47,-105.572,0.0
12.475,-93.842,0.0
12.48,-93.842,0.0
12.485,-111.437,0.0
12.49,-134.897,0.0
12.495000000000001,-140.762,0.0
12.5,-123.167,0.0
12.505,-87.977,0.0
12.51,-46.921,0.0
12.515,-17.595,0.0
12.52,-0.0,0.0
12.525,-0.0,0.0
12.530000000000001,-0.0,0.0
12.535,-0.0,0.0
12.540000000000001,-0.0,0.0
12.545,5.865,0.0
12.55,23.46,0.0
12.555,35.191,0.0
12.56,58.651,0.0
12.565,93.842,0.0
12.57,123.167,0.0
12.575000000000001,146.628,0.0
12.58,140.762,0.0
12.585,129.032,0.0
12.59,111.437,0.0
12.595,93.842,0.0
12.6,82.111,0.0
12.605,82.111,0.0
12.61,93.842,0.0
12.615,93.842,0.0
12.620000000000001,93.842,0.0
12.625,76.246,0.0
12.63,52.786,0.0
12.635,29.326,0.0
12.64,5.865,0.0
12.645,-23.46,0.0
12.65,-52.786,0.0
12.655000000000001,-76.246,0.0
12.66,-93.842,0.0
12.665000000000001,-111.437,0.0
12.67,-140.762,0.0
12.675,-158.358,0.0
12.68,-140.762,0.0
12.685,-87.977,0.0
12.69,-5.865,0.0
12.695,76.246,0.0
12.700000000000001,129.032,0.0
12.705,158.358,0.0
12.71,181.818,0.0
12.715,175.953,0.0
12.72,123.167,0.0
12.725,52.786,0.0
12.73,-23.46,0.0
12.735,-82.111,0.0
12.74,-134.897,0.0
12.745000000000001,-175.953,0.0
12.75,-193.548,0.0
12.755,-193.548,0.0
12.76,-181.818,0.0
12.765,-158.358,0.0
12.77,-123.167,0.0
12.775,-76.246,0.0
12.780000000000001,-35.191,0.0
12.785,-0.0,0.0
12.790000000000001,29.326,0.0
12.795,46.921,0.0
12.8,46.921,0.0
12.805,35.191,0.0
12.81,23.46,0.0
12.815,-0.0,0.0
12.82,-11.73,0.0
12.825000000000001,-11.73,0.0
12.83,-0.0,0.0
12.835,17.595,0.0
12.84,35.191,0.0
12.845,46.921,0.0
12.85,46.921,0.0
12.855,46.921,0.0
12.86,35.191,0.0
12.865,29.326,0.0
12.870000000000001,11.73,0.0
12.875,-11.73,0.0
12.88,-35.191,0.0
12.885,-52.786,0.0
12.89,-58.651,0.0
12.895,-58.651,0.0
12.9,-58.651,0.0
12.905000000000001,-58.651,0.0
12.91,-58.651,0.0
12.915000000000001,-52.786,0.0
12.92,-46.921,0.0
12.925,-41.056,0.0
12.93,-41.056,0.0
12.935,-52.786,0.0
12.94,-64.516,0.0
12.945,-82.111,0.0
12.950000000000001,-87.977,0.0
12.955,-99.707,0.0
12.96,-99.707,0.0
12.965,-99.707,0.0
12.97,-82.111,0.0
12.975,-64.516,0.0
12.98,-52.786,0.0
12.985,-35.191,0.0
12.99,-35.191,0.0
12.995000000000001,-29.326,0.0
13.0,-29.326,0.0
13.005,-17.595,0.0
13.01,-11.73,0.0
13.015,-23.46,0.0
13.02,-41.056,0.0
13.025,-70.381,0.0
13.030000000000001,-87.977,0.0
13.035,-105.572,0.0
13.040000000000001,-117.302,0.0
13.045,-134.897,0.0
13.05,-164.223,0.0
13.055,-187.683,0.0
13.06,-193.548,0.0
13.065,-187.683,0.0
13.07,-181.818,0.0
13.075000000000001,-170.088,0.0
13.08,-152.493,0.0
13.085,-129.032,0.0
13.09,-99.707,0.0
13.095,-76.246,0.0
13.1,-58.651,0.0
13.105,-58.651,0.0
13.11,-76.246,0.0
13.115,-93.842,0.0
13.120000000000001,-111.437,0.0
13.125,-123.167,0.0
13.13,-111.437,0.0
13.135,-93.842,0.0
13.14,-76.246,0.0
13.145,-70.381,0.0
13.15,-70.381,0.0
13.155000000000001,-76.246,0.0
13.16,-70.381,0.0
13.165000000000001,-70.381,0.0
13.17,-58.651,0.0
13.175,-41.056,0.0
13.18,-11.73,0.0
13.185,11.73,0.0
13.19,29.326,0.0
13.195,41.056,0.0
13.200000000000001,41.056,0.0
13.205,41.056,0.0
13.21,35.191,0.0
13.215,41.056,0.0
13.22,46.921,0.0
13.225,46.921,0.0
13.23,46.921,0.0
13.235,35.191,0.0
13.24,29.326,0.0
13.245000000000001,23.46,0.0
13.25,17.595,0.0
13.255,11.73,0.0
13.26,17.595,0.0
13.265,17.595,0.0
13.27,17.595,0.0
13.275,23.46,0.0
13.280000000000001,29.326,0.0
13.285,23.46,0.0
13.290000000000001,17.595,0.0
13.295,11.73,0.0
13.3,5.865,0.0
13.305,5.865,0.0
13.31,11.73,0.0
13.315,23.46,0.0
13.32,23.46,0.0
13.325000000000001,11.73,0.0
13.33,11.73,0.0
13.335,11.73,0.0
13.34,17.595,0.0
13.345,23.46,0.0
13.35,29.326,0.0
13.355,29.326,0.0
13.36,35.191,0.0
13.365,35.191,0.0
13.370000000000001,35.191,0.0
13.375,35.191,0.0
13.38,41.056,0.0
13.385,46.921,0.0
13.39,52.786,0.0
13.395,58.651,0.0
13.4,52.786,0.0
13.405000000000001,41.056,0.0
13.41,41.056,0.0
13.415000000000001,35.191,0.0
13.42,35.191,0.0
13.425,41.056,0.0
13.43,41.056,0.0
13.435,52.786,0.0
13.44,52.786,0.0
13.445,58.651,0.0
13.450000000000001,58.651,0.0
13.455,58.651,0.0
13.46,58.651,0.0
13.465,52.786,0.0
13.47,52.786,0.0
13.475,46.921,0.0
13.48,41.056,0.0
13.485,41.056,0.0
13.49,41.056,0.0
13.495000000000001,46.921,0.0
13.5,46.921,0.0
13.505,41.056,0.0
13.51,35.191,0.0
13.515,29.326,0.0
13.52,23.46,0.0
13.525,5.865,0.0
13.530000000000001,-5.865,0.0
13.535,-5.865,0.0
13.540000000000001,-5.865,0.0
13.545,5.865,0.0
13.55,5.865,0.0
13.555,5.865,0.0
13.56,5.865,0.0
13.565,5.865,0.0
13.57,-0.0,0.0
13.575000000000001,5.865,0.0
13.58,-0.0,0.0
13.585,-0.0,0.0
13.59,-5.865,0.0
13.595,-5.865,0.0
13.6,-5.865,0.0
13.605,-5.865,0.0
13.61,-5.865,0.0
13.615,-5.865,0.0
13.620000000000001,-5.865,0.0
13.625,-11.73,0.0
13.63,-11.73,0.0
13.635,-11.73,0.0
13.64,-5.865,0.0
13.645,-0.0,0.0
13.65,5.865,0.0
13.655000000000001,5.865,0.0
13.66,5.865,0.0
13.665000000000001,5.865,0.0
13.67,5.865,0.0
13.675,5.865,0.0
13.68,5.865,0.0
13.685,5.865,0.0
13.69,5.865,0.0
13.695,5.865,0.0
13.700000000000001,11.73,0.0
13.705,11.73,0.0
13.71,11.73,0.0
13.715,11.73,0.0
13.72,11.73,0.0
13.725,11.73,0.0
13.73,11.73,0.0
13.735,11.73,0.0
13.74,5.865,0.0
13.745000000000001,5.865,0.0
13.75,5.865,0.0
13.755,5.865,0.0
13.76,11.73,0.0
13.765,17.595,0.0
13.77,11.73,0.0
13.775,11.73,0.0
13.780000000000001,11.73,0.0
13.785,11.73,0.0
13.790000000000001,11.73,0.0
13.795,5.865,0.0
13.8,11.73,0.0
13.805,11.73,0.0
13.81,11.73,0.0
13.815,11.73,0.0
13.82,11.73,0.0
13.825000000000001,11.73,0.0
13.83,11.73,0.0
13.835,11.73,0.0
13.84,11.73,0.0
13.845,5.865,0.0
13.85,5.865,0.0
13.855,5.865,0.0
13.86,5.865,0.0
13.865,5.865,0.0
13.870000000000001,5.865,0.0
13.875,5.865,0.0
13.88,5.865,0.0
13.885,5.865,0.0
13.89,-0.0,0.0
13.895,-0.0,0.0
13.9,-0.0,0.0
13.905000000000001,-0.0,0.0
13.91,-0.0,0.0
13.915000000000001,-0.0,0.0
13.92,-0.0,0.0
13.925,-0.0,0.0
13.93,-0.0,0.0
13.935,-0.0,0.0
13.94,5.865,0.0
13.945,5.865,0.0
13.950000000000001,5.865,0.0
13.955,5.865,0.0
13.96,5.865,0.0
13.965,5.865,0.0
13.97,5.865,0.0
13.975,5.865,0.0
13.98,-5.865,0.0
13.985,-0.0,0.0
13.99,11.73,0.0
13.995000000000001,11.73,0.0
14.0,-0.0,0.0
14.005,-0.0,0.0
14.01,-0.0,0.0
14.015,-0.0,0.0
14.02,5.865,0.0
14.025,5.865,0.0
14.030000000000001,5.865,0.0
14.035,-0.0,0.0
14.040000000000001,-0.0,0.0
14.045,-0.0,0.0
14.05,-5.865,0.0
14.055,-5.865,0.0
14.06,-5.865,0.0
14.065,-5.865,0.0
14.07,-5.865,0.0
14.075000000000001,-5.865,0.0
14.08,-5.865,0.0
14.085,-5.865,0.0
14.09,-5.865,0.0
14.095,-5.865,0.0
14.1,-5.865,0.0
14.105,-0.0,0.0
14.11,-0.0,0.0
14.115,-0.0,0.0
14.120000000000001,-0.0,0.0
14.125,-0.0,0.0
14.13,-5.865,0.0
14.135,-5.865,0.0
14.14,-0.0,0.0
14.145,-0.0,0.0
14.15,-0.0,0.0
14.155000000000001,-0.0,0.0
14.16,-0.0,0.0
14.165000000000001,-0.0,0.0
14.17,-0.0,0.0
14.175,-0.0,0.0
14.18,-5.865,0.0
14.185,-5.865,0.0
14.19,-0.0,0.0
14.195,-0.0,0.0
14.200000000000001,-0.0,0.0
14.205,5.865,0.0
14.21,17.595,0.0
14.215,17.595,0.0
14.22,5.865,0.0
14.225,-5.865,0.0
14.23,-5.865,0.0
14.235,5.865,0.0
14.24,5.865,0.0
14.245000000000001,5.865,0.0
14.25,5.865,0.0
14.255,5.865,0.0
14.26,5.865,0.0
14.265,5.865,0.0
14.27,11.73,0.0
14.275,11.73,0.0
14.280000000000001,11.73,0.0
14.285,11.73,0.0
14.290000000000001,11.73,0.0
14.295,11.73,0.0
14.3,11.73,0.0
14.305,11.73,0.0
14.31,11.73,0.0
14.315,11.73,0.0
14.32,11.73,0.0
14.325000000000001,5.865,0.0
14.33,11.73,0.0
14.335,5.865,0.0
14.34,5.865,0.0
14.345,5.865,0.0
14.35,5.865,0.0
14.355,5.865,0.0
14.36,-0.0,0.0
14.365,-0.0,0.0
14.370000000000001,-0.0,0.0
14.375,-0.0,0.0
14.38,-0.0,0.0
14.385,-0.0,0.0
14.39,-0.0,0.0
14.395,-0.0,0.0
14.4,-0.0,0.0
14.405000000000001,-0.0,0.0
14.41,-0.0,0.0
14.415000000000001,-0.0,0.0
14.42,-0.0,0.0
14.425,-0.0,0.0
14.43,-0.0,0.0
14.435,-0.0,0.0
14.44,-0.0,0.0
14.445,-0.0,0.0
14.450000000000001,-0.0,0.0
14.455,-0.0,0.0
14.46,-0.0,0.0
14.465,-0.0,0.0
14.47,-0.0,0.0
14.475,-0.0,0.0
14.48,-0.0,0.0
14.485,-0.0,0.0
14.49,-0.0,0.0
14.495000000000001,-0.0,0.0
14.5,-0.0,0.0
14.505,-5.865,0.0
14.51,-5.865,0.0
14.515,-5.865,0.0
14.52,-5.865,0.0
14.525,-5.865,0.0
14.530000000000001,-0.0,0.0
14.535,-0.0,0.0
14.540000000000001,-0.0,0.0
14.545,5.865,0.0
14.55,5.865,0.0
14.555,17.595,0.0
14.56,17.595,0.0
14.565,5.865,0.0
14.57,-5.865,0.0
14.575000000000001,-11.73,0.0
14.58,-0.0,0.0
14.585,5.865,0.0
14.59,5.865,0.0
14.595,-0.0,0.0
14.6,-5.865,0.0
14.605,-5.865,0.0
14.61,-5.865,0.0
14.615,-5.865,0.0
14.620000000000001,-5.865,0.0
14.625,-0.0,0.0
14.63,-0.0,0.0
14.635,-0.0,0.0
14.64,-0.0,0.0
14.645,-0.0,0.0
14.65,-0.0,0.0
14.655000000000001,-0.0,0.0
14.66,-0.0,0.0
14.665000000000001,-0.0,0.0
14.67,-0.0,0.0
14.675,-0.0,0.0
14.68,-0.0,0.0
14.685,-0.0,0.0
14.69,-0.0,0.0
14.695,-0.0,0.0
14.700000000000001,-0.0,0.0
14.705,-0.0,0.0
14.71,-0.0,0.0
14.715,-0.0,0.0
14.72,-0.0,0.0
14.725,5.865,0.0
14.73,5.865,0.0
14.735,-0.0,0.0
14.74,-0.0,0.0
14.745000000000001,-0.0,0.0
14.75,-0.0,0.0
14.755,-0.0,0.0
14.76,-0.0,0.0
14.765,-0.0,0.0
14.77,-0.0,0.0
14.775,-0.0,0.0
14.780000000000001,-0.0,0.0
14.785,-0.0,0.0
14.790000000000001,-0.0,0.0
14.795,-0.0,0.0
14.8,-0.0,0.0
14.805,-0.0,0.0
14.81,-0.0,0.0
14.815,-0.0,0.0
14.82,-0.0,0.0
14.825000000000001,-0.0,0.0
14.83,-0.0,0.0
14.835,-0.0,0.0
14.84,-0.0,0.0
14.845,-0.0,0.0
14.85,-0.0,0.0
14.855,-0.0,0.0
14.86,-0.0,0.0
14.865,-0.0,0.0
14.870000000000001,-0.0,0.0
14.875,-0.0,0.0
14.88,-0.0,0.0
14.885,-0.0,0.0
14.89,-0.0,0.0
14.895,-0.0,0.0
14.9,-0.0,0.0
14.905000000000001,-0.0,0.0
14.91,-0.0,0.0
14.915000000000001,-0.0,0.0
14.92,-0.0,0.0
14.925,-0.0,0.0
14.93,-0.0,0.0
14.935,-0.0,0.0
14.94,-0.0,0.0
14.945,-0.0,0.0
14.950000000000001,-0.0,0.0
14.955,-0.0,0.0
14.96,-0.0,0.0
14.965,-0.0,0.0
14.97,-0.0,0.0
14.975,-0.0,0.0
14.98,-0.0,0.0
14.985,-0.0,0.0
14.99,-0.0,0.0
14.995000000000001,-0.0,0.0
15.0,-0.0,0.0
15.005,-0.0,0.0
15.01,-0.0,0.0
15.015,-0.0,0.0
15.02,-0.0,0.0
15.025,-0.0,0.0
15.030000000000001,-0.0,0.0
15.035,-0.0,0.0
15.040000000000001,-0.0,0.0
15.045,-0.0,0.0
15.05,-0.0,0.0
15.055,-0.0,0.0
15.06,-0.0,0.0
15.065,-0.0,0.0
15.07,-0.0,0.0
15.075000000000001,5.865,0.0
15.08,5.865,0.0
15.085,5.865,0.0
15.09,-0.0,0.0
15.095,-0.0,0.0
15.1,-0.0,0.0
15.105,-0.0,0.0
15.11,-0.0,0.0
15.115,-0.0,0.0
15.120000000000001,-0.0,0.0
15.125,-0.0,0.0
15.13,-0.0,0.0
15.135,-0.0,0.0
15.14,-0.0,0.0
15.145,-0.0,0.0
15.15,5.865,0.0
15.155000000000001,5.865,0.0
15.16,-0.0,0.0
15.165000000000001,-0.0,0.0
15.17,-0.0,0.0
15.175,5.865,0.0
15.18,5.865,0.0
15.185,-0.0,0.0
15.19,-0.0,0.0
15.195,-0.0,0.0
15.200000000000001,-0.0,0.0
15.205,-0.0,0.0
15.21,-0.0,0.0
15.215,-0.0,0.0
15.22,-0.0,0.0
15.225,-0.0,0.0
15.23,-0.0,0.0
15.235,-0.0,0.0
15.24,-0.0,0.0
15.245000000000001,-0.0,0.0
15.25,-0.0,0.0
15.255,-0.0,0.0
15.26,-0.0,0.0
15.265,-0.0,0.0
15.27,-0.0,0.0
15.275,-0.0,0.0
15.280000000000001,-0.0,0.0
15.285,-0.0,0.0
15.290000000000001,-0.0,0.0
15.295,-0.0,0.0
15.3,-0.0,0.0
15.305,-0.0,0.0
15.31,-0.0,0.0
15.315,-0.0,0.0
15.32,-0.0,0.0
15.325000000000001,-0.0,0.0
15.33,-0.0,0.0
15.335,-0.0,0.0
15.34,-0.0,0.0
15.345,-0.0,0.0
15.35,-0.0,0.0
15.355,-0.0,0.0
15.36,-0.0,0.0
15.365,-0.0,0.0
15.370000000000001,-0.0,0.0
15.375,-0.0,0.0
15.38,-0.0,0.0
15.385,-0.0,0.0
15.39,-0.0,0.0
15.395,-0.0,0.0
15.4,-0.0,0.0
15.405000000000001,-0.0,0.0
15.41,-0.0,0.0
15.415000000000001,-0.0,0.0
15.42,-0.0,0.0
15.425,-0.0,0.0
15.43,-0.0,0.0
15.435,-0.0,0.0
15.44,-0.0,0.0
15.445,-0.0,0.0
15.450000000000001,-0.0,0.0
15.455,-0.0,0.0
15.46,-0.0,0.0
15.465,-0.0,0.0
15.47,-0.0,0.0
15.475,-0.0,0.0
15.48,-0.0,0.0
15.485000000000001,-0.0,0.0
15.49,-0.0,0.0
15.495000000000001,-0.0,0.0
15.5,-0.0,0.0
15.505,-0.0,0.0
15.51,-0.0,0.0
15.515,-0.0,0.0
15.52,-0.0,0.0
15.525,-0.0,0.0
15.530000000000001,-0.0,0.0
15.535,-0.0,0.0
15.540000000000001,-0.0,0.0
15.545,-0.0,0.0
15.55,-0.0,0.0
15.555,-0.0,0.0
15.56,-0.0,0.0
15.565,-0.0,0.0
15.57,-0.0,0.0
15.575000000000001,-0.0,0.0
15.58,-0.0,0.0
15.585,-0.0,0.0
15.59,-0.0,0.0
15.595,-0.0,0.0
15.6,-0.0,0.0
15.605,-0.0,0.0
15.610000000000001,-0.0,0.0
15.615,-0.0,0.0
15.620000000000001,-0.0,0.0
15.625,-0.0,0.0
15.63,-0.0,0.0
15.635,-0.0,0.0
15.64,-0.0,0.0
15.645,-0.0,0.0
15.65,-0.0,0.0
15.655000000000001,-0.0,0.0
15.66,-0.0,0.0
15.665000000000001,5.865,0.0
15.67,5.865,0.0
15.675,5.865,0.0
15.68,-0.0,0.0
15.685,5.865,0.0
15.69,5.865,0.0
15.695,5.865,0.0
15.700000000000001,-0.0,0.0
15.705,-0.0,0.0
15.71,-0.0,0.0
15.715,-0.0,0.0
15.72,-0.0,0.0
15.725,-0.0,0.0
15.73,-0.0,0.0
15.735000000000001,-0.0,0.0
15.74,-0.0,0.0
15.745000000000001,-0.0,0.0
15.75,-0.0,0.0
15.755,-0.0,0.0
15.76,-0.0,0.0
15.765,-0.0,0.0
15.77,-0.0,0.0
15.775,-0.0,0.0
15.780000000000001,-0.0,0.0
15.785,-0.0,0.0
15.790000000000001,-0.0,0.0
15.795,5.865,0.0
15.8,5.865,0.0
15.805,5.865,0.0
15.81,-0.0,0.0
15.815,5.865,0.0
15.82,5.865,0.0
15.825000000000001,5.865,0.0
15.83,5.865,0.0
15.835,5.865,0.0
15.84,5.865,0.0
15.845,5.865,0.0
15.85,5.865,0.0
15.855,5.865,0.0
15.860000000000001,-0.0,0.0
15.865,-0.0,0.0
15.870000000000001,-0.0,0.0
15.875,-5.865,0.0
15.88,-5.865,0.0
15.885,-5.865,0.0
15.89,-5.865,0.0
15.895,-0.0,0.0
15.9,-0.0,0.0
15.905000000000001,-0.0,0.0
15.91,-0.0,0.0
15.915000000000001,-5.865,0.0
15.92,-11.73,0.0
15.925,-35.191,0.0
15.93,-17.595,0.0
15.935,11.73,0.0
15.94,5.865,0.0
15.945,5.865,0.0
15.950000000000001,5.865,0.0
15.955,11.73,0.0
15.96,23.46,0.0
15.965,11.73,0.0
15.97,5.865,0.0
15.975,-0.0,0.0
15.98,-5.865,0.0
15.985000000000001,-5.865,0.0
15.99,-5.865,0.0
15.995000000000001,-5.865,0.0
16.0,-11.73,0.0
16.005,-11.73,0.0
16.01,-17.595,0.0
16.015,-17.595,0.0
16.02,-17.595,0.0
16.025,-17.595,0.0
16.03,-17.595,0.0
16.035,-11.73,0.0
16.04,-11.73,0.0
16.045,-11.73,0.0
16.05,-11.73,0.0
16.055,-11.73,0.0
16.06,-11.73,0.0
16.065,-17.595,0.0
16.07,-23.46,0.0
16.075,-29.326,0.0
16.080000000000002,-35.191,0.0
16.085,-35.191,0.0
16.09,-23.46,0.0
16.095,-11.73,0.0
16.1,11.73,0.0
16.105,41.056,0.0
16.11,58.651,0.0
16.115000000000002,58.651,0.0
16.12,41.056,0.0
16.125,29.326,0.0
16.13,17.595,0.0
16.135,5.865,0.0
16.14,-0.0,0.0
16.145,-5.865,0.0
16.15,-5.865,0.0
16.155,-11.73,0.0
16.16,-11.73,0.0
16.165,-0.0,0.0
16.17,5.865,0.0
16.175,5.865,0.0
16.18,11.73,0.0
16.185,11.73,0.0
16.19,5.865,0.0
16.195,-0.0,0.0
16.2,-5.865,0.0
16.205000000000002,-5.865,0.0
16.21,-5.865,0.0
16.215,-11.73,0.0
16.22,-11.73,0.0
16.225,-17.595,0.0
16.23,-11.73,0.0
16.235,-11.73,0.0
16.240000000000002,-11.73,0.0
16.245,-11.73,0.0
16.25,-11.73,0.0
16.255,-11.73,0.0
16.26,-11.73,0.0
16.265,-11.73,0.0
16.27,-11.73,0.0
16.275,-23.46,0.0
16.28,-29.326,0.0
16.285,-29.326,0.0
16.29,-17.595,0.0
16.295,-5.865,0.0
16.3,-5.865,0.0
16.305,5.865,0.0
16.31,11.73,0.0
16.315,23.46,0.0
16.32,23.46,0.0
16.325,11.73,0.0
16.330000000000002,5.865,0.0
16.335,-5.865,0.0
16.34,-0.0,0.0
16.345,-0.0,0.0
16.35,-5.865,0.0
16.355,-0.0,0.0
16.36,11.73,0.0
16.365000000000002,35.191,0.0
16.37,35.191,0.0
16.375,29.326,0.0
16.38,23.46,0.0
16.385,11.73,0.0
16.39,5.865,0.0
16.395,-0.0,0.0
16.4,-0.0,0.0
16.405,-0.0,0.0
16.41,5.865,0.0
16.415,5.865,0.0
16.42,5.865,0.0
16.425,11.73,0.0
16.43,11.73,0.0
16.435,11.73,0.0
16.44,17.595,0.0
16.445,17.595,0.0
16.45,23.46,0.0
16.455000000000002,29.326,0.0
16.46,35.191,0.0
16.465,35.191,0.0
16.47,41.056,0.0
16.475,35.191,0.0
16.48,29.326,0.0
16.485,29.326,0.0
16.490000000000002,35.191,0.0
16.495,35.191,0.0
16.5,29.326,0.0
16.505,29.326,0.0
16.51,35.191,0.0
16.515,41.056,0.0
16.52,41.056,0.0
16.525,35.191,0.0
16.53,35.191,0.0
16.535,29.326,0.0
16.54,29.326,0.0
16.545,23.46,0.0
16.55,17.595,0.0
16.555,5.865,0.0
16.56,-5.865,0.0
16.565,-5.865,0.0
16.57,-0.0,0.0
16.575,5.865,0.0
16.580000000000002,5.865,0.0
16.585,5.865,0.0
16.59,-0.0,0.0
16.595,-0.0,0.0
16.6,-5.865,0.0
16.605,-11.73,0.0
16.61,-5.865,0.0
16.615000000000002,-0.0,0.0
16.62,-0.0,0.0
16.625,5.865,0.0
16.63,5.865,0.0
16.635,-0.0,5.865
16.64,5.865,0.0
16.645,-0.0,0.0
16.65,-0.0,0.0
16.655,-0.0,0.0
16.66,5.865,0.0
16.665,5.865,0.0
16.67,-0.0,0.0
16.675,-0.0,0.0
16.68,-5.865,0.0
16.685,-0.0,0.0
16.69,-5.865,0.0
16.695,-0.0,0.0
16.7,-5.865,0.0
16.705000000000002,-5.865,0.0
16.71,-5.865,0.0
16.715,-5.865,0.0
16.72,-5.865,0.0
16.725,-5.865,0.0
16.73,-5.865,0.0
16.735,-5.865,0.0
16.740000000000002,-0.0,0.0
16.745,-0.0,0.0
16.75,-0.0,0.0
16.755,-0.0,0.0
16.76,-0.0,0.0
16.765,-0.0,0.0
16.77,-0.0,0.0
16.775,-5.865,0.0
16.78,-11.73,0.0
16.785,-5.865,0.0
16.79,-5.865,0.0
16.795,-5.865,0.0
16.8,-5.865,0.0
16.805,-5.865,0.0
16.81,-11.73,0.0
16.815,-17.595,0.0
16.82,-23.46,0.0
16.825,-29.326,0.0
16.830000000000002,-23.46,0.0
16.835,-17.595,0.0
16.84,-11.73,0.0
16.845,-0.0,0.0
16.85,-5.865,0.0
16.855,-0.0,0.0
16.86,11.73,0.0
16.865000000000002,23.46,0.0
16.87,23.46,0.0
16.875,29.326,0.0
16.88,41.056,0.0
16.885,46.921,0.0
16.89,46.921,0.0
16.895,58.651,0.0
16.9,58.651,0.0
16.905,52.786,0.0
16.91,41.056,0.0
16.915,35.191,0.0
16.92,35.191,0.0
16.925,29.326,0.0
16.93,23.46,0.0
16.935,11.73,0.0
16.94,5.865,0.0
16.945,-0.0,0.0
16.95,-5.865,0.0
16.955000000000002,-5.865,0.0
16.96,-5.865,0.0
16.965,-5.865,0.0
16.97,-5.865,0.0
16.975,-5.865,0.0
16.98,-5.865,0.0
16.985,-5.865,0.0
16.990000000000002,-0.0,0.0
16.995,5.865,0.0
17.0,11.73,0.0
17.005,5.865,0.0
17.01,5.865,0.0
17.015,5.865,0.0
17.02,-0.0,0.0
17.025,-0.0,0.0
17.03,-5.865,0.0
17.035,-5.865,0.0
17.04,-0.0,0.0
17.045,-0.0,0.0
17.05,-0.0,0.0
17.055,5.865,0.0
17.06,-0.0,0.0
17.065,-0.0,0.0
17.07,-0.0,0.0
17.075,-0.0,0.0
17.080000000000002,-5.865,0.0
17.085,-5.865,0.0
17.09,-5.865,0.0
17.095,-5.865,0.0
17.1,-5.865,0.0
17.105,-5.865,0.0
17.11,-5.865,0.0
17.115000000000002,-11.73,0.0
17.12,-11.73,0.0
17.125,-11.73,0.0
17.13,-11.73,0.0
17.135,-11.73,0.0
17.14,-11.73,0.0
17.145,-11.73,0.0
17.150000000000002,-5.865,0.0
17.155,-5.865,0.0
17.16,-5.865,0.0
17.165,-5.865,0.0
17.17,-5.865,0.0
17.175,-5.865,0.0
17.18,-0.0,0.0
17.185,5.865,0.0
17.19,5.865,0.0
17.195,5.865,0.0
17.2,5.865,0.0
17.205000000000002,5.865,0.0
17.21,11.73,0.0
17.215,11.73,0.0
17.22,5.865,0.0
17.225,5.865,0.0
17.23,5.865,0.0
17.235,5.865,0.0
17.240000000000002,5.865,0.0
17.245,5.865,0.0
17.25,5.865,0.0
17.255,5.865,0.0
17.26,5.865,0.0
17.265,5.865,0.0
17.27,5.865,0.0
17.275000000000002,5.865,0.0
17.28,5.865,0.0
17.285,5.865,0.0
17.29,5.865,0.0
17.295,5.865,0.0
17.3,11.73,0.0
17.305,11.73,0.0
17.31,11.73,0.0
17.315,11.73,0.0
17.32,11.73,0.0
17.325,11.73,0.0
17.330000000000002,11.73,0.0
17.335,5.865,0.0
17.34,11.73,0.0
17.345,5.865,0.0
17.35,5.865,0.0
17.355,5.865,0.0
17.36,5.865,0.0
17.365000000000002,5.865,0.0
17.37,-0.0,0.0
17.375,-0.0,0.0
17.38,5.865,0.0
17.385,5.865,0.0
17.39,5.865,0.0
17.395,-0.0,0.0
17.400000000000002,-0.0,0.0
17.405,-5.865,0.0
17.41,-5.865,0.0
17.415,-5.865,0.0
17.42,-5.865,0.0
17.425,-5.865,0.0
17.43,-5.865,0.0
17.435,-5.865,0.0
17.44,-5.865,0.0
17.445,-5.865,0.0
17.45,-5.865,0.0
17.455000000000002,-5.865,0.0
17.46,-0.0,0.0
17.465,-0.0,0.0
17.47,-0.0,0.0
17.475,-0.0,0.0
17.48,-0.0,0.0
17.485,-0.0,0.0
17.490000000000002,-0.0,0.0
17.495,-0.0,0.0
17.5,-0.0,0.0
17.505,-0.0,0.0
17.51,-0.0,0.0
17.515,-0.0,0.0
17.52,-0.0,0.0
17.525000000000002,-0.0,0.0
17.53,-0.0,0.0
17.535,-0.0,0.0
17.54,-0.0,0.0
17.545,-0.0,0.0
17.55,-0.0,0.0
17.555,-0.0,0.0
17.56,-0.0,0.0
17.565,-0.0,0.0
17.57,-0.0,0.0
17.575,-0.0,0.0
17.580000000000002,-0.0,0.0
17.585,-0.0,0.0
17.59,-0.0,0.0
17.595,-0.0,0.0
17.6,-0.0,0.0
17.605,-0.0,0.0
17.61,-0.0,0.0
17.615000000000002,-0.0,0.0
17.62,-0.0,0.0
17.625,-0.0,0.0
17.63,-0.0,0.0
17.635,-0.0,0.0
17.64,-0.0,0.0
17.645,-0.0,0.0
17.650000000000002,-0.0,0.0
17.655,-0.0,0.0
17.66,-0.0,0.0
17.665,-0.0,0.0
17.67,-0.0,0.0
17.675,-0.0,0.0
17.68,-0.0,0.0
17.685,-0.0,0.0
17.69,-0.0,0.0
17.695,-0.0,0.0
17.7,-0.0,0.0
17.705000000000002,-0.0,0.0
17.71,-0.0,0.0
17.715,-0.0,0.0
17.72,-0.0,0.0
17.725,-0.0,0.0
17.73,-0.0,0.0
17.735,-0.0,0.0
17.740000000000002,-0.0,0.0
17.745,5.865,0.0
17.75,5.865,0.0
17.755,5.865,0.0
17.76,5.865,0.0
17.765,5.865,0.0
17.77,5.865,0.0
17.775000000000002,5.865,0.0
17.78,5.865,0.0
17.785,-0.0,0.0
17.79,5.865,0.0
17.795,-0.0,0.0
17.8,-0.0,0.0
17.805,-0.0,0.0
17.81,5.865,0.0
17.815,5.865,0.0
17.82,-0.0,0.0
17.825,-0.0,0.0
17.830000000000002,-0.0,0.0
17.835,-0.0,0.0
17.84,-0.0,0.0
17.845,-0.0,0.0
17.85,-0.0,0.0
17.855,-0.0,0.0
17.86,-0.0,0.0
17.865000000000002,-0.0,0.0
17.87,-0.0,0.0
17.875,-0.0,0.0
17.88,-0.0,0.0
17.885,-0.0,0.0
17.89,-0.0,0.0
17.895,-0.0,0.0
17.900000000000002,-0.0,0.0
17.905,-0.0,0.0
17.91,5.865,0.0
17.915,5.865,0.0
17.92,-0.0,0.0
17.925,-0.0,0.0
17.93,-0.0,0.0
17.935,5.865,0.0
17.94,5.865,0.0
17.945,5.865,0.0
17.95,5.865,0.0
17.955000000000002,-0.0,0.0
17.96,-0.0,0.0
17.965,-0.0,0.0
17.97,5.865,0.0
17.975,-0.0,0.0
17.98,-0.0,0.0
17.985,-0.0,0.0
17.990000000000002,-0.0,0.0
17.995,-0.0,0.0
18.0,-0.0,0.0
18.005,-0.0,0.0
18.01,-0.0,0.0
18.015,-0.0,0.0
18.02,-0.0,0.0
18.025000000000002,-0.0,0.0
18.03,-0.0,0.0
18.035,-0.0,0.0
18.04,-0.0,0.0
18.045,-0.0,0.0
18.05,-0.0,0.0
18.055,-0.0,0.0
18.06,-0.0,0.0
18.065,-0.0,0.0
18.07,-0.0,0.0
18.075,-0.0,0.0
18.080000000000002,-0.0,0.0
18.085,-0.0,0.0
18.09,-0.0,0.0
18.095,-0.0,0.0
18.1,-0.0,0.0
18.105,-0.0,0.0
18.11,-0.0,0.0
18.115000000000002,-0.0,0.0
18.12,-0.0,0.0
18.125,-0.0,0.0
18.13,-0.0,0.0
18.135,-0.0,-5.865
18.14,-0.0,-5.865
18.145,-0.0,11.73
18.150000000000002,-0.0,0.0
18.155,-0.0,0.0
18.16,-0.0,0.0
18.165,-0.0,0.0
18.17,-0.0,5.865
18.175,-0.0,5.865
18.18,-0.0,0.0
18.185,-0.0,0.0
18.19,-0.0,0.0
18.195,-0.0,11.73
18.2,-0.0,46.921
18.205000000000002,-0.0,105.572
18.21,-0.0,146.628
18.215,-0.0,-70.381
18.22,-0.0,-181.818
18.225,-0.0,-187.683
18.23,-0.0,-187.683
18.235,-0.0,-211.144
18.240000000000002,-0.0,-240.469
18.245,-0.0,-287.39
18.25,-0.0,-334.311
18.255,-0.0,-322.581
18.26,-0.0,-275.66
18.265,-0.0,-222.874
18.27,-0.0,-175.953
18.275000000000002,-0.0,-152.493
18.28,-0.0,-158.358
18.285,-0.0,-175.953
18.29,-0.0,-193.548
18.295,-0.0,-217.009
18.3,-0.0,-228.739
18.305,-0.0,-211.144
18.31,-0.0,-158.358
18.315,-0.0,-87.977
18.32,-0.0,-29.326
18.325,-0.0,5.865
18.330000000000002,-0.0,0.0
18.335,-0.0,-64.516
18.34,-0.0,-158.358
18.345,-0.0,-205.279
18.35,-0.0,-170.088
18.355,-0.0,-111.437
18.36,5.865,-93.842
18.365000000000002,-0.0,-111.437
18.37,-0.0,-152.493
18.375,-0.0,-205.279
18.38,5.865,-252.199
18.385,5.865,-252.199
18.39,5.865,-217.009
18.395,-0.0,-152.493
18.400000000000002,-0.0,-70.381
18.405,-0.0,29.326
18.41,-0.0,105.572
18.415,-0.0,158.358
18.42,-0.0,199.413
18.425,-0.0,228.739
18.43,-0.0,252.199
18.435,-0.0,263.93
18.44,-0.0,275.66
18.445,-0.0,269.795
18.45,-0.0,258.064
18.455000000000002,-0.0,234.604
18.46,-0.0,211.144
18.465,-0.0,193.548
18.47,-0.0,187.683
18.475,-0.0,181.818
18.48,-0.0,175.953
18.485,-0.0,146.628
18.490000000000002,-0.0,111.437
18.495,-0.0,105.572
18.5,-0.0,117.302
18.505,-0.0,129.032
18.51,-0.0,140.762
18.515,-0.0,152.493
18.52,-0.0,158.358
18.525000000000002,-0.0,164.223
18.53,-0.0,164.223
18.535,-0.0,170.088
18.54,-0.0,175.953
18.545,-0.0,175.953
18.55,-0.0,181.818
18.555,-0.0,181.818
18.56,-0.0,175.953
18.565,-0.0,170.088
18.57,-0.0,175.953
18.575,-0.0,175.953
18.580000000000002,-0.0,175.953
18.585,-0.0,175.953
18.59,-0.0,164.223
18.595,-0.0,146.628
18.6,-0.0,129.032
18.605,-0.0,105.572
18.61,-0.0,87.977
18.615000000000002,-0.0,70.381
18.62,-0.0,58.651
18.625,-0.0,58.651
18.63,-0.0,58.651
18.635,-0.0,58.651
18.64,-0.0,58.651
18.645,-0.0,58.651
18.650000000000002,-0.0,58.651
18.655,-0.0,52.786
18.66,-0.0,52.786
18.665,-0.0,58.651
18.67,-0.0,70.381
18.675,-0.0,87.977
18.68,-0.0,123.167
18.685,-0.0,111.437
18.69,-0.0,99.707
18.695,-0.0,93.842
18.7,-0.0,82.111
18.705000000000002,-0.0,58.651
18.71,-0.0,46.921
18.715,-0.0,64.516
18.72,-0.0,82.111
18.725,-0.0,99.707
18.73,-0.0,105.572
18.735,-0.0,111.437
18.740000000000002,-0.0,111.437
18.745,-5.865,99.707
18.75,-5.865,82.111
18.755,-5.865,70.381
18.76,-5.865,64.516
18.765,-5.865,52.786
18.77,-5.865,29.326
18.775000000000002,-5.865,11.73
18.78,-5.865,5.865
18.785,-5.865,5.865
18.79,-5.865,11.73
18.795,-5.865,11.73
18.8,-5.865,23.46
18.805,-5.865,29.326
18.81,-5.865,41.056
18.815,-0.0,52.786
18.82,-0.0,58.651
18.825,-0.0,64.516
18.830000000000002,-0.0,64.516
18.835,-5.865,64.516
18.84,-5.865,58.651
18.845,-5.865,52.786
18.85,-5.865,52.786
18.855,-5.865,46.921
18.86,-5.865,41.056
18.865000000000002,-5.865,35.191
18.87,-5.865,29.326
18.875,-5.865,29.326
18.88,-5.865,46.921
18.885,-5.865,87.977
18.89,-5.865,105.572
18.895,-5.865,93.842
18.900000000000002,-5.865,52.786
18.905,-5.865,17.595
18.91,-5.865,-11.73
18.915,-5.865,-23.46
18.92,-5.865,-23.46
18.925,-5.865,-23.46
18.93,-5.865,-11.73
18.935,-5.865,-5.865
18.94,-5.865,-5.865
18.945,-5.865,0.0
18.95,-5.865,-5.865
18.955000000000002,-5.865,-11.73
18.96,-5.865,-11.73
18.965,-5.865,-17.595
18.97,-5.865,-17.595
18.975,-5.865,-17.595
18.98,-5.865,-17.595
18.985,-5.865,-17.595
18.990000000000002,-5.865,-11.73
18.995,-5.865,-11.73
19.0,-5.865,-11.73
19.005,-0.0,-11.73
19.01,-0.0,-11.73
19.015,-0.0,-11.73
19.02,-0.0,-5.865
19.025000000000002,-0.0,0.0
19.03,-0.0,5.865
19.035,-0.0,5.865
19.04,-0.0,5.865
19.045,-0.0,5.865
19.05,-0.0,0.0
19.055,-0.0,-5.865
19.06,-0.0,-17.595
19.065,-0.0,-29.326
19.07,-0.0,-29.326
19.075,-0.0,-41.056
19.080000000000002,-0.0,-52.786
19.085,-0.0,-64.516
19.09,5.865,-70.381
19.095,5.865,-76.246
19.1,5.865,-82.111
19.105,5.865,-82.111
19.11,5.865,-82.111
19.115000000000002,5.865,-82.111
19.12,5.865,-76.246
19.125,5.865,-76.246
19.13,5.865,-76.246
19.135,5.865,-76.246
19.14,5.865,-70.381
19.145,5.865,-70.381
19.150000000000002,5.865,-64.516
19.155,5.865,-76.246
19.16,5.865,-87.977
19.165,5.865,-82.111
19.17,5.865,-70.381
19.175,5.865,-58.651
19.18,5.865,-58.651
19.185,5.865,-64.516
19.19,5.865,-70.381
19.195,-0.0,-76.246
19.2,-0.0,-64.516
19.205000000000002,-0.0,-58.651
19.21,-0.0,-64.516
19.215,-0.0,-64.516
19.22,-0.0,-52.786
19.225,-0.0,-35.191
19.23,-0.0,-41.056
19.235,-0.0,-46.921
19.240000000000002,-0.0,-52.786
19.245,-0.0,-52.786
19.25,-0.0,-58.651
19.255,-0.0,-87.977
19.26,-0.0,-99.707
19.265,-0.0,-87.977
19.27,-0.0,-64.516
19.275000000000002,-0.0,-46.921
19.28,-0.0,-41.056
19.285,-0.0,-23.46
19.29,-0.0,0.0
19.295,-0.0,-5.865
19.3,-0.0,-17.595
19.305,-0.0,-11.73
19.31,-0.0,23.46
19.315,-0.0,70.381
19.32,-0.0,99.707
19.325,-0.0,117.302
19.330000000000002,-0.0,105.572
19.335,-0.0,82.111
19.34,-0.0,52.786
19.345,-0.0,29.326
19.35,-0.0,17.595
19.355,-0.0,11.73
19.36,-0.0,11.73
19.365000000000002,-0.0,0.0
19.37,-0.0,-5.865
19.375,-0.0,-23.46
19.38,-0.0,-35.191
19.385,-0.0,-52.786
19.39,-0.0,-76.246
19.395,-0.0,-99.707
19.400000000000002,-0.0,-123.167
19.405,-0.0,-140.762
19.41,-0.0,-164.223
19.415,-0.0,-181.818
19.42,-0.0,-199.413
19.425,-0.0,-193.548
19.43,-0.0,-170.088
19.435,-0.0,-146.628
19.44,-0.0,-123.167
19.445,-0.0,-99.707
19.45,-0.0,-76.246
19.455000000000002,-0.0,-52.786
19.46,-0.0,-29.326
19.465,-0.0,0.0
19.47,-0.0,11.73
19.475,-0.0,23.46
19.48,-0.0,17.595
19.485,-0.0,11.73
19.490000000000002,-0.0,0.0
19.495,-0.0,-17.595
19.5,-0.0,-35.191
19.505,-0.0,-46.921
19.51,-0.0,-52.786
19.515,-0.0,-46.921
19.52,-0.0,-35.191
19.525000000000002,-0.0,-17.595
19.53,-0.0,0.0
19.535,-0.0,23.46
19.54,-0.0,41.056
19.545,-0.0,58.651
19.55,-0.0,64.516
19.555,-0.0,70.381
19.56,-0.0,70.381
19.565,-0.0,70.381
19.57,-0.0,70.381
19.575,-0.0,82.111
19.580000000000002,-0.0,99.707
19.585,-0.0,117.302
19.59,-0.0,140.762
19.595,-0.0,146.628
19.6,-0.0,140.762
19.605,-0.0,134.897
19.61,-0.0,129.032
19.615000000000002,-0.0,123.167
19.62,-0.0,117.302
19.625,-0.0,99.707
19.63,-0.0,76.246
19.635,-0.0,52.786
19.64,-0.0,23.46
19.645,-0.0,0.0
19.650000000000002,-0.0,-17.595
19.655,-0.0,-23.46
19.66,-0.0,-23.46
19.665,-0.0,-11.73
19.67,-0.0,-5.865
19.675,-0.0,0.0
19.68,-0.0,5.865
19.685,-0.0,11.73
19.69,-0.0,11.73
19.695,-0.0,17.595
19.7,-0.0,17.595
19.705000000000002,-0.0,17.595
19.71,-0.0,17.595
19.715,-0.0,17.595
19.72,-0.0,23.46
19.725,-0.0,23.46
19.73,-0.0,23.46
19.735,-0.0,29.326
19.740000000000002,-0.0,29.326
19.745,-0.0,41.056
19.75,-0.0,52.786
19.755,-0.0,76.246
19.76,-0.0,93.842
19.765,-0.0,105.572
19.77,-0.0,111.437
19.775000000000002,-0.0,105.572
19.78,-0.0,93.842
19.785,-0.0,76.246
19.79,-0.0,52.786
19.795,-0.0,35.191
19.8,-0.0,17.595
19.805,-0.0,5.865
19.81,-0.0,-5.865
19.815,-0.0,-5.865
19.82,-0.0,0.0
19.825,-0.0,5.865
19.830000000000002,-0.0,11.73
19.835,-0.0,17.595
19.84,-0.0,29.326
19.845,-0.0,41.056
19.85,-0.0,46.921
19.855,-0.0,46.921
19.86,-0.0,46.921
19.865000000000002,-0.0,41.056
19.87,-0.0,41.056
19.875,-0.0,46.921
19.88,-0.0,52.786
19.885,-0.0,52.786
19.89,-0.0,46.921
19.895,-0.0,41.056
19.900000000000002,-0.0,29.326
19.905,-0.0,0.0
19.91,-0.0,-35.191
19.915,-0.0,-76.246
19.92,-0.0,-105.572
19.925,-0.0,-117.302
19.93,-0.0,-129.032
19.935,-0.0,-123.167
19.94,-0.0,-117.302
19.945,-0.0,-111.437
19.95,-0.0,-105.572
19.955000000000002,-0.0,-93.842
19.96,-0.0,-82.111
19.965,-0.0,-64.516
19.97,-0.0,-46.921
19.975,-0.0,-35.191
19.98,-0.0,-23.46
19.985,-0.0,-11.73
19.990000000000002,-0.0,-5.865
19.995,-0.0,0.0
20.0,-0.0,5.865
20.005,-0.0,5.865
20.01,-0.0,5.865
20.015,-0.0,0.0
20.02,-0.0,-5.865
20.025000000000002,-0.0,-11.73
20.03,-0.0,-23.46
20.035,-0.0,-35.191
20.04,-0.0,-41.056
20.045,-0.0,-52.786
20.05,-0.0,-64.516
20.055,-0.0,-64.516
20.06,-0.0,-58.651
20.065,-0.0,-52.786
20.07,-0.0,-64.516
20.075,-0.0,-76.246
20.080000000000002,-0.0,-82.111
20.085,-0.0,-93.842
20.09,-0.0,-82.111
20.095,-0.0,-76.246
20.1,-0.0,-82.111
20.105,-0.0,-82.111
20.11,-0.0,-70.381
20.115000000000002,-0.0,-29.326
20.12,-0.0,-11.73
20.125,-0.0,-17.595
20.13,-0.0,-23.46
20.135,-0.0,-35.191
20.14,-0.0,-35.191
20.145,-0.0,-29.326
20.150000000000002,-0.0,-17.595
20.155,-0.0,-23.46
20.16,-0.0,-35.191
20.165,-0.0,-35.191
20.17,-0.0,-41.056
20.175,-0.0,-41.056
20.18,-0.0,-46.921
20.185,-0.0,-46.921
20.19,-0.0,-41.056
20.195,-0.0,-41.056
20.2,-0.0,-41.056
20.205000000000002,-0.0,-35.191
20.21,-0.0,-23.46
20.215,-0.0,-17.595
20.22,-0.0,-17.595
20.225,-0.0,-23.46
20.23,-0.0,-17.595
20.235,-0.0,-23.46
20.240000000000002,-0.0,-23.46
20.245,-0.0,-11.73
20.25,-0.0,-5.865
20.255,-0.0,0.0
20.26,-0.0,0.0
20.265,-0.0,0.0
20.27,-0.0,-11.73
20.275000000000002,-0.0,-17.595
20.28,-0.0,-29.326
20.285,-0.0,-41.056
20.29,-0.0,-58.651
20.295,-0.0,-76.246
20.3,-0.0,-87.977
20.305,-0.0,-87.977
20.31,-0.0,-82.111
20.315,-0.0,-76.246
20.32,-0.0,-58.651
20.325,-0.0,-41.056
20.330000000000002,-0.0,-23.46
20.335,-0.0,-5.865
20.34,-0.0,0.0
20.345,-0.0,5.865
20.35,-0.0,5.865
20.355,-0.0,5.865
20.36,-0.0,5.865
20.365000000000002,-0.0,5.865
20.37,-0.0,11.73
20.375,-0.0,11.73
20.38,-0.0,17.595
20.385,-0.0,11.73
20.39,-0.0,0.0
20.395,-0.0,-5.865
20.400000000000002,-0.0,-5.865
20.405,-0.0,-17.595
20.41,-0.0,-29.326
20.415,-0.0,-29.326
20.42,-0.0,-29.326
20.425,-0.0,-29.326
20.43,-0.0,-29.326
20.435,-0.0,-29.326
20.44,-0.0,-29.326
20.445,-0.0,-29.326
20.45,-0.0,-17.595
20.455000000000002,-0.0,-5.865
20.46,-0.0,0.0
20.465,-0.0,-5.865
20.47,-0.0,-5.865
20.475,-0.0,-17.595
20.48,-0.0,-29.326
20.485,-0.0,-46.921
20.490000000000002,-0.0,-58.651
20.495,-0.0,-58.651
20.5,-0.0,-70.381
20.505,-0.0,-82.111
20.51,-0.0,-76.246
20.515,-0.0,-35.191
20.52,-0.0,0.0
20.525000000000002,-0.0,0.0
20.53,-0.0,-5.865
20.535,-0.0,-11.73
20.54,-0.0,-11.73
20.545,-0.0,0.0
20.55,-0.0,5.865
20.555,-0.0,5.865
20.56,-0.0,0.0
20.565,-0.0,-5.865
20.57,-0.0,-5.865
20.575,-0.0,-5.865
20.580000000000002,-0.0,-11.73
20.585,-0.0,-23.46
20.59,-0.0,-29.326
20.595,-0.0,-35.191
20.6,-0.0,-35.191
20.605,-0.0,-23.46
20.61,-0.0,-11.73
20.615000000000002,-0.0,0.0
20.62,-0.0,5.865
20.625,-0.0,0.0
20.63,-0.0,-11.73
20.635,-0.0,-11.73
20.64,-0.0,-11.73
20.645,-0.0,-17.595
20.650000000000002,-0.0,-17.595
20.655,-0.0,-17.595
20.66,-0.0,-5.865
20.665,-0.0,0.0
20.67,-0.0,0.0
20.675,-0.0,0.0
20.68,-0.0,0.0
20.685,-0.0,0.0
20.69,-0.0,5.865
20.695,-0.0,11.73
20.7,-0.0,11.73
20.705000000000002,-0.0,17.595
20.71,-0.0,17.595
20.715,-0.0,17.595
20.72,-0.0,17.595
20.725,-0.0,17.595
20.73,-0.0,17.595
20.735,-0.0,11.73
20.740000000000002,-0.0,11.73
20.745,-0.0,5.865
20.75,-0.0,5.865
20.755,-0.0,5.865
20.76,-0.0,11.73
20.765,-0.0,11.73
20.77,-0.0,11.73
20.775000000000002,-0.0,11.73
20.78,-0.0,17.595
20.785,-0.0,23.46
20.79,-0.0,17.595
20.795,-0.0,17.595
20.8,-0.0,17.595
20.805,-0.0,11.73
20.81,-0.0,-5.865
20.815,-0.0,-11.73
20.82,-0.0,-5.865
20.825,-0.0,-29.326
20.830000000000002,-0.0,-29.326
20.835,-0.0,-17.595
20.84,-0.0,-11.73
20.845,-0.0,0.0
20.85,-0.0,5.865
20.855,-0.0,0.0
20.86,-0.0,5.865
20.865000000000002,-0.0,11.73
20.87,-0.0,17.595
20.875,-0.0,17.595
20.88,-0.0,11.73
20.885,-0.0,5.865
20.89,-0.0,5.865
20.895,-0.0,11.73
20.900000000000002,-0.0,11.73
20.905,-0.0,11.73
20.91,-0.0,11.73
20.915,-0.0,5.865
20.92,-0.0,5.865
20.925,-0.0,11.73
20.93,-0.0,11.73
20.935,-0.0,11.73
20.94,-0.0,5.865
20.945,-0.0,0.0
20.95,-0.0,-5.865
20.955000000000002,-0.0,-5.865
20.96,-0.0,-5.865
20.965,-0.0,-5.865
20.97,-0.0,-5.865
20.975,-0.0,-5.865
20.98,-0.0,-5.865
20.985,-0.0,-5.865
20.990000000000002,-0.0,-5.865
20.995,-0.0,-5.865
21.0,-0.0,-5.865
21.005,-0.0,-5.865
21.01,-0.0,0.0
21.015,-0.0,0.0
21.02,-0.0,5.865
21.025000000000002,-0.0,5.865
21.03,-0.0,11.73
21.035,-0.0,11.73
21.04,-0.0,5.865
21.045,-0.0,5.865
21.05,-0.0,5.865
21.055,-0.0,11.73
21.06,-0.0,11.73
21.065,-0.0,11.73
21.07,-0.0,11.73
21.075,-0.0,11.73
21.080000000000002,-0.0,17.595
21.085,-0.0,17.595
21.09,-0.0,17.595
21.095,-0.0,23.46
21.1,-0.0,23.46
21.105,-0.0,23.46
21.11,-0.0,23.46
21.115000000000002,-0.0,23.46
21.12,-0.0,29.326
21.125,-0.0,29.326
21.13,-0.0,29.326
21.135,-0.0,23.46
21.14,-0.0,23.46
21.145,-0.0,17.595
21.150000000000002,-0.0,17.595
21.155,-0.0,11.73
21.16,-0.0,5.865
21.165,-0.0,5.865
21.17,-0.0,0.0
21.175,-0.0,0.0
21.18,-0.0,-5.865
21.185,-0.0,-5.865
21.19,-0.0,-5.865
21.195,-0.0,-5.865
21.2,-0.0,-5.865
21.205000000000002,-0.0,0.0
21.21,-0.0,0.0
21.215,-0.0,0.0
21.22,-0.0,5.865
21.225,-0.0,5.865
21.23,-0.0,5.865
21.235,-0.0,5.865
21.240000000000002,-0.0,5.865
21.245,-0.0,0.0
21.25,-0.0,0.0
21.255,-0.0,0.0
21.26,-0.0,-5.865
21.265,-0.0,-5.865
21.27,-0.0,-5.865
21.275000000000002,-0.0,-5.865
21.28,-0.0,-5.865
21.285,-0.0,-5.865
21.29,-0.0,-5.865
21.295,-0.0,-5.865
21.3,-0.0,-5.865
21.305,-0.0,-5.865
21.31,-0.0,-5.865
21.315,-0.0,-5.865
21.32,-0.0,0.0
21.325,-0.0,0.0
21.330000000000002,-0.0,5.865
21.335,-0.0,5.865
21.34,-0.0,5.865
21.345,-0.0,11.73
21.35,-0.0,11.73
21.355,-0.0,5.865
21.36,-0.0,5.865
21.365000000000002,-0.0,5.865
21.37,-0.0,11.73
21.375,-0.0,11.73
21.38,-0.0,11.73
21.385,-0.0,11.73
21.39,-0.0,11.73
21.395,-0.0,5.865
21.400000000000002,-0.0,11.73
21.405,-0.0,11.73
21.41,-0.0,11.73
21.415,-0.0,17.595
21.42,-0.0,11.73
21.425,-0.0,0.0
21.43,-0.0,-11.73
21.435,-0.0,-11.73
21.44,-0.0,-11.73
21.445,-0.0,-5.865
21.45,-0.0,0.0
21.455000000000002,-0.0,0.0
21.46,-0.0,0.0
21.465,-0.0,0.0
21.47,-0.0,-5.865
21.475,-0.0,-5.865
21.48,-0.0,0.0
21.485,-0.0,0.0
21.490000000000002,-0.0,0.0
21.495,-0.0,0.0
21.5,-0.0,0.0
21.505,-0.0,5.865
21.51,-0.0,5.865
21.515,-0.0,5.865
21.52,-0.0,5.865
21.525000000000002,-0.0,0.0
21.53,-0.0,0.0
21.535,-0.0,0.0
21.54,-0.0,-5.865
21.545,-0.0,17.595
21.55,-0.0,46.921
21.555,-0.0,46.921
21.56,-0.0,41.056
21.565,-0.0,46.921
21.57,-0.0,58.651
21.575,-0.0,58.651
21.580000000000002,-0.0,41.056
21.585,-0.0,11.73
21.59,-0.0,-23.46
21.595,-0.0,-52.786
21.6,-0.0,-35.191
21.605,-0.0,0.0
21.61,-0.0,0.0
21.615000000000002,-0.0,-5.865
21.62,-0.0,-5.865
21.625,-0.0,-5.865
21.63,-0.0,-5.865
21.635,-0.0,-5.865
21.64,-0.0,-5.865
21.645,-0.0,-5.865
21.650000000000002,-0.0,-5.865
21.655,-0.0,-11.73
21.66,-0.0,-11.73
21.665,-0.0,-5.865
21.67,-0.0,0.0
21.675,-0.0,-5.865
21.68,-0.0,-5.865
21.685,-0.0,-5.865
21.69,-0.0,-5.865
21.695,-0.0,0.0
21.7,-0.0,0.0
21.705000000000002,-0.0,5.865
21.71,-0.0,5.865
21.715,-0.0,5.865
21.72,-0.0,5.865
21.725,-0.0,5.865
21.73,-0.0,5.865
21.735,-0.0,0.0
21.740000000000002,-0.0,5.865
21.745,-0.0,5.865
21.75,-0.0,11.73
21.755,-0.0,-11.73
21.76,-0.0,-23.46
21.765,-0.0,-5.865
21.77,-0.0,5.865
21.775000000000002,-0.0,5.865
21.78,-0.0,5.865
21.785,-0.0,5.865
21.79,-0.0,5.865
21.795,-0.0,5.865
21.8,-0.0,5.865
21.805,-0.0,5.865
21.81,-0.0,0.0
21.815,-0.0,0.0
21.82,-0.0,0.0
21.825,-0.0,0.0
21.830000000000002,-0.0,0.0
21.835,-0.0,0.0
21.84,-0.0,0.0
21.845,-0.0,5.865
21.85,-0.0,0.0
21.855,-0.0,0.0
21.86,-0.0,0.0
21.865000000000002,-0.0,0.0
21.87,-0.0,0.0
21.875,-0.0,5.865
21.88,-0.0,5.865
21.885,-0.0,5.865
21.89,-0.0,5.865
21.895,-0.0,5.865
21.900000000000002,-0.0,5.865
21.905,-0.0,0.0
21.91,-0.0,0.0
21.915,-0.0,0.0
21.92,-0.0,0.0
21.925,-0.0,0.0
21.93,-0.0,0.0
21.935,-0.0,0.0
21.94,-0.0,0.0
21.945,-0.0,5.865
21.95,-0.0,0.0
21.955000000000002,-0.0,0.0
21.96,-0.0,0.0
21.965,-0.0,0.0
21.97,-0.0,0.0
21.975,-0.0,0.0
21.98,-0.0,0.0
21.985,-0.0,0.0
21.990000000000002,-0.0,5.865
21.995,-0.0,5.865
22.0,-0.0,5.865
22.005,-0.0,5.865
22.01,-0.0,5.865
22.015,-0.0,5.865
22.02,-0.0,5.865
22.025000000000002,-0.0,5.865
22.03,-0.0,5.865
22.035,-0.0,5.865
22.04,-0.0,5.865
22.045,-0.0,11.73
22.05,-0.0,11.73
22.055,-0.0,5.865
22.06,-0.0,5.865
22.065,-0.0,5.865
22.07,-0.0,5.865
22.075,-0.0,5.865
22.080000000000002,-0.0,5.865
22.085,-0.0,5.865
22.09,-0.0,5.865
22.095,-0.0,5.865
22.1,-0.0,5.865
22.105,-0.0,5.865
22.11,-0.0,5.865
22.115000000000002,-0.0,5.865
22.12,-0.0,5.865
22.125,-0.0,5.865
22.13,-0.0,5.865
22.135,-0.0,11.73
22.14,-0.0,17.595
22.145,-0.0,17.595
22.150000000000002,-0.0,17.595
22.155,-0.0,17.595
22.16,-0.0,17.595
22.165,-0.0,17.595
22.17,-0.0,17.595
22.175,-0.0,17.595
22.18,-0.0,17.595
22.185,-0.0,11.73
22.19,-0.0,11.73
22.195,-0.0,11.73
22.2,-0.0,11.73
22.205000000000002,-0.0,11.73
22.21,-0.0,11.73
22.215,-0.0,11.73
22.22,-0.0,11.73
22.225,-0.0,11.73
22.23,-0.0,11.73
22.235,-0.0,11.73
22.240000000000002,-0.0,5.865
22.245,-0.0,5.865
22.25,-0.0,5.865
22.255,-0.0,5.865
22.26,-0.0,5.865
22.265,-0.0,5.865
22.27,-0.0,5.865
22.275000000000002,-0.0,5.865
22.28,-0.0,5.865
22.285,-0.0,5.865
22.29,-0.0,5.865
22.295,-0.0,5.865
22.3,-0.0,5.865
22.305,-0.0,5.865
22.31,-0.0,5.865
22.315,-0.0,5.865
22.32,-0.0,5.865
22.325,-0.0,11.73
22.330000000000002,-0.0,11.73
22.335,-0.0,11.73
22.34,-0.0,5.865
22.345,-0.0,5.865
22.35,-0.0,5.865
22.355,-0.0,5.865
22.36,-0.0,5.865
22.365000000000002,-0.0,0.0
22.37,-0.0,0.0
22.375,-0.0,0.0
22.38,-0.0,0.0
22.385,-0.0,0.0
22.39,-0.0,0.0
22.395,-0.0,0.0
22.400000000000002,-0.0,0.0
22.405,-0.0,0.0
22.41,-0.0,0.0
22.415,-0.0,0.0
22.42,-0.0,5.865
22.425,-0.0,5.865
22.43,-0.0,5.865
22.435,-0.0,5.865
22.44,-0.0,0.0
22.445,-0.0,0.0
22.45,-0.0,0.0
22.455000000000002,-0.0,-5.865
22.46,-0.0,-5.865
22.465,-0.0,-5.865
22.47,-0.0,-11.73
22.475,-0.0,-11.73
22.48,-0.0,-5.865
22.485,-0.0,-5.865
22.490000000000002,-0.0,0.0
22.495,-0.0,0.0
22.5,-0.0,0.0
22.505,-0.0,0.0
22.51,-0.0,5.865
22.515,-0.0,0.0
22.52,-0.0,5.865
22.525000000000002,-0.0,0.0
22.53,-0.0,0.0
22.535,-0.0,0.0
22.54,-0.0,0.0
22.545,-0.0,5.865
22.55,-0.0,5.865
22.555,-0.0,5.865
22.56,-0.0,5.865
22.565,-0.0,5.865
22.57,-0.0,5.865
22.575,-0.0,5.865
22.580000000000002,-0.0,5.865
22.585,-0.0,5.865
22.59,-0.0,5.865
22.595,-0.0,5.865
22.6,-0.0,5.865
22.605,-0.0,5.865
22.61,-0.0,0.0
22.615000000000002,-0.0,0.0
22.62,-0.0,-5.865
22.625,-0.0,0.0
22.63,-0.0,0.0
22.635,-0.0,0.0
22.64,-0.0,0.0
22.645,-0.0,0.0
22.650000000000002,-0.0,0.0
22.655,-0.0,0.0
22.66,-0.0,0.0
22.665,-0.0,0.0
22.67,-0.0,-5.865
22.675,-0.0,-5.865
22.68,-0.0,-5.865
22.685,-0.0,-5.865
22.69,-0.0,-5.865
22.695,-0.0,-5.865
22.7,-0.0,-5.865
22.705000000000002,-0.0,-5.865
22.71,-0.0,0.0
22.715,-0.0,0.0
22.72,-0.0,0.0
22.725,-0.0,0.0
22.73,-0.0,-5.865
22.735,-0.0,-5.865
22.740000000000002,-0.0,-5.865
22.745,-0.0,-5.865
22.75,-0.0,0.0
22.755,-0.0,0.0
22.76,-0.0,0.0
22.765,-0.0,0.0
22.77,-0.0,0.0
22.775000000000002,-0.0,0.0
22.78,-0.0,-5.865
22.785,-0.0,-5.865
22.79,-0.0,-5.865
22.795,-0.0,-5.865
22.8,-0.0,-5.865
22.805,-0.0,-5.865
22.81,-0.0,-11.73
22.815,-0.0,-11.73
22.82,-0.0,-11.73
22.825,-0.0,-11.73
22.830000000000002,-0.0,-11.73
22.835,-0.0,-11.73
22.84,-0.0,-11.73
22.845,-0.0,-5.865
22.85,-0.0,-5.865
22.855,-0.0,-5.865
22.86,-0.0,-5.865
22.865000000000002,-0.0,0.0
22.87,-0.0,0.0
22.875,-0.0,5.865
22.88,-0.0,5.865
22.885,-0.0,5.865
22.89,-0.0,5.865
22.895,-0.0,5.865
22.900000000000002,-0.0,5.865
22.905,-0.0,0.0
22.91,-0.0,0.0
22.915,-0.0,0.0
22.92,-0.0,0.0
22.925,-0.0,0.0
22.93,-0.0,0.0
22.935,-0.0,0.0
22.94,-0.0,0.0
22.945,-0.0,0.0
22.95,-0.0,5.865
22.955000000000002,-0.0,5.865
22.96,-0.0,5.865
22.965,-0.0,5.865
22.97,-0.0,5.865
22.975,-0.0,0.0
22.98,-0.0,0.0
22.985,-0.0,0.0
22.990000000000002,-0.0,0.0
22.995,-0.0,0.0
23.0,-0.0,0.0
23.005,-0.0,5.865
23.01,-0.0,5.865
23.015,-0.0,5.865
23.02,-0.0,11.73
23.025000000000002,-0.0,11.73
23.03,-0.0,11.73
23.035,-0.0,11.73
23.04,-0.0,11.73
23.045,-0.0,11.73
23.05,-0.0,11.73
23.055,-0.0,17.595
23.06,-0.0,17.595
23.065,-0.0,23.46
23.07,-0.0,17.595
23.075,-0.0,11.73
23.080000000000002,-0.0,5.865
23.085,-0.0,5.865
23.09,-0.0,5.865
23.095,-0.0,5.865
23.1,-0.0,5.865
23.105,-0.0,0.0
23.11,-0.0,-5.865
23.115000000000002,-0.0,-5.865
23.12,-0.0,-5.865
23.125,-0.0,0.0
23.13,-0.0,0.0
23.135,-0.0,0.0
23.14,-0.0,0.0
23.145,-0.0,0.0
23.150000000000002,-0.0,0.0
23.155,-0.0,5.865
23.16,-0.0,5.865
23.165,-0.0,17.595
23.17,-0.0,17.595
23.175,-0.0,5.865
23.18,-0.0,5.865
23.185,-0.0,0.0
23.19,-0.0,0.0
23.195,-0.0,11.73
23.2,-0.0,11.73
23.205000000000002,-0.0,23.46
23.21,-0.0,23.46
23.215,-0.0,17.595
23.22,-0.0,23.46
23.225,-0.0,23.46
23.23,-0.0,17.595
23.235,-0.0,11.73
23.240000000000002,-0.0,5.865
23.245,-0.0,0.0
23.25,-0.0,0.0
23.255,-0.0,0.0
23.26,-0.0,-5.865
23.265,-0.0,-5.865
23.27,-0.0,-11.73
23.275000000000002,-0.0,-5.865
23.28,-0.0,-5.865
23.285,-0.0,-5.865
23.29,-0.0,-11.73
23.295,-0.0,-11.73
23.3,-0.0,-17.595
23.305,-0.0,-23.46
23.31,-0.0,-29.326
23.315,-0.0,-41.056
23.32,-0.0,-46.921
23.325,-0.0,-46.921
23.330000000000002,-0.0,-46.921
23.335,-0.0,-46.921
23.34,-0.0,-52.786
23.345,-0.0,-52.786
23.35,-0.0,-58.651
23.355,-0.0,-58.651
23.36,-0.0,-58.651
23.365000000000002,-0.0,-52.786
23.37,-0.0,-52.786
23.375,-0.0,-52.786
23.38,-0.0,-52.786
23.385,-0.0,-52.786
23.39,-0.0,-46.921
23.395,-0.0,-41.056
23.400000000000002,-0.0,-41.056
23.405,-0.0,-35.191
23.41,-0.0,-29.326
23.415,-0.0,-29.326
23.42,-0.0,-29.326
23.425,-0.0,-35.191
23.43,-0.0,-29.326
23.435,-0.0,-23.46
23.44,-0.0,-23.46
23.445,-0.0,-23.46
23.45,-0.0,-23.46
23.455000000000002,-0.0,-23.46
23.46,-0.0,-17.595
23.465,-0.0,-17.595
23.47,-0.0,-17.595
23.475,-0.0,-17.595
23.48,-0.0,-11.73
23.485,-0.0,-11.73
23.490000000000002,-0.0,-11.73
23.495,-0.0,-17.595
23.5,-0.0,-17.595
23.505,-0.0,-17.595
23.51,-0.0,-11.73
23.515,-0.0,-11.73
23.52,-0.0,-23.46
23.525000000000002,-0.0,-17.595
23.53,-0.0,-5.865
23.535,-0.0,0.0
23.54,-0.0,0.0
23.545,-0.0,-5.865
23.55,-0.0,-5.865
23.555,-0.0,11.73
23.56,-0.0,17.595
23.565,-0.0,17.595
23.57,-0.0,23.46
23.575,-0.0,23.46
23.580000000000002,-0.0,29.326
23.585,-0.0,35.191
23.59,-0.0,41.056
23.595,-0.0,46.921
23.6,-0.0,58.651
23.605,-0.0,64.516
23.61,-0.0,58.651
23.615000000000002,-0.0,58.651
23.62,-0.0,58.651
23.625,-0.0,64.516
23.63,-0.0,70.381
23.635,-0.0,64.516
23.64,-0.0,64.516
23.645,-0.0,64.516
23.650000000000002,-0.0,64.516
23.655,-0.0,58.651
23.66,-0.0,52.786
23.665,-0.0,46.921
23.67,-0.0,41.056
23.675,-0.0,41.056
23.68,-0.0,35.191
23.685,-0.0,41.056
23.69,-0.0,41.056
23.695,-0.0,29.326
23.7,-0.0,23.46
23.705000000000002,-0.0,17.595
23.71,-0.0,11.73
23.715,-0.0,11.73
23.72,-0.0,0.0
23.725,-0.0,-5.865
23.73,-0.0,-11.73
23.735,-0.0,-11.73
23.740000000000002,-0.0,-23.46
23.745,-0.0,-29.326
23.75,-0.0,-29.326
23.755,-0.0,-35.191
23.76,-0.0,-35.191
23.765,-0.0,-35.191
23.77,-0.0,-29.326
23.775000000000002,-0.0,-29.326
23.78,-0.0,-23.46
23.785,-0.0,-23.46
23.79,-0.0,-17.595
23.795,-0.0,-11.73
23.8,-0.0,-11.73
23.805,-0.0,-5.865
23.81,-0.0,-5.865
23.815,-0.0,0.0
23.82,-0.0,0.0
23.825,-0.0,-5.865
23.830000000000002,-0.0,-5.865
23.835,-0.0,-5.865
23.84,-0.0,-11.73
23.845,-0.0,-11.73
23.85,-0.0,-11.73
23.855,-0.0,-11.73
23.86,-0.0,-11.73
23.865000000000002,-0.0,-5.865
23.87,-0.0,-11.73
23.875,-0.0,-5.865
23.88,-0.0,-5.865
23.885,-0.0,-5.865
23.89,-0.0,0.0
23.895,-0.0,0.0
23.900000000000002,-0.0,0.0
23.905,-0.0,0.0
23.91,-0.0,0.0
23.915,-0.0,0.0
23.92,-0.0,0.0
23.925,-0.0,0.0
23.93,-0.0,5.865
23.935000000000002,-0.0,0.0
23.94,-0.0,0.0
23.945,-0.0,0.0
23.95,-0.0,0.0
23.955000000000002,-0.0,0.0
23.96,-0.0,0.0
23.965,-0.0,0.0
23.97,-0.0,0.0
23.975,-0.0,0.0
23.98,-0.0,0.0
23.985,-0.0,0.0
23.990000000000002,-0.0,0.0
23.995,-0.0,5.865
24.0,-0.0,5.865
24.005,-0.0,5.865
24.01,-0.0,5.865
24.015,-0.0,5.865
24.02,-0.0,5.865
24.025000000000002,-0.0,5.865
24.03,-0.0,5.865
24.035,-0.0,5.865
24.04,-0.0,5.865
24.045,-0.0,11.73
24.05,-0.0,11.73
24.055,-0.0,11.73
24.060000000000002,-0.0,11.73
24.065,-0.0,11.73
24.07,-0.0,11.73
24.075,-0.0,11.73
24.080000000000002,-0.0,5.865
24.085,-0.0,5.865
24.09,-0.0,0.0
24.095,-0.0,0.0
24.1,-0.0,0.0
24.105,-0.0,-5.865
24.11,-0.0,-5.865
24.115000000000002,-0.0,-5.865
24.12,-0.0,-5.865
24.125,-0.0,-5.865
24.13,-0.0,0.0
24.135,-0.0,-5.865
24.14,-0.0,0.0
24.145,-0.0,0.0
24.150000000000002,-0.0,0.0
24.155,-0.0,0.0
24.16,-0.0,0.0
24.165,-0.0,0.0
24.17,-0.0,0.0
24.175,-0.0,0.0
24.18,-0.0,5.865
24.185000000000002,-0.0,0.0
24.19,-0.0,0.0
24.195,-0.0,5.865
24.2,-0.0,0.0
24.205000000000002,-0.0,5.865
24.21,-0.0,5.865
24.215,-0.0,5.865
24.22,-0.0,5.865
24.225,-0.0,5.865
24.23,-0.0,5.865
24.235,-0.0,11.73
24.240000000000002,-0.0,11.73
24.245,-0.0,17.595
24.25,-0.0,17.595
24.255,-0.0,17.595
24.26,-0.0,23.46
24.265,-0.0,23.46
24.27,-0.0,23.46
24.275000000000002,-0.0,23.46
24.28,-0.0,17.595
24.285,-0.0,17.595
24.29,-0.0,11.73
24.295,-0.0,5.865
24.3,-0.0,0.0
24.305,-0.0,0.0
24.310000000000002,-0.0,0.0
24.315,-0.0,-5.865
24.32,-0.0,-5.865
24.325,-0.0,-11.73
24.330000000000002,-0.0,-11.73
24.335,-0.0,-11.73
24.34,-0.0,-5.865
24.345,-0.0,-5.865
24.35,-0.0,-5.865
24.355,-0.0,-5.865
24.36,-0.0,-5.865
24.365000000000002,-0.0,0.0
24.37,-0.0,0.0
24.375,-0.0,0.0
24.38,-0.0,0.0
24.385,-0.0,0.0
24.39,-0.0,0.0
24.395,-0.0,0.0
24.400000000000002,-0.0,0.0
24.405,-0.0,0.0
24.41,-0.0,0.0
24.415,-0.0,0.0
24.42,-0.0,0.0
24.425,-0.0,0.0
24.43,-0.0,0.0
24.435000000000002,-0.0,0.0
24.44,-0.0,0.0
24.445,-0.0,0.0
24.45,-0.0,0.0
24.455000000000002,-0.0,0.0
24.46,-0.0,0.0
24.465,-0.0,0.0
24.47,-0.0,0.0
24.475,-0.0,0.0
24.48,-0.0,0.0
24.485,-0.0,0.0
24.490000000000002,-0.0,0.0
24.495,-0.0,0.0
24.5,-0.0,0.0
24.505,-0.0,0.0
24.51,-0.0,0.0
24.515,-0.0,0.0
24.52,-0.0,0.0
24.525000000000002,-0.0,0.0
24.53,-0.0,0.0
24.535,-0.0,0.0
24.54,-0.0,0.0
24.545,-0.0,0.0
24.55,-0.0,0.0
24.555,-0.0,0.0
24.560000000000002,-0.0,0.0
24.565,-0.0,0.0
24.57,-0.0,0.0
24.575,-0.0,0.0
24.580000000000002,-0.0,0.0
24.585,-0.0,0.0
24.59,-0.0,0.0
24.595,-0.0,0.0
24.6,-0.0,0.0
24.605,-0.0,0.0
24.61,-0.0,0.0
24.615000000000002,-0.0,0.0
24.62,-0.0,0.0
24.625,-0.0,0.0
24.63,-0.0,0.0
24.635,-0.0,0.0
24.64,-0.0,0.0
24.645,-0.0,0.0
24.650000000000002,-0.0,0.0
24.655,-0.0,0.0
24.66,-0.0,0.0
24.665,-0.0,0.0
24.67,-0.0,0.0
24.675,-0.0,0.0
24.68,-0.0,0.0
24.685000000000002,-0.0,0.0
24.69,-0.0,0.0
24.695,-0.0,0.0
24.7,-0.0,0.0
24.705000000000002,-0.0,0.0
24.71,-0.0,0.0
24.715,-0.0,0.0
24.72,-0.0,0.0
24.725,-0.0,0.0
24.73,-0.0,0.0
24.735,-0.0,0.0
24.740000000000002,-0.0,0.0
24.745,-0.0,0.0
24.75,-0.0,0.0
24.755,-0.0,0.0
24.76,-0.0,0.0
24.765,-0.0,0.0
24.77,-0.0,0.0
24.775000000000002,-0.0,0.0
24.78,-0.0,0.0
24.785,-0.0,0.0
24.79,-0.0,0.0
24.795,-0.0,0.0
24.8,-0.0,0.0
24.805,-0.0,0.0
24.810000000000002,-0.0,0.0
24.815,-0.0,0.0
24.82,-0.0,0.0
24.825,-0.0,0.0
24.830000000000002,-0.0,0.0
24.835,-0.0,0.0
24.84,-0.0,0.0
24.845,-0.0,0.0
24.85,-0.0,0.0
24.855,-0.0,0.0
24.86,-0.0,0.0
24.865000000000002,-0.0,0.0
24.87,-0.0,0.0
24.875,-0.0,0.0
24.88,-0.0,0.0
24.885,-0.0,0.0
24.89,-0.0,0.0
24.895,-0.0,0.0
24.900000000000002,-0.0,0.0
24.905,-0.0,0.0
24.91,-0.0,0.0
24.915,-0.0,0.0
24.92,-0.0,0.0
24.925,-0.0,0.0
24.93,-0.0,0.0
24.935000000000002,-0.0,0.0
24.94,-0.0,0.0
24.945,-0.0,0.0
24.95,-0.0,0.0
24.955000000000002,-0.0,0.0
24.96,-0.0,0.0
24.965,-0.0,0.0
24.97,-0.0,0.0
24.975,-0.0,0.0
24.98,-0.0,0.0
24.985,-0.0,0.0
24.990000000000002,-0.0,0.0
24.995,-0.0,0.0
25.0,-0.0,0.0
25.005,-0.0,0.0
25.01,-0.0,0.0
25.015,-0.0,0.0
25.02,-0.0,0.0
25.025000000000002,-0.0,0.0
25.03,-0.0,0.0
25.035,-0.0,0.0
25.04,-0.0,0.0
25.045,-0.0,0.0
25.05,-0.0,0.0
25.055,-0.0,0.0
25.060000000000002,-0.0,0.0
25.065,-0.0,0.0
25.07,-0.0,0.0
25.075,-0.0,0.0
25.080000000000002,-0.0,0.0
25.085,-0.0,0.0
25.09,-0.0,0.0
25.095,-0.0,0.0
25.1,-0.0,0.0
25.105,-0.0,0.0
25.11,-0.0,0.0
25.115000000000002,-0.0,0.0
25.12,-0.0,0.0
25.125,-0.0,0.0
25.13,-0.0,0.0
25.135,-0.0,0.0
25.14,-0.0,0.0
25.145,-0.0,0.0
25.150000000000002,-0.0,0.0
25.155,-0.0,0.0
25.16,-0.0,0.0
25.165,-0.0,0.0
25.17,-0.0,0.0
25.175,-0.0,0.0
25.18,-0.0,0.0
25.185000000000002,-0.0,0.0
25.19,-0.0,0.0
25.195,-0.0,0.0
25.2,-0.0,0.0
25.205000000000002,-0.0,0.0
25.21,-0.0,0.0
25.215,-0.0,0.0
25.22,-0.0,0.0
25.225,-0.0,0.0
25.23,-0.0,0.0
25.235,-0.0,0.0
25.240000000000002,-0.0,0.0
25.245,-0.0,0.0
25.25,-0.0,0.0
25.255,-0.0,0.0
25.26,-0.0,0.0
25.265,-0.0,0.0
25.27,-0.0,0.0
25.275000000000002,-0.0,0.0
25.28,-0.0,0.0
25.285,-0.0,0.0
25.29,-0.0,0.0
25.295,-0.0,0.0
25.3,-0.0,0.0
25.305,-0.0,0.0
25.310000000000002,-0.0,0.0
25.315,-0.0,0.0
25.32,-0.0,0.0
25.325,-0.0,0.0
25.330000000000002,-0.0,0.0
25.335,-0.0,0.0
25.34,-0.0,0.0
25.345,-0.0,0.0
25.35,-0.0,0.0
25.355,-0.0,0.0
25.36,-0.0,0.0
25.365000000000002,-0.0,0.0
25.37,-0.0,0.0
25.375,-0.0,0.0
25.38,-0.0,0.0
25.385,-0.0,0.0
25.39,-0.0,0.0
25.395,-0.0,0.0
25.400000000000002,-0.0,0.0
25.405,-0.0,0.0
25.41,-0.0,0.0
25.415,-0.0,0.0
25.42,-0.0,0.0
25.425,-0.0,0.0
25.43,-0.0,0.0
25.435000000000002,-0.0,0.0
25.44,-0.0,0.0
25.445,-0.0,0.0
25.45,-0.0,0.0
25.455000000000002,-0.0,0.0
25.46,-0.0,0.0
25.465,-0.0,0.0
25.47,-0.0,0.0
25.475,-0.0,0.0
25.48,-0.0,0.0
25.485,-0.0,0.0
25.490000000000002,-0.0,0.0
25.495,-0.0,0.0
25.5,-0.0,0.0
25.505,-0.0,0.0
25.51,-0.0,0.0
25.515,-0.0,0.0
25.52,-0.0,0.0
25.525000000000002,-0.0,0.0
25.53,-0.0,0.0
25.535,-0.0,0.0
25.54,-0.0,0.0
25.545,-0.0,0.0
25.55,-0.0,0.0
25.555,-0.0,0.0
25.560000000000002,-0.0,0.0
25.565,-0.0,0.0
25.57,-0.0,0.0
25.575,-0.0,0.0
25.580000000000002,-0.0,0.0
25.585,-0.0,0.0
25.59,-0.0,0.0
25.595,-0.0,0.0
25.6,-0.0,0.0
25.605,-0.0,0.0
25.61,-0.0,0.0
25.615000000000002,-0.0,0.0
25.62,-0.0,0.0
25.625,-0.0,0.0
25.63,-0.0,0.0
25.635,-0.0,0.0
25.64,-0.0,0.0
25.645,-0.0,0.0
25.650000000000002,-0.0,0.0
25.655,-0.0,0.0
25.66,-0.0,0.0
25.665,-0.0,0.0
25.67,-0.0,0.0
25.675,-0.0,0.0
25.68,-0.0,0.0
25.685000000000002,-0.0,0.0
25.69,-0.0,0.0
25.695,-0.0,0.0
25.7,-0.0,0.0
25.705000000000002,-0.0,0.0
25.71,-0.0,0.0
25.715,-0.0,0.0
25.72,-0.0,0.0
25.725,-0.0,0.0
25.73,-0.0,0.0
25.735,-0.0,0.0
25.740000000000002,-0.0,0.0
25.745,-0.0,0.0
25.75,-0.0,0.0
25.755,-0.0,0.0
25.76,-0.0,0.0
25.765,-0.0,0.0
25.77,-0.0,0.0
25.775000000000002,-0.0,0.0
25.78,-0.0,0.0
25.785,-0.0,0.0
25.79,-0.0,0.0
25.795,-0.0,0.0
25.8,-0.0,0.0
25.805,-0.0,0.0
25.810000000000002,-0.0,0.0
25.815,-0.0,0.0
25.82,-0.0,0.0
25.825,-0.0,0.0
25.830000000000002,-0.0,0.0
25.835,-0.0,0.0
25.84,-0.0,0.0
25.845,-0.0,0.0
25.85,-0.0,0.0
25.855,-0.0,0.0
25.86,-0.0,0.0
25.865000000000002,-0.0,0.0
25.87,-0.0,0.0
25.875,-0.0,0.0
25.88,-0.0,0.0
25.885,-0.0,0.0
25.89,-0.0,0.0
25.895,-0.0,0.0
25.900000000000002,-0.0,0.0
25.905,-0.0,0.0
25.91,-0.0,0.0
25.915,-0.0,0.0
25.92,-0.0,0.0
25.925,-0.0,0.0
25.93,-0.0,0.0
25.935000000000002,-0.0,0.0
25.94,-0.0,0.0
25.945,-0.0,0.0
25.95,-0.0,0.0
25.955000000000002,-0.0,0.0
25.96,-0.0,0.0
25.965,-0.0,0.0
25.97,-5.865,0.0
25.975,-5.865,0.0
25.98,-5.865,0.0
25.985,-11.73,0.0
25.990000000000002,-11.73,0.0
25.995,-11.73,0.0
26.0,-17.595,0.0
26.005,-17.595,0.0
26.01,-23.46,0.0
26.015,-23.46,0.0
26.02,-29.326,0.0
26.025000000000002,-29.326,0.0
26.03,-35.191,0.0
26.035,-41.056,0.0
26.04,-46.921,0.0
26.045,-52.786,0.0
26.05,-52.786,0.0
26.055,-58.651,0.0
26.060000000000002,-58.651,0.0
26.065,-64.516,0.0
26.07,-64.516,0.0
26.075,-70.381,0.0
26.080000000000002,-76.246,0.0
26.085,-76.246,0.0
26.09,-82.111,0.0
26.095,-82.111,0.0
26.1,-87.977,0.0
26.105,-93.842,0.0
26.11,-93.842,0.0
26.115000000000002,-99.707,0.0
26.12,-105.572,0.0
26.125,-105.572,0.0
26.13,-111.437,0.0
26.135,-111.437,0.0
26.14,-117.302,0.0
26.145,-117.302,-5.865
26.150000000000002,-123.167,0.0
26.155,-123.167,-5.865
26.16,-129.032,0.0
26.165,-129.032,0.0
26.17,-129.032,0.0
26.175,-134.897,-5.865
26.18,-134.897,0.0
26.185000000000002,-140.762,0.0
26.19,-140.762,0.0
26.195,-140.762,0.0
26.2,-140.762,0.0
26.205000000000002,-146.628,0.0
26.21,-146.628,0.0
26.215,-146.628,0.0
26.22,-146.628,0.0
26.225,-146.628,0.0
26.23,-146.628,0.0
26.235,-146.628,0.0
26.240000000000002,-146.628,0.0
26.245,-146.628,0.0
26.25,-140.762,0.0
26.255,-140.762,0.0
26.26,-134.897,0.0
26.265,-134.897,0.0
26.27,-129.032,0.0
26.275000000000002,-129.032,0.0
26.28,-123.167,0.0
26.285,-123.167,0.0
26.29,-117.302,0.0
26.295,-117.302,0.0
26.3,-111.437,-5.865
26.305,-111.437,-5.865
26.310000000000002,-105.572,-5.865
26.315,-105.572,-5.865
26.32,-99.707,-5.865
26.325,-99.707,-5.865
26.330000000000002,-93.842,-5.865
26.335,-87.977,-11.73
26.34,-76.246,-11.73
26.345,-41.056,-11.73
26.35,-5.865,-17.595
26.355,5.865,-17.595
26.36,-23.46,-17.595
26.365000000000002,-52.786,-17.595
26.37,-35.191,-17.595
26.375,-23.46,-17.595
26.38,-11.73,-23.46
26.385,-17.595,-23.46
26.39,-11.73,-23.46
26.395,-5.865,-29.326
26.400000000000002,-0.0,-35.191
26.405,-0.0,-35.191
26.41,-5.865,-41.056
26.415,-5.865,-46.921
26.42,-0.0,-52.786
26.425,-0.0,-58.651
26.43,-0.0,-58.651
26.435000000000002,-0.0,-64.516
26.44,-0.0,-70.381
26.445,-0.0,-70.381
26.45,-0.0,-70.381
26.455000000000002,-0.0,-76.246
26.46,-0.0,-82.111
26.465,-0.0,-82.111
26.47,-0.0,-87.977
26.475,-5.865,-87.977
26.48,-5.865,-93.842
26.485,-5.865,-93.842
26.490000000000002,-11.73,-99.707
26.495,-11.73,-99.707
26.5,-11.73,-105.572
26.505,-11.73,-105.572
26.51,-11.73,-105.572
26.515,-11.73,-111.437
26.52,-11.73,-111.437
26.525000000000002,-11.73,-111.437
26.53,-11.73,-111.437
26.535,-11.73,-111.437
26.54,-5.865,-111.437
26.545,-5.865,-117.302
26.55,-5.865,-111.437
26.555,-5.865,-117.302
26.560000000000002,-5.865,-117.302
26.565,-5.865,-117.302
26.57,-5.865,-117.302
26.575,-5.865,-117.302
26.580000000000002,-5.865,-123.167
26.585,-5.865,-123.167
26.59,-5.865,-123.167
26.595,-5.865,-123.167
26.6,-5.865,-129.032
26.605,-5.865,-129.032
26.61,-5.865,-123.167
26.615000000000002,-5.865,-111.437
26.62,-5.865,-93.842
26.625,-5.865,-87.977
26.63,-5.865,-105.572
26.635,-5.865,-123.167
26.64,-5.865,-117.302
26.645,-5.865,-117.302
26.650000000000002,-5.865,-117.302
26.655,-5.865,-123.167
26.66,-5.865,-117.302
26.665,-5.865,-117.302
26.67,-5.865,-117.302
26.675,-5.865,-117.302
26.68,-5.865,-117.302
26.685000000000002,-5.865,-123.167
26.69,-5.865,-123.167
26.695,-5.865,-123.167
26.7,-5.865,-123.167
26.705000000000002,-5.865,-123.167
26.71,-5.865,-123.167
26.715,-5.865,-123.167
26.72,-5.865,-123.167
26.725,-5.865,-117.302
26.73,-5.865,-117.302
26.735,-5.865,-117.302
26.740000000000002,-5.865,-117.302
26.745,-5.865,-117.302
26.75,-5.865,-117.302
26.755,-5.865,-117.302
26.76,-5.865,-111.437
26.765,-5.865,-111.437
26.77,-11.73,-111.437
26.775000000000002,-11.73,-105.572
26.78,-11.73,-105.572
26.785,-11.73,-99.707
26.79,-11.73,-99.707
26.795,-11.73,-93.842
26.8,-11.73,-93.842
26.805,-11.73,-93.842
26.810000000000002,-11.73,-87.977
26.815,-11.73,-87.977
26.82,-11.73,-82.111
26.825,-17.595,-76.246
26.830000000000002,-17.595,-70.381
26.835,-17.595,-70.381
26.84,-17.595,-64.516
26.845,-17.595,-58.651
26.85,-17.595,-52.786
26.855,-17.595,-52.786
26.86,-23.46,-46.921
26.865000000000002,-23.46,-41.056
26.87,-23.46,-35.191
26.875,-17.595,-35.191
26.88,-23.46,-29.326
26.885,-23.46,-23.46
26.89,-23.46,-17.595
26.895,-23.46,-17.595
26.900000000000002,-23.46,-11.73
26.905,-23.46,-5.865
26.91,-23.46,5.865
26.915,-23.46,17.595
26.92,-23.46,17.595
26.925,-23.46,11.73
26.93,-23.46,5.865
26.935000000000002,-23.46,0.0
26.94,-23.46,0.0
26.945,-23.46,0.0
26.95,-17.595,-5.865
26.955000000000002,-17.595,-5.865
26.96,-17.595,-11.73
26.965,-17.595,-11.73
26.97,-17.595,-11.73
26.975,-17.595,-11.73
26.98,-17.595,-5.865
26.985,-17.595,-5.865
26.990000000000002,-17.595,-5.865
26.995,-23.46,0.0
27.0,-17.595,0.0
27.005,-23.46,0.0
27.01,-17.595,0.0
27.015,-23.46,0.0
27.02,-23.46,0.0
27.025000000000002,-23.46,0.0
27.03,-23.46,0.0
27.035,-17.595,0.0
27.04,-17.595,0.0
27.045,-23.46,0.0
27.05,-17.595,-5.865
27.055,-17.595,0.0
27.060000000000002,-17.595,-5.865
27.065,-17.595,-5.865
27.07,-17.595,-5.865
27.075,-17.595,0.0
27.080000000000002,-17.595,-5.865
27.085,-17.595,0.0
27.09,-17.595,-5.865
27.095,-17.595,-5.865
27.1,-17.595,0.0
27.105,-17.595,0.0
27.11,-23.46,0.0
27.115000000000002,-23.46,0.0
27.12,-23.46,0.0
27.125,-17.595,0.0
27.13,-17.595,0.0
27.135,-17.595,0.0
27.14,-17.595,0.0
27.145,-17.595,0.0
27.150000000000002,-17.595,0.0
27.155,-17.595,0.0
27.16,-11.73,0.0
27.165,-11.73,0.0
27.17,-11.73,0.0
27.175,-11.73,0.0
27.18,-11.73,0.0
27.185000000000002,-5.865,0.0
27.19,-5.865,0.0
27.195,-5.865,0.0
27.2,-5.865,0.0
27.205000000000002,-5.865,0.0
27.21,-5.865,0.0
27.215,-5.865,0.0
27.22,-5.865,0.0
27.225,-5.865,0.0
27.23,-5.865,0.0
27.235,-5.865,0.0
27.240000000000002,-5.865,0.0
27.245,-5.865,0.0
27.25,-5.865,0.0
27.255,-5.865,0.0
27.26,-5.865,0.0
27.265,-5.865,0.0
27.27,-5.865,0.0
27.275000000000002,-11.73,0.0
27.28,-11.73,-5.865
27.285,-11.73,-5.865
27.29,-11.73,0.0
27.295,-11.73,0.0
27.3,-11.73,-5.865
27.305,-11.73,0.0
27.310000000000002,-17.595,-5.865
27.315,-11.73,-5.865
27.32,-17.595,-5.865
27.325,-11.73,-5.865
27.330000000000002,-11.73,-5.865
27.335,-11.73,-5.865
27.34,-11.73,-5.865
27.345,-11.73,-5.865
27.35,-11.73,-5.865
27.355,-11.73,-5.865
27.36,-11.73,-5.865
27.365000000000002,-11.73,-5.865
27.37,-11.73,-5.865
27.375,-11.73,-5.865
27.38,-11.73,-5.865
27.385,-11.73,0.0
27.39,-11.73,-5.865
27.395,-11.73,0.0
27.400000000000002,-11.73,0.0
27.405,-11.73,-5.865
27.41,-11.73,0.0
27.415,-11.73,0.0
27.42,-11.73,0.0
27.425,-11.73,0.0
27.43,-11.73,0.0
27.435000000000002,-11.73,0.0
27.44,-11.73,0.0
27.445,-11.73,0.0
27.45,-11.73,0.0
27.455000000000002,-11.73,0.0
27.46,-11.73,0.0
27.465,-11.73,0.0
27.47,-11.73,0.0
27.475,-11.73,5.865
27.48,-11.73,5.865
27.485,-11.73,5.865
27.490000000000002,-11.73,5.865
27.495,-11.73,5.865
27.5,-5.865,5.865
27.505,-5.865,5.865
27.51,-5.865,5.865
27.515,-5.865,5.865
27.52,-5.865,5.865
27.525000000000002,-5.865,11.73
27.53,-5.865,11.73
27.535,-5.865,11.73
27.54,-5.865,11.73
27.545,-0.0,11.73
27.55,-0.0,11.73
27.555,-0.0,11.73
27.560000000000002,-0.0,11.73
27.565,-0.0,11.73
27.57,-0.0,11.73
27.575,-0.0,11.73
27.580000000000002,-0.0,11.73
27.585,-0.0,11.73
27.59,-0.0,11.73
27.595,-0.0,11.73
27.6,-0.0,17.595
27.605,5.865,17.595
27.61,5.865,17.595
27.615000000000002,5.865,17.595
27.62,5.865,17.595
27.625,5.865,17.595
27.63,5.865,17.595
27.635,5.865,17.595
27.64,5.865,17.595
27.645,5.865,17.595
27.650000000000002,5.865,17.595
27.655,5.865,17.595
27.66,5.865,17.595
27.665,5.865,17.595
27.67,5.865,17.595
27.675,5.865,17.595
27.68,5.865,17.595
27.685000000000002,11.73,23.46
27.69,11.73,23.46
27.695,11.73,17.595
27.7,11.73,23.46
27.705000000000002,11.73,23.46
27.71,11.73,23.46
27.715,11.73,23.46
27.72,11.73,23.46
27.725,11.73,23.46
27.73,11.73,23.46
27.735,11.73,23.46
27.740000000000002,17.595,23.46
27.745,11.73,23.46
27.75,17.595,23.46
27.755,17.595,23.46
27.76,17.595,23.46
27.765,17.595,23.46
27.77,17.595,23.46
27.775000000000002,17.595,23.46
27.78,17.595,23.46
27.785,17.595,23.46
27.79,23.46,23.46
27.795,17.595,23.46
27.8,23.46,23.46
27.805,23.46,23.46
27.810000000000002,23.46,29.326
27.815,23.46,23.46
27.82,23.46,29.326
27.825,23.46,29.326
27.830000000000002,23.46,29.326
27.835,23.46,29.326
27.84,23.46,29.326
27.845,23.46,29.326
27.85,23.46,29.326
27.855,23.46,29.326
27.86,23.46,29.326
27.865000000000002,23.46,29.326
27.87,23.46,29.326
27.875,23.46,29.326
27.88,23.46,29.326
27.885,17.595,29.326
27.89,23.46,29.326
27.895,17.595,29.326
27.900000000000002,17.595,29.326
27.905,17.595,29.326
27.91,17.595,29.326
27.915,17.595,29.326
27.92,17.595,29.326
27.925,17.595,29.326
27.93,17.595,29.326
27.935000000000002,11.73,29.326
27.94,17.595,29.326
27.945,11.73,29.326
27.95,11.73,29.326
27.955000000000002,11.73,29.326
27.96,11.73,29.326
27.965,11.73,29.326
27.97,11.73,29.326
27.975,11.73,29.326
27.98,11.73,29.326
27.985,11.73,29.326
27.990000000000002,11.73,29.326
27.995,11.73,29.326
28.0,5.865,29.326
28.005,11.73,29.326
28.01,5.865,29.326
28.015,5.865,29.326
28.02,5.865,29.326
28.025000000000002,5.865,29.326
28.03,5.865,29.326
28.035,5.865,29.326
28.04,5.865,29.326
28.045,5.865,29.326
28.05,5.865,29.326
28.055,5.865,29.326
28.060000000000002,-0.0,29.326
28.065,-0.0,29.326
28.07,5.865,23.46
28.075,-0.0,23.46
28.080000000000002,-0.0,23.46
28.085,-0.0,23.46
28.09,-0.0,23.46
28.095,-0.0,23.46
28.1,5.865,23.46
28.105,-0.0,23.46
28.11,-0.0,23.46
28.115000000000002,-0.0,23.46
28.12,5.865,23.46
28.125,-0.0,23.46
28.13,-0.0,23.46
28.135,-0.0,23.46
28.14,-0.0,23.46
28.145,-0.0,23.46
28.150000000000002,-0.0,17.595
28.155,-0.0,23.46
28.16,-0.0,17.595
28.165,-0.0,17.595
28.17,-0.0,17.595
28.175,-0.0,17.595
28.18,-0.0,17.595
28.185000000000002,-0.0,17.595
28.19,-0.0,17.595
28.195,-0.0,17.595
28.2,-0.0,17.595
28.205000000000002,-0.0,17.595
28.21,-0.0,17.595
28.215,-0.0,17.595
28.22,-0.0,17.595
28.225,-0.0,17.595
28.23,-0.0,11.73
28.235,-0.0,17.595
28.240000000000002,-0.0,11.73
28.245,-0.0,11.73
28.25,-0.0,11.73
28.255,-0.0,11.73
28.26,-0.0,11.73
28.265,-0.0,11.73
28.27,-0.0,11.73
28.275000000000002,-0.0,11.73
28.28,-0.0,11.73
28.285,-0.0,5.865
28.29,-5.865,11.73
28.295,-5.865,5.865
28.3,-5.865,5.865
28.305,-5.865,5.865
28.310000000000002,-5.865,5.865
28.315,-5.865,5.865
28.32,-5.865,5.865
28.325,-5.865,5.865
28.330000000000002,-5.865,5.865
28.335,-5.865,5.865
28.34,-5.865,5.865
28.345,-5.865,0.0
28.35,-5.865,5.865
28.355,-5.865,5.865
28.36,-5.865,0.0
28.365000000000002,-5.865,0.0
28.37,-5.865,0.0
28.375,-5.865,0.0
28.38,-5.865,0.0
28.385,-5.865,0.0
28.39,-11.73,0.0
28.395,-11.73,0.0
28.400000000000002,-11.73,-5.865
28.405,-11.73,-5.865
28.41,-11.73,-5.865
28.415,-11.73,-5.865
28.42,-11.73,-5.865
28.425,-11.73,-5.865
28.43,-11.73,-5.865
28.435000000000002,-11.73,-11.73
28.44,-11.73,-5.865
28.445,-11.73,-11.73
28.45,-11.73,-11.73
28.455000000000002,-17.595,-11.73
28.46,-11.73,-11.73
28.465,-17.595,-11.73
28.47,-11.73,-11.73
28.475,-17.595,-11.73
28.48,-17.595,-11.73
28.485,-17.595,-11.73
28.490000000000002,-17.595,-11.73
28.495,-17.595,-11.73
28.5,-17.595,-11.73
28.505,-17.595,-11.73
28.51,-17.595,-11.73
28.515,-17.595,-11.73
28.52,-17.595,-11.73
28.525000000000002,-17.595,-11.73
28.53,-17.595,-11.73
28.535,-17.595,-17.595
28.54,-17.595,-17.595
28.545,-17.595,-11.73
28.55,-17.595,-17.595
28.555,-17.595,-17.595
28.560000000000002,-17.595,-17.595
28.565,-17.595,-17.595
28.57,-17.595,-17.595
28.575,-17.595,-17.595
28.580000000000002,-11.73,-17.595
28.585,-11.73,-17.595
28.59,-11.73,-17.595
28.595,-11.73,-17.595
28.6,-11.73,-17.595
28.605,-11.73,-17.595
28.61,-11.73,-17.595
28.615000000000002,-11.73,-17.595
28.62,-11.73,-17.595
28.625,-5.865,-17.595
28.63,-5.865,-17.595
28.635,-11.73,-23.46
28.64,-5.865,-17.595
28.645,-5.865,-17.595
28.650000000000002,-5.865,-23.46
28.655,-11.73,-17.595
28.66,-11.73,-17.595
28.665,-11.73,-17.595
28.67,-11.73,-23.46
28.675,-11.73,-23.46
28.68,-5.865,-23.46
28.685000000000002,-5.865,-23.46
28.69,-5.865,-17.595
28.695,-5.865,-17.595
28.7,-5.865,-17.595
28.705000000000002,-5.865,-17.595
28.71,-0.0,-17.595
28.715,-0.0,-17.595
28.72,-0.0,-17.595
28.725,-0.0,-17.595
28.73,-0.0,-17.595
28.735,-0.0,-17.595
28.740000000000002,-0.0,-17.595
28.745,-0.0,-17.595
28.75,5.865,-17.595
28.755,5.865,-17.595
28.76,5.865,-17.595
28.765,5.865,-17.595
28.77,5.865,-17.595
28.775000000000002,5.865,-11.73
28.78,5.865,-17.595
28.785,5.865,-11.73
28.79,5.865,-11.73
28.795,5.865,-11.73
28.8,5.865,-11.73
28.805,5.865,-11.73
28.810000000000002,5.865,-11.73
28.815,5.865,-11.73
28.82,5.865,-11.73
28.825,5.865,-11.73
28.830000000000002,11.73,-11.73
28.835,11.73,-5.865
28.84,11.73,-5.865
28.845,11.73,-11.73
28.85,11.73,-5.865
28.855,11.73,-5.865
28.86,11.73,-5.865
28.865000000000002,11.73,-5.865
28.87,11.73,-5.865
28.875,11.73,-5.865
28.88,11.73,-5.865
28.885,11.73,-5.865
28.89,11.73,-5.865
28.895,11.73,-5.865
28.900000000000002,11.73,-5.865
28.905,11.73,-5.865
28.91,11.73,-5.865
28.915,5.865,-5.865
28.92,5.865,0.0
28.925,5.865,0.0
28.93,5.865,0.0
28.935000000000002,-0.0,0.0
28.94,-0.0,0.0
28.945,-0.0,5.865
28.95,-5.865,5.865
28.955000000000002,-5.865,5.865
28.96,-5.865,5.865
28.965,-5.865,5.865
28.97,-11.73,5.865
28.975,-11.73,5.865
28.98,-11.73,5.865
28.985,-11.73,5.865
28.990000000000002,-11.73,5.865
28.995,-11.73,11.73
29.0,-11.73,5.865
29.005,-11.73,11.73
29.01,-11.73,5.865
29.015,-17.595,5.865
29.02,-11.73,11.73
29.025000000000002,-5.865,11.73
29.03,-0.0,11.73
29.035,5.865,11.73
29.04,11.73,11.73
29.045,29.326,11.73
29.05,41.056,11.73
29.055,52.786,11.73
29.060000000000002,58.651,11.73
29.065,64.516,11.73
29.07,70.381,11.73
29.075,76.246,11.73
29.080000000000002,87.977,11.73
29.085,93.842,11.73
29.09,99.707,11.73
29.095,105.572,11.73
29.1,111.437,11.73
29.105,117.302,11.73
29.11,123.167,11.73
29.115000000000002,129.032,5.865
29.12,129.032,5.865
29.125,134.897,11.73
29.13,134.897,5.865
29.135,140.762,5.865
29.14,140.762,5.865
29.145,140.762,5.865
29.150000000000002,146.628,5.865
29.155,146.628,5.865
29.16,146.628,5.865
29.165,146.628,5.865
29.17,146.628,5.865
29.175,146.628,5.865
29.18,146.628,5.865
29.185000000000002,140.762,0.0
29.19,140.762,5.865
29.195,134.897,0.0
29.2,129.032,0.0
29.205000000000002,129.032,0.0
29.21,129.032,0.0
29.215,123.167,0.0
29.22,117.302,0.0
29.225,93.842,-5.865
29.23,58.651,-5.865
29.235,17.595,-5.865
29.240000000000002,-23.46,-5.865
29.245,-52.786,-5.865
29.25,-64.516,-5.865
29.255,-52.786,-11.73
29.26,-29.326,-11.73
29.265,-11.73,-11.73
29.27,-5.865,-11.73
29.275000000000002,-11.73,-17.595
29.28,-11.73,-17.595
29.285,-11.73,-17.595
29.29,-23.46,-17.595
29.295,-35.191,-17.595
29.3,-35.191,-17.595
29.305,-35.191,-17.595
29.310000000000002,-23.46,-17.595
29.315,-17.595,-23.46
29.32,-17.595,-23.46
29.325,-17.595,-23.46
29.330000000000002,-11.73,-23.46
29.335,-11.73,-23.46
29.34,-11.73,-23.46
29.345,-5.865,-23.46
29.35,-5.865,-23.46
29.355,-0.0,-23.46
29.36,-0.0,-23.46
29.365000000000002,-0.0,-23.46
29.37,5.865,-23.46
29.375,5.865,-23.46
29.38,5.865,-17.595
29.385,11.73,-17.595
29.39,11.73,-11.73
29.395,11.73,-11.73
29.400000000000002,11.73,-11.73
29.405,11.73,-11.73
29.41,5.865,-11.73
29.415,5.865,-5.865
29.42,5.865,-5.865
29.425,5.865,-5.865
29.43,5.865,-5.865
29.435000000000002,5.865,-5.865
29.44,5.865,0.0
29.445,5.865,0.0
29.45,5.865,0.0
29.455000000000002,5.865,0.0
29.46,11.73,5.865
29.465,11.73,5.865
29.47,11.73,5.865
29.475,11.73,5.865
29.48,11.73,5.865
29.485,11.73,5.865
29.490000000000002,11.73,5.865
29.495,11.73,5.865
29.5,11.73,11.73
29.505,11.73,5.865
29.51,11.73,11.73
29.515,11.73,11.73
29.52,5.865,11.73
29.525000000000002,11.73,5.865
29.53,11.73,11.73
29.535,5.865,11.73
29.54,11.73,11.73
29.545,5.865,5.865
29.55,5.865,11.73
29.555,5.865,5.865
29.560000000000002,5.865,11.73
29.565,5.865,11.73
29.57,5.865,5.865
29.575,5.865,5.865
29.580000000000002,5.865,5.865
29.585,5.865,5.865
29.59,5.865,5.865
29.595,5.865,5.865
29.6,-0.0,5.865
29.605,-0.0,5.865
29.61,-0.0,5.865
29.615000000000002,-0.0,5.865
29.62,-0.0,5.865
29.625,-0.0,5.865
29.63,-0.0,5.865
29.635,-0.0,5.865
29.64,-0.0,5.865
29.645,-0.0,5.865
29.650000000000002,-0.0,5.865
29.655,-0.0,5.865
29.66,-0.0,5.865
29.665,-0.0,5.865
29.67,-0.0,5.865
29.675,-0.0,5.865
29.68,-0.0,5.865
29.685000000000002,-0.0,5.865
29.69,-0.0,5.865
29.695,-5.865,5.865
29.7,-5.865,5.865
29.705000000000002,-5.865,5.865
29.71,-5.865,5.865
29.715,-5.865,5.865
29.72,-5.865,5.865
29.725,-5.865,5.865
29.73,-5.865,5.865
29.735,-5.865,5.865
29.740000000000002,-5.865,5.865
29.745,-5.865,5.865
29.75,-5.865,5.865
29.755,-5.865,5.865
29.76,-5.865,5.865
29.765,-5.865,5.865
29.77,-5.865,0.0
29.775000000000002,-5.865,0.0
29.78,-5.865,0.0
29.785,-5.865,0.0
29.79,-5.865,0.0
29.795,-5.865,0.0
29.8,-0.0,0.0
29.805,-0.0,0.0
29.810000000000002,-5.865,0.0
29.815,-0.0,0.0
29.82,-0.0,0.0
29.825,-0.0,0.0
29.830000000000002,-0.0,0.0
29.835,-0.0,0.0
29.84,-0.0,0.0
29.845,-0.0,0.0
29.85,-0.0,0.0
29.855,-0.0,0.0
29.86,-0.0,0.0
29.865000000000002,-0.0,0.0
29.87,5.865,0.0
29.875,5.865,0.0
29.88,5.865,0.0
29.885,5.865,0.0
29.89,5.865,0.0
29.895,5.865,0.0
29.900000000000002,5.865,0.0
29.905,5.865,5.865
29.91,5.865,0.0
29.915,5.865,5.865
29.92,5.865,0.0
29.925,5.865,0.0
29.93,5.865,0.0
29.935000000000002,5.865,5.865
29.94,5.865,5.865
29.945,5.865,0.0
29.95,5.865,0.0
29.955000000000002,5.865,0.0
29.96,5.865,0.0
29.965,5.865,0.0
29.97,5.865,0.0
29.975,5.865,0.0
29.98,5.865,0.0
29.985,5.865,0.0
29.990000000000002,5.865,0.0
29.995,5.865,-5.865
30.0,-0.0,-5.865
30.005,-0.0,-5.865
30.01,-0.0,-5.865
30.015,-0.0,-5.865
30.02,-0.0,-5.865
30.025000000000002,-0.0,-5.865
30.03,-0.0,-5.865
30.035,-0.0,-5.865
30.04,-0.0,-5.865
30.045,-0.0,-11.73
30.05,-0.0,-5.865
30.055,-0.0,-5.865
30.060000000000002,-0.0,-5.865
30.065,-0.0,-11.73
30.07,-0.0,-5.865
30.075,-5.865,-11.73
30.080000000000002,-0.0,-11.73
30.085,-5.865,-11.73
30.09,-0.0,-11.73
30.095,-0.0,-11.73
30.1,-0.0,-5.865
30.105,-5.865,-11.73
30.11,-5.865,-5.865
30.115000000000002,-5.865,-11.73
30.12,-0.0,-11.73
30.125,-5.865,-11.73
30.13,-0.0,-11.73
30.135,-5.865,-11.73
30.14,-5.865,-11.73
30.145,-5.865,-11.73
30.150000000000002,-0.0,-11.73
30.155,-0.0,-11.73
30.16,-5.865,-11.73
30.165,-5.865,-11.73
30.17,-0.0,-11.73
30.175,-5.865,-11.73
30.18,-5.865,-11.73
30.185000000000002,-0.0,-11.73
30.19,-0.0,-11.73
30.195,-0.0,-11.73
30.2,-0.0,-11.73
30.205000000000002,-0.0,-11.73
30.21,-0.0,-11.73
30.215,-0.0,-5.865
30.22,-0.0,-5.865
30.225,-0.0,-5.865
30.23,-5.865,-11.73
30.235,-5.865,-5.865
30.240000000000002,-5.865,-5.865
30.245,-0.0,-11.73
30.25,-0.0,-5.865
30.255,-5.865,-11.73
30.26,-5.865,-5.865
30.265,-5.865,-5.865
30.27,-0.0,-5.865
30.275000000000002,-0.0,-5.865
30.28,-0.0,-5.865
30.285,-0.0,-5.865
30.29,-5.865,-5.865
30.295,-0.0,-5.865
30.3,-0.0,-5.865
30.305,-0.0,-5.865
30.310000000000002,-0.0,-5.865
30.315,-0.0,-5.865
30.32,-0.0,-5.865
30.325,-0.0,-5.865
30.330000000000002,-0.0,-5.865
30.335,-0.0,-5.865
30.34,-0.0,-5.865
30.345,-0.0,-5.865
30.35,-0.0,-5.865
30.355,-0.0,-5.865
30.36,-0.0,-5.865
30.365000000000002,-0.0,-5.865
30.37,-0.0,-5.865
30.375,-0.0,-5.865
30.38,-0.0,-5.865
30.385,-0.0,-5.865
30.39,-0.0,0.0
30.395,5.865,0.0
30.400000000000002,-0.0,0.0
30.405,5.865,0.0
30.41,5.865,0.0
30.415,-0.0,0.0
30.42,-0.0,0.0
30.425,5.865,0.0
30.43,-0.0,0.0
30.435000000000002,5.865,0.0
30.44,5.865,0.0
30.445,5.865,0.0
30.45,-0.0,0.0
30.455000000000002,-0.0,0.0
30.46,5.865,0.0
30.465,5.865,0.0
30.47,-0.0,0.0
30.475,-0.0,0.0
30.48,-0.0,0.0
30.485,-0.0,0.0
30.490000000000002,-0.0,0.0
30.495,-0.0,0.0
30.5,-0.0,0.0
30.505,-0.0,0.0
30.51,-0.0,0.0
30.515,-0.0,0.0
30.52,-0.0,0.0
30.525000000000002,-0.0,0.0
30.53,-0.0,0.0
30.535,-0.0,0.0
30.54,-0.0,0.0
30.545,-0.0,0.0
30.55,-0.0,0.0
30.555,-0.0,0.0
30.560000000000002,-0.0,0.0
30.565,-0.0,0.0
30.57,-0.0,0.0
30.575,-0.0,0.0
30.580000000000002,-0.0,0.0
30.585,-0.0,0.0
30.59,-0.0,0.0
30.595,-0.0,0.0
30.6,-0.0,0.0
30.605,-0.0,0.0
30.61,-0.0,0.0
30.615000000000002,-0.0,0.0
30.62,-0.0,0.0
30.625,-0.0,0.0
30.63,-0.0,0.0
30.635,-0.0,0.0
30.64,-0.0,0.0
30.645,-0.0,0.0
30.650000000000002,-0.0,0.0
30.655,-0.0,0.0
30.66,-0.0,0.0
30.665,-5.865,0.0
30.67,-0.0,0.0
30.675,-0.0,0.0
30.68,-0.0,0.0
30.685000000000002,-0.0,0.0
30.69,-0.0,0.0
30.695,-0.0,0.0
30.7,-0.0,0.0
30.705000000000002,-0.0,0.0
30.71,-0.0,5.865
30.715,-0.0,5.865
30.72,-0.0,5.865
30.725,-0.0,0.0
30.73,-0.0,0.0
30.735,-0.0,0.0
30.740000000000002,-0.0,5.865
30.745,-5.865,5.865
30.75,-5.865,5.865
30.755,-0.0,0.0
30.76,-5.865,5.865
30.765,-5.865,5.865
30.77,-0.0,5.865
30.775000000000002,-5.865,5.865
30.78,-5.865,5.865
30.785,-5.865,5.865
30.79,-5.865,5.865
30.795,-5.865,5.865
30.8,-5.865,5.865
30.805,-5.865,5.865
30.810000000000002,-5.865,5.865
30.815,-5.865,5.865
30.82,-5.865,5.865
30.825,-0.0,0.0
30.830000000000002,-5.865,5.865
30.835,-0.0,0.0
30.84,-5.865,5.865
30.845000000000002,-5.865,5.865
30.85,-5.865,5.865
30.855,-5.865,5.865
30.86,-5.865,0.0
30.865000000000002,-5.865,5.865
30.87,-5.865,0.0
30.875,-5.865,0.0
30.88,-5.865,0.0
30.885,-5.865,5.865
30.89,-5.865,0.0
30.895,-5.865,5.865
30.900000000000002,-5.865,5.865
30.905,-5.865,5.865
30.91,-5.865,0.0
30.915,-5.865,5.865
30.92,-5.865,0.0
30.925,-5.865,5.865
30.93,-5.865,5.865
30.935000000000002,-0.0,0.0
30.94,-5.865,5.865
30.945,-0.0,5.865
30.95,-5.865,5.865
30.955000000000002,-0.0,0.0
30.96,-5.865,0.0
30.965,-0.0,5.865
30.970000000000002,-0.0,5.865
30.975,-5.865,5.865
30.98,-0.0,5.865
30.985,-0.0,5.865
30.990000000000002,-0.0,5.865
30.995,-5.865,5.865
31.0,-5.865,5.865
31.005,-0.0,5.865
31.01,-5.865,5.865
31.015,-5.865,0.0
31.02,-5.865,5.865
31.025000000000002,-5.865,5.865
31.03,-5.865,5.865
31.035,-0.0,5.865
31.04,-0.0,5.865
31.045,-0.0,0.0
31.05,-0.0,5.865
31.055,-0.0,0.0
31.060000000000002,-0.0,0.0
31.065,-0.0,0.0
31.07,-0.0,0.0
31.075,-0.0,0.0
31.080000000000002,-0.0,0.0
31.085,-0.0,0.0
31.09,-0.0,5.865
31.095000000000002,-0.0,5.865
31.1,-0.0,0.0
31.105,-0.0,0.0
31.11,-0.0,0.0
31.115000000000002,-0.0,5.865
31.12,-0.0,0.0
31.125,-0.0,0.0
31.13,-0.0,0.0
31.135,-0.0,5.865
31.14,-0.0,0.0
31.145,-0.0,5.865
31.150000000000002,-0.0,0.0
31.155,-0.0,5.865
31.16,-0.0,5.865
31.165,-0.0,0.0
31.17,-0.0,0.0
31.175,-0.0,0.0
31.18,-0.0,0.0
31.185000000000002,-0.0,0.0
31.19,-0.0,0.0
31.195,-0.0,0.0
31.2,-0.0,0.0
31.205000000000002,-0.0,5.865
31.21,-0.0,0.0
31.215,-0.0,0.0
31.220000000000002,-0.0,5.865
31.225,-5.865,0.0
31.23,-0.0,0.0
31.235,-5.865,0.0
31.240000000000002,-5.865,0.0
31.245,-0.0,0.0
31.25,-5.865,0.0
31.255,-0.0,0.0
31.26,-0.0,0.0
31.265,-0.0,0.0
31.27,-0.0,0.0
31.275000000000002,-5.865,0.0
31.28,-0.0,0.0
31.285,-0.0,0.0
31.29,-0.0,0.0
31.295,-0.0,0.0
31.3,-0.0,0.0
31.305,-0.0,0.0
31.310000000000002,-0.0,0.0
31.315,-0.0,0.0
31.32,-0.0,0.0
31.325,-0.0,0.0
31.330000000000002,-0.0,0.0
31.335,-0.0,0.0
31.34,-0.0,0.0
31.345000000000002,5.865,0.0
31.35,5.865,0.0
31.355,-0.0,0.0
31.36,-0.0,-5.865
31.365000000000002,5.865,0.0
31.37,-0.0,-5.865
31.375,5.865,0.0
31.38,-0.0,0.0
31.385,-0.0,0.0
31.39,-0.0,0.0
31.395,-0.0,0.0
31.400000000000002,-0.0,0.0
31.405,-0.0,0.0
31.41,-0.0,0.0
31.415,-0.0,0.0
31.42,-0.0,0.0
31.425,-0.0,0.0
31.43,-0.0,0.0
31.435000000000002,-0.0,5.865
31.44,-0.0,0.0
31.445,-0.0,5.865
31.45,-0.0,5.865
31.455000000000002,-0.0,5.865
31.46,-0.0,5.865
31.465,-0.0,5.865
31.470000000000002,-0.0,0.0
31.475,-0.0,0.0
31.48,-0.0,5.865
31.485,-0.0,0.0
31.490000000000002,-0.0,0.0
31.495,-0.0,0.0
31.5,-0.0,0.0
31.505,-0.0,0.0
31.51,-0.0,0.0
31.515,-0.0,0.0
31.52,-0.0,0.0
31.525000000000002,-0.0,0.0
31.53,-0.0,0.0
31.535,-0.0,0.0
31.54,-0.0,0.0
31.545,-0.0,0.0
31.55,-0.0,0.0
31.555,-0.0,0.0
31.560000000000002,-0.0,0.0
31.565,-0.0,0.0
31.57,-0.0,0.0
31.575,-0.0,0.0
31.580000000000002,-0.0,0.0
31.585,-0.0,0.0
31.59,-0.0,0.0
31.595000000000002,-0.0,0.0
31.6,-0.0,0.0
31.605,-0.0,0.0
31.61,-0.0,0.0
31.615000000000002,-0.0,0.0
31.62,-0.0,0.0
31.625,-0.0,0.0
31.63,-0.0,0.0
31.635,-0.0,0.0
31.64,-0.0,0.0
31.645,-0.0,0.0
31.650000000000002,-0.0,0.0
31.655,-0.0,0.0
31.66,-0.0,0.0
31.665,-0.0,0.0
31.67,-0.0,5.865
31.675,-0.0,0.0
31.68,-0.0,0.0
31.685000000000002,-0.0,5.865
31.69,-0.0,5.865
31.695,-0.0,5.865
31.7,-0.0,5.865
31.705000000000002,-0.0,5.865
31.71,-0.0,5.865
31.715,-0.0,5.865
31.720000000000002,-0.0,5.865
31.725,-0.0,5.865
31.73,-0.0,5.865
31.735,-0.0,5.865
31.740000000000002,-0.0,5.865
31.745,-0.0,5.865
31.75,-0.0,5.865
31.755,-0.0,5.865
31.76,-0.0,5.865
31.765,-0.0,5.865
31.77,-0.0,5.865
31.775000000000002,-0.0,5.865
31.78,-0.0,5.865
31.785,-0.0,5.865
31.79,-0.0,5.865
31.795,-0.0,5.865
31.8,-0.0,5.865
31.805,-0.0,5.865
31.810000000000002,-0.0,5.865
31.815,-0.0,5.865
31.82,-0.0,5.865
31.825,-0.0,5.865
31.830000000000002,-0.0,5.865
31.835,-0.0,5.865
31.84,-0.0,5.865
31.845000000000002,-0.0,5.865
31.85,-0.0,5.865
31.855,-0.0,5.865
31.86,-0.0,5.865
31.865000000000002,-0.0,5.865
31.87,-0.0,0.0
31.875,-0.0,5.865
31.88,-0.0,5.865
31.885,-0.0,5.865
31.89,-0.0,5.865
31.895,-0.0,5.865
31.900000000000002,-0.0,5.865
31.905,-0.0,5.865
31.91,-0.0,0.0
31.915,-0.0,5.865
31.92,-0.0,0.0
31.925,-0.0,0.0
31.93,-0.0,0.0
31.935000000000002,-0.0,0.0
31.94,-0.0,0.0
31.945,-0.0,0.0
31.95,-0.0,5.865
31.955000000000002,-0.0,0.0
31.96,-0.0,5.865
31.965,-0.0,0.0
31.970000000000002,-0.0,0.0
31.975,-0.0,0.0
31.98,-0.0,0.0
31.985,5.865,0.0
31.990000000000002,-0.0,0.0
31.995,5.865,0.0
32.0,5.865,0.0
32.005,5.865,5.865
32.01,5.865,5.865
32.015,5.865,0.0
32.02,5.865,5.865
32.025,5.865,5.865
32.03,5.865,5.865
32.035000000000004,5.865,5.865
32.04,5.865,5.865
32.045,5.865,5.865
32.05,5.865,5.865
32.055,5.865,5.865
32.06,5.865,5.865
32.065,5.865,5.865
32.07,5.865,5.865
32.075,5.865,5.865
32.08,5.865,5.865
32.085,-0.0,5.865
32.09,-0.0,5.865
32.095,-0.0,5.865
32.1,-0.0,5.865
32.105000000000004,-0.0,5.865
32.11,-0.0,5.865
32.115,-0.0,5.865
32.12,-0.0,5.865
32.125,-0.0,5.865
32.13,-0.0,5.865
32.135,-0.0,5.865
32.14,-0.0,5.865
32.145,-0.0,5.865
32.15,-0.0,5.865
32.155,-0.0,5.865
32.160000000000004,-0.0,0.0
32.165,-0.0,5.865
32.17,-0.0,5.865
32.175,-0.0,0.0
32.18,-0.0,0.0
32.185,-0.0,0.0
32.19,-0.0,0.0
32.195,-0.0,0.0
32.2,-0.0,0.0
32.205,-0.0,0.0
32.21,-0.0,0.0
32.215,-0.0,0.0
32.22,-0.0,0.0
32.225,-0.0,0.0
32.230000000000004,-0.0,0.0
32.235,-0.0,0.0
32.24,-0.0,0.0
32.245,-0.0,0.0
32.25,-0.0,0.0
32.255,-0.0,0.0
32.26,-0.0,0.0
32.265,-0.0,0.0
32.27,5.865,0.0
32.275,-0.0,0.0
32.28,-0.0,5.865
32.285000000000004,5.865,0.0
32.29,-0.0,5.865
32.295,-0.0,5.865
32.3,-0.0,5.865
32.305,5.865,5.865
32.31,5.865,5.865
32.315,-0.0,0.0
32.32,5.865,5.865
32.325,-0.0,5.865
32.33,-0.0,5.865
32.335,5.865,5.865
32.34,5.865,5.865
32.345,5.865,5.865
32.35,-0.0,5.865
32.355000000000004,-0.0,5.865
32.36,-0.0,0.0
32.365,-0.0,5.865
32.37,5.865,0.0
32.375,5.865,5.865
32.38,5.865,5.865
32.385,-0.0,0.0
32.39,5.865,0.0
32.395,-0.0,0.0
32.4,-0.0,0.0
32.405,5.865,0.0
32.410000000000004,-0.0,0.0
32.415,-0.0,0.0
32.42,-0.0,0.0
32.425,-0.0,0.0
32.43,-0.0,0.0
32.435,-0.0,0.0
32.44,-0.0,0.0
32.445,-0.0,0.0
32.45,-0.0,0.0
32.455,-0.0,0.0
32.46,-0.0,0.0
32.465,-0.0,0.0
32.47,-0.0,0.0
32.475,-0.0,0.0
32.480000000000004,-0.0,0.0
32.485,-0.0,0.0
32.49,-0.0,0.0
32.495,-0.0,0.0
32.5,-0.0,0.0
32.505,-0.0,0.0
32.51,-0.0,0.0
32.515,-0.0,0.0
32.52,-0.0,0.0
32.525,-0.0,0.0
32.53,-0.0,0.0
32.535000000000004,-0.0,0.0
32.54,-0.0,0.0
32.545,-0.0,0.0
32.55,-0.0,0.0
32.555,-0.0,0.0
32.56,-0.0,0.0
32.565,-0.0,0.0
32.57,-0.0,0.0
32.575,-0.0,0.0
32.58,-0.0,0.0
32.585,-0.0,0.0
32.59,-0.0,0.0
32.595,-0.0,0.0
32.6,-0.0,0.0
32.605000000000004,-0.0,0.0
32.61,-0.0,0.0
32.615,-0.0,0.0
32.62,-0.0,0.0
32.625,-0.0,0.0
32.63,-0.0,0.0
32.635,-0.0,0.0
32.64,-0.0,0.0
32.645,-0.0,0.0
32.65,-0.0,0.0
32.655,-0.0,0.0
32.660000000000004,-0.0,0.0
32.665,-0.0,0.0
32.67,-0.0,0.0
32.675,-0.0,0.0
32.68,-0.0,0.0
32.685,5.865,0.0
32.69,5.865,0.0
32.695,-0.0,0.0
32.7,-0.0,0.0
32.705,-0.0,0.0
32.71,5.865,0.0
32.715,-0.0,0.0
32.72,5.865,0.0
32.725,5.865,0.0
32.730000000000004,5.865,0.0
32.735,5.865,0.0
32.74,-0.0,0.0
32.745,-0.0,0.0
32.75,5.865,0.0
32.755,5.865,0.0
32.76,-0.0,0.0
32.765,5.865,0.0
32.77,-0.0,0.0
32.775,-0.0,0.0
32.78,-0.0,0.0
32.785000000000004,5.865,0.0
32.79,-0.0,0.0
32.795,-0.0,0.0
32.8,-0.0,0.0
32.805,-0.0,0.0
32.81,5.865,0.0
32.815,-0.0,0.0
32.82,-0.0,0.0
32.825,5.865,0.0
32.83,5.865,0.0
32.835,5.865,0.0
32.84,5.865,0.0
32.845,5.865,0.0
32.85,5.865,0.0
32.855000000000004,5.865,0.0
32.86,5.865,0.0
32.865,5.865,0.0
32.87,5.865,0.0
32.875,5.865,0.0
32.88,5.865,0.0
32.885,5.865,0.0
32.89,5.865,0.0
32.895,5.865,0.0
32.9,5.865,0.0
32.905,5.865,0.0
32.910000000000004,5.865,0.0
32.915,5.865,0.0
32.92,5.865,0.0
32.925,5.865,0.0
32.93,5.865,0.0
32.935,5.865,0.0
32.94,5.865,0.0
32.945,5.865,0.0
32.95,5.865,0.0
32.955,5.865,0.0
32.96,5.865,0.0
32.965,5.865,0.0
32.97,5.865,0.0
32.975,5.865,0.0
32.980000000000004,5.865,0.0
32.985,5.865,0.0
32.99,5.865,0.0
32.995,5.865,0.0
33.0,5.865,0.0
33.005,5.865,0.0
33.01,5.865,0.0
33.015,5.865,0.0
33.02,5.865,0.0
33.025,5.865,0.0
33.03,5.865,0.0
33.035000000000004,5.865,5.865
33.04,5.865,0.0
33.045,5.865,0.0
33.05,5.865,0.0
33.055,5.865,0.0
33.06,5.865,0.0
33.065,5.865,0.0
33.07,5.865,0.0
33.075,5.865,0.0
33.08,5.865,0.0
33.085,11.73,0.0
33.09,5.865,0.0
33.095,5.865,0.0
33.1,5.865,0.0
33.105000000000004,5.865,0.0
33.11,5.865,0.0
33.115,5.865,0.0
33.12,5.865,0.0
33.125,5.865,0.0
33.13,5.865,0.0
33.135,5.865,0.0
33.14,5.865,0.0
33.145,5.865,0.0
33.15,5.865,0.0
33.155,5.865,0.0
33.160000000000004,5.865,0.0
33.165,5.865,0.0
33.17,5.865,0.0
33.175,5.865,0.0
33.18,5.865,0.0
33.185,11.73,0.0
33.19,5.865,0.0
33.195,5.865,0.0
33.2,5.865,0.0
33.205,5.865,0.0
33.21,5.865,0.0
33.215,11.73,0.0
33.22,5.865,0.0
33.225,5.865,0.0
33.230000000000004,11.73,0.0
33.235,5.865,0.0
33.24,11.73,0.0
33.245,5.865,0.0
33.25,11.73,0.0
33.255,11.73,0.0
33.26,11.73,0.0
33.265,11.73,0.0
33.27,11.73,0.0
33.275,11.73,0.0
33.28,5.865,0.0
33.285000000000004,11.73,0.0
33.29,11.73,0.0
33.295,5.865,0.0
33.3,11.73,0.0
33.305,5.865,0.0
33.31,5.865,0.0
33.315,5.865,0.0
33.32,11.73,0.0
33.325,11.73,0.0
33.33,11.73,0.0
33.335,11.73,0.0
33.34,11.73,0.0
33.345,11.73,0.0
33.35,11.73,0.0
33.355000000000004,5.865,0.0
33.36,5.865,0.0
33.365,5.865,0.0
33.37,5.865,0.0
33.375,11.73,0.0
33.38,11.73,0.0
33.385,5.865,0.0
33.39,11.73,0.0
33.395,5.865,0.0
33.4,11.73,0.0
33.405,5.865,5.865
33.410000000000004,5.865,5.865
33.415,11.73,5.865
33.42,5.865,5.865
33.425,11.73,5.865
33.43,11.73,5.865
33.435,5.865,5.865
33.44,11.73,5.865
33.445,11.73,5.865
33.45,11.73,5.865
33.455,11.73,5.865
33.46,11.73,5.865
33.465,11.73,5.865
33.47,11.73,5.865
33.475,11.73,5.865
33.480000000000004,11.73,5.865
33.485,11.73,5.865
33.49,11.73,5.865
33.495,11.73,5.865
33.5,11.73,5.865
33.505,11.73,5.865
33.51,11.73,5.865
33.515,5.865,5.865
33.52,11.73,5.865
33.525,11.73,5.865
33.53,11.73,5.865
33.535000000000004,5.865,5.865
33.54,5.865,5.865
33.545,5.865,5.865
33.55,5.865,5.865
33.555,5.865,5.865
33.56,5.865,5.865
33.565,5.865,0.0
33.57,5.865,0.0
33.575,5.865,0.0
33.58,5.865,0.0
33.585,5.865,0.0
33.59,5.865,5.865
33.595,5.865,0.0
33.6,5.865,0.0
33.605000000000004,5.865,0.0
33.61,5.865,0.0
33.615,5.865,0.0
33.62,5.865,0.0
33.625,5.865,0.0
33.63,5.865,0.0
33.635,5.865,0.0
33.64,5.865,0.0
33.645,5.865,0.0
33.65,-0.0,0.0
33.655,5.865,0.0
33.660000000000004,5.865,0.0
33.665,-0.0,0.0
33.67,-0.0,0.0
33.675,-0.0,0.0
33.68,-0.0,0.0
33.685,5.865,0.0
33.69,-0.0,0.0
33.695,-0.0,0.0
33.7,-0.0,0.0
33.705,-0.0,0.0
33.71,-0.0,0.0
33.715,-0.0,0.0
33.72,-0.0,0.0
33.725,-0.0,0.0
33.730000000000004,-0.0,0.0
33.735,-0.0,0.0
33.74,-0.0,0.0
33.745,-0.0,0.0
33.75,-0.0,0.0
33.755,-0.0,0.0
33.76,-0.0,0.0
33.765,-0.0,0.0
33.77,-0.0,0.0
33.775,-0.0,0.0
33.78,-0.0,0.0
33.785000000000004,-0.0,0.0
33.79,-0.0,0.0
33.795,-0.0,0.0
33.8,-0.0,0.0
33.805,-0.0,0.0
33.81,-0.0,0.0
33.815,-0.0,0.0
33.82,-0.0,0.0
33.825,-0.0,0.0
33.83,-0.0,0.0
33.835,-0.0,0.0
33.84,-0.0,0.0
33.845,-0.0,0.0
33.85,-0.0,0.0
33.855000000000004,-0.0,0.0
33.86,-0.0,0.0
33.865,-0.0,0.0
33.87,-0.0,0.0
33.875,-0.0,0.0
33.88,-0.0,0.0
33.885,-0.0,0.0
33.89,-0.0,0.0
33.895,-0.0,0.0
33.9,-0.0,0.0
33.905,-0.0,0.0
33.910000000000004,-0.0,0.0
33.915,-0.0,0.0
33.92,-0.0,0.0
33.925,-0.0,0.0
33.93,-0.0,0.0
33.935,-0.0,0.0
33.94,-0.0,0.0
33.945,-0.0,0.0
33.95,-0.0,0.0
33.955,-0.0,0.0
33.96,-0.0,0.0
33.965,-0.0,0.0
33.97,-0.0,0.0
33.975,-0.0,0.0
33.980000000000004,-0.0,0.0
33.985,-0.0,0.0
33.99,-0.0,0.0
33.995,-0.0,0.0
34.0,-0.0,0.0
34.005,-0.0,0.0
34.01,-0.0,0.0
34.015,-0.0,0.0
34.02,-0.0,0.0
34.025,-0.0,0.0
34.03,-0.0,0.0
34.035000000000004,-0.0,0.0
34.04,-0.0,0.0
34.045,-0.0,0.0
34.05,-0.0,0.0
34.055,-0.0,0.0
34.06,-0.0,0.0
34.065,-0.0,0.0
34.07,-0.0,0.0
34.075,-0.0,0.0
34.08,-0.0,0.0
34.085,-0.0,0.0
34.09,-0.0,0.0
34.095,-0.0,0.0
34.1,-0.0,0.0
34.105000000000004,-0.0,0.0
34.11,-0.0,0.0
34.115,-0.0,0.0
34.12,-0.0,0.0
34.125,-0.0,0.0
34.13,-0.0,0.0
34.135,-0.0,0.0
34.14,-0.0,0.0
34.145,-0.0,0.0
34.15,-0.0,0.0
34.155,-0.0,0.0
34.160000000000004,-0.0,0.0
34.165,-0.0,0.0
34.17,-0.0,0.0
34.175000000000004,-0.0,0.0
34.18,-0.0,0.0
34.185,-0.0,0.0
34.19,-0.0,0.0
34.195,-0.0,0.0
34.2,-0.0,0.0
34.205,-0.0,0.0
34.21,-0.0,0.0
34.215,-0.0,0.0
34.22,-0.0,0.0
34.225,-0.0,0.0
34.230000000000004,-0.0,0.0
34.235,-0.0,0.0
34.24,-0.0,0.0
34.245,-0.0,0.0
34.25,-0.0,0.0
34.255,-0.0,0.0
34.26,-0.0,0.0
34.265,-0.0,0.0
34.27,-0.0,0.0
34.275,-0.0,0.0
34.28,-0.0,0.0
34.285000000000004,-0.0,0.0
34.29,-0.0,0.0
34.295,-0.0,0.0
34.300000000000004,-0.0,0.0
34.305,-0.0,0.0
34.31,-0.0,0.0
34.315,-0.0,0.0
34.32,-0.0,0.0
34.325,-0.0,0.0
34.33,5.865,0.0
34.335,-0.0,0.0
34.34,5.865,0.0
34.345,-0.0,0.0
34.35,5.865,0.0
34.355000000000004,5.865,0.0
34.36,5.865,0.0
34.365,5.865,0.0
34.37,5.865,0.0
34.375,5.865,0.0
34.38,5.865,0.0
34.385,5.865,0.0
34.39,5.865,0.0
34.395,5.865,0.0
34.4,5.865,0.0
34.405,5.865,0.0
34.410000000000004,5.865,0.0
34.415,5.865,0.0
34.42,5.865,0.0
34.425000000000004,5.865,0.0
34.43,5.865,0.0
34.435,5.865,0.0
34.44,5.865,0.0
34.445,5.865,0.0
34.45,5.865,0.0
34.455,5.865,0.0
34.46,5.865,0.0
34.465,5.865,0.0
34.47,5.865,5.865
34.475,5.865,0.0
34.480000000000004,5.865,0.0
34.485,5.865,0.0
34.49,5.865,0.0
34.495,5.865,0.0
34.5,5.865,0.0
34.505,5.865,0.0
34.51,5.865,0.0
34.515,5.865,0.0
34.52,5.865,0.0
34.525,5.865,0.0
34.53,5.865,0.0
34.535000000000004,5.865,0.0
34.54,5.865,0.0
34.545,5.865,0.0
34.550000000000004,5.865,0.0
34.555,5.865,0.0
34.56,5.865,5.865
34.565,5.865,0.0
34.57,5.865,0.0
34.575,5.865,0.0
34.58,5.865,0.0
34.585,5.865,0.0
34.59,5.865,0.0
34.595,5.865,0.0
34.6,5.865,0.0
34.605000000000004,5.865,0.0
34.61,5.865,0.0
34.615,5.865,5.865
34.62,5.865,5.865
34.625,5.865,0.0
34.63,5.865,0.0
34.635,5.865,0.0
34.64,5.865,0.0
34.645,5.865,0.0
34.65,5.865,5.865
34.655,5.865,0.0
34.660000000000004,5.865,0.0
34.665,5.865,0.0
34.67,11.73,5.865
34.675000000000004,5.865,0.0
34.68,5.865,0.0
34.685,5.865,5.865
34.69,5.865,0.0
34.695,5.865,5.865
34.7,5.865,5.865
34.705,5.865,5.865
34.71,5.865,5.865
34.715,5.865,5.865
34.72,5.865,5.865
34.725,5.865,5.865
34.730000000000004,5.865,5.865
34.735,5.865,5.865
34.74,5.865,5.865
34.745,5.865,5.865
34.75,-0.0,5.865
34.755,-0.0,5.865
34.76,-0.0,5.865
34.765,-0.0,5.865
34.77,-0.0,5.865
34.775,-0.0,5.865
34.78,-0.0,5.865
34.785000000000004,-0.0,5.865
34.79,-0.0,5.865
34.795,-0.0,5.865
34.800000000000004,-0.0,5.865
34.805,-0.0,5.865
34.81,-0.0,5.865
34.815,-0.0,5.865
34.82,-0.0,5.865
34.825,-0.0,5.865
34.83,-0.0,5.865
34.835,-0.0,5.865
34.84,-0.0,5.865
34.845,-0.0,5.865
34.85,-0.0,5.865
34.855000000000004,-0.0,5.865
34.86,-0.0,5.865
34.865,-0.0,5.865
34.87,-0.0,5.865
34.875,-0.0,5.865
34.88,-0.0,5.865
34.885,-0.0,5.865
34.89,-0.0,0.0
34.895,-0.0,5.865
34.9,-0.0,5.865
34.905,-0.0,0.0
34.910000000000004,-0.0,5.865
34.915,-0.0,5.865
34.92,-0.0,5.865
34.925000000000004,-0.0,5.865
34.93,-0.0,0.0
34.935,-0.0,5.865
34.94,-0.0,0.0
34.945,-0.0,0.0
34.95,-0.0,5.865
34.955,-0.0,5.865
34.96,-0.0,5.865
34.965,-0.0,0.0
34.97,5.865,5.865
34.975,-0.0,5.865
34.980000000000004,5.865,5.865
34.985,5.865,5.865
34.99,5.865,5.865
34.995,-0.0,5.865
35.0,5.865,5.865
35.005,-0.0,5.865
35.01,5.865,5.865
35.015,5.865,5.865
35.02,5.865,5.865
35.025,5.865,5.865
35.03,5.865,5.865
35.035000000000004,5.865,5.865
35.04,5.865,5.865
35.045,-0.0,5.865
35.050000000000004,-0.0,5.865
35.055,-0.0,5.865
35.06,5.865,5.865
35.065,5.865,0.0
35.07,5.865,5.865
35.075,5.865,5.865
35.08,5.865,0.0
35.085,-0.0,5.865
35.09,-0.0,0.0
35.095,5.865,0.0
35.1,-0.0,0.0
35.105000000000004,-0.0,0.0
35.11,-0.0,0.0
35.115,-0.0,5.865
35.12,-0.0,0.0
35.125,-0.0,5.865
35.13,-0.0,5.865
35.135,-0.0,0.0
35.14,-0.0,0.0
35.145,-0.0,5.865
35.15,-0.0,0.0
35.155,-0.0,0.0
35.160000000000004,-0.0,0.0
35.165,-0.0,0.0
35.17,-0.0,0.0
35.175000000000004,5.865,0.0
35.18,5.865,5.865
35.185,-0.0,0.0
35.19,5.865,0.0
35.195,5.865,5.865
35.2,5.865,5.865
35.205,-0.0,0.0
35.21,5.865,0.0
35.215,-0.0,5.865
35.22,-0.0,0.0
35.225,-0.0,0.0
35.230000000000004,5.865,5.865
35.235,-0.0,0.0
35.24,-0.0,5.865
35.245,-0.0,5.865
35.25,-0.0,0.0
35.255,-0.0,0.0
35.26,-0.0,0.0
35.265,-0.0,0.0
35.27,5.865,5.865
35.275,-0.0,0.0
35.28,-0.0,0.0
35.285000000000004,-0.0,0.0
35.29,-0.0,5.865
35.295,-0.0,5.865
35.300000000000004,-0.0,0.0
35.305,-0.0,0.0
35.31,-0.0,0.0
35.315,-0.0,0.0
35.32,-0.0,0.0
35.325,-0.0,0.0
35.33,-0.0,0.0
35.335,-0.0,0.0
35.34,-0.0,0.0
35.345,-0.0,5.865
35.35,-0.0,0.0
35.355000000000004,-0.0,0.0
35.36,-0.0,0.0
35.365,-0.0,5.865
35.37,-0.0,5.865
35.375,-0.0,0.0
35.38,-0.0,0.0
35.385,-0.0,0.0
35.39,-0.0,0.0
35.395,-0.0,0.0
35.4,-0.0,0.0
35.405,-0.0,0.0
35.410000000000004,-0.0,0.0
35.415,-0.0,5.865
35.42,-0.0,5.865
35.425000000000004,-0.0,0.0
35.43,-0.0,0.0
35.435,-0.0,0.0
35.44,-0.0,5.865
35.445,-0.0,5.865
35.45,-0.0,0.0
35.455,-0.0,0.0
35.46,-0.0,0.0
35.465,-0.0,0.0
35.47,-0.0,0.0
35.475,-0.0,5.865
35.480000000000004,-0.0,0.0
35.485,-0.0,0.0
35.49,-0.0,0.0
35.495,-0.0,0.0
35.5,-0.0,5.865
35.505,-0.0,5.865
35.51,-0.0,5.865
35.515,-0.0,0.0
35.52,-0.0,0.0
35.525,-0.0,5.865
35.53,-0.0,5.865
35.535000000000004,-0.0,5.865
35.54,-0.0,5.865
35.545,-0.0,5.865
35.550000000000004,-0.0,5.865
35.555,-0.0,5.865
35.56,-0.0,5.865
35.565,-0.0,5.865
35.57,-0.0,5.865
35.575,-0.0,5.865
35.58,-0.0,5.865
35.585,-0.0,5.865
35.59,-0.0,5.865
35.595,-0.0,5.865
35.6,-0.0,5.865
35.605000000000004,-0.0,5.865
35.61,-0.0,5.865
35.615,-0.0,5.865
35.62,-0.0,5.865
35.625,-0.0,5.865
35.63,-0.0,5.865
35.635,-0.0,5.865
35.64,-0.0,5.865
35.645,-0.0,5.865
35.65,-0.0,5.865
35.655,-0.0,5.865
35.660000000000004,-0.0,5.865
35.665,-0.0,5.865
35.67,-0.0,5.865
35.675000000000004,-0.0,5.865
35.68,-0.0,5.865
35.685,-0.0,5.865
35.69,-0.0,5.865
35.695,-0.0,5.865
35.7,-0.0,5.865
35.705,-0.0,5.865
35.71,-0.0,5.865
35.715,-0.0,0.0
35.72,-0.0,5.865
35.725,-0.0,0.0
35.730000000000004,-0.0,0.0
35.735,-0.0,0.0
35.74,-0.0,5.865
35.745,-0.0,0.0
35.75,-0.0,5.865
35.755,-0.0,0.0
35.76,-0.0,0.0
35.765,-0.0,0.0
35.77,-0.0,0.0
35.775,-0.0,0.0
35.78,5.865,0.0
35.785000000000004,-0.0,0.0
35.79,-0.0,0.0
35.795,-0.0,0.0
35.800000000000004,-0.0,0.0
35.805,-0.0,0.0
35.81,-0.0,0.0
35.815,-0.0,0.0
35.82,5.865,0.0
35.825,-0.0,0.0
35.83,-0.0,0.0
35.835,-0.0,0.0
35.84,-0.0,0.0
35.845,-0.0,0.0
35.85,-0.0,0.0
35.855000000000004,-0.0,0.0
35.86,-0.0,0.0
35.865,5.865,5.865
35.87,-0.0,0.0
35.875,-0.0,0.0
35.88,5.865,0.0
35.885,5.865,0.0
35.89,5.865,0.0
35.895,5.865,0.0
35.9,5.865,0.0
35.905,5.865,0.0
35.910000000000004,-0.0,0.0
35.915,-0.0,0.0
35.92,-0.0,5.865
35.925000000000004,-0.0,5.865
35.93,-0.0,0.0
35.935,-0.0,0.0
35.94,-0.0,0.0
35.945,-0.0,0.0
35.95,-0.0,0.0
35.955,-0.0,5.865
35.96,-0.0,0.0
35.965,-0.0,0.0
35.97,-0.0,5.865
35.975,-0.0,0.0
35.980000000000004,-0.0,0.0
35.985,-0.0,0.0
35.99,-0.0,0.0
35.995,-0.0,0.0
36.0,-0.0,0.0
36.005,-0.0,0.0
36.01,-0.0,0.0
36.015,-0.0,0.0
36.02,-0.0,0.0
36.025,-0.0,0.0
36.03,-0.0,0.0
36.035000000000004,-0.0,0.0
36.04,-0.0,0.0
36.045,-0.0,0.0
36.050000000000004,-0.0,0.0
36.055,-0.0,0.0
36.06,-0.0,0.0
36.065,-0.0,0.0
36.07,-0.0,0.0
36.075,-0.0,0.0
36.08,-0.0,0.0
36.085,-0.0,0.0
36.09,-0.0,0.0
36.095,-0.0,0.0
36.1,-0.0,0.0
36.105000000000004,-0.0,0.0
36.11,-0.0,0.0
36.115,-0.0,0.0
36.12,-0.0,0.0
36.125,-0.0,0.0
36.13,-0.0,0.0
36.135,-0.0,0.0
36.14,-0.0,0.0
36.145,-0.0,0.0
36.15,-0.0,0.0
36.155,-0.0,0.0
36.160000000000004,-0.0,0.0
36.165,-0.0,0.0
36.17,-0.0,0.0
36.175000000000004,-0.0,0.0
36.18,-0.0,0.0
36.185,-0.0,0.0
36.19,-0.0,0.0
36.195,-0.0,0.0
36.2,-0.0,0.0
36.205,-0.0,0.0
36.21,-0.0,0.0
36.215,-0.0,0.0
36.22,-0.0,0.0
36.225,-0.0,0.0
36.230000000000004,-0.0,0.0
36.235,-0.0,0.0
36.24,-0.0,0.0
36.245,-0.0,0.0
36.25,-0.0,0.0
36.255,-0.0,0.0
36.26,-0.0,0.0
36.265,-0.0,0.0
36.27,-0.0,0.0
36.275,-0.0,0.0
36.28,-0.0,0.0
36.285000000000004,-5.865,0.0
36.29,-0.0,0.0
36.295,-0.0,0.0
36.300000000000004,-5.865,0.0
36.305,-5.865,0.0
36.31,-5.865,0.0
36.315,-0.0,0.0
36.32,-0.0,0.0
36.325,-0.0,0.0
36.33,-0.0,0.0
36.335,-0.0,0.0
36.34,-5.865,0.0
36.345,-5.865,0.0
36.35,-0.0,0.0
36.355000000000004,-5.865,0.0
36.36,-5.865,0.0
36.365,-0.0,0.0
36.37,-5.865,0.0
36.375,-5.865,0.0
36.38,-5.865,0.0
36.385,-0.0,0.0
36.39,-5.865,0.0
36.395,-5.865,0.0
36.4,-5.865,0.0
36.405,-0.0,0.0
36.410000000000004,-5.865,0.0
36.415,-5.865,0.0
36.42,-0.0,0.0
36.425000000000004,-0.0,0.0
36.43,-0.0,0.0
36.435,-5.865,0.0
36.44,-5.865,0.0
36.445,-5.865,0.0
36.45,-0.0,0.0
36.455,-0.0,0.0
36.46,-0.0,0.0
36.465,-5.865,0.0
36.47,-0.0,0.0
36.475,-5.865,0.0
36.480000000000004,-5.865,0.0
36.485,-5.865,0.0
36.49,-5.865,0.0
36.495,-0.0,0.0
36.5,-5.865,0.0
36.505,-5.865,0.0
36.51,-0.0,0.0
36.515,-0.0,0.0
36.52,-0.0,0.0
36.525,-0.0,0.0
36.53,-5.865,0.0
36.535000000000004,-0.0,0.0
36.54,-5.865,0.0
36.545,-5.865,0.0
36.550000000000004,-0.0,0.0
36.555,-0.0,0.0
36.56,-0.0,0.0
36.565,-0.0,0.0
36.57,-0.0,0.0
36.575,-0.0,0.0
36.58,-0.0,0.0
36.585,-0.0,0.0
36.59,-0.0,0.0
36.595,-0.0,0.0
36.6,-0.0,0.0
36.605000000000004,-0.0,0.0
36.61,-0.0,0.0
36.615,-0.0,0.0
36.62,-0.0,0.0
36.625,-0.0,0.0
36.63,-0.0,0.0
36.635,-0.0,0.0
36.64,-0.0,0.0
36.645,-0.0,0.0
36.65,-5.865,0.0
36.655,-0.0,0.0
36.660000000000004,-5.865,0.0
36.665,-5.865,0.0
36.67,-5.865,0.0
36.675000000000004,-5.865,0.0
36.68,-5.865,0.0
36.685,-5.865,0.0
36.69,-5.865,0.0
36.695,-5.865,0.0
36.7,-5.865,0.0
36.705,-5.865,0.0
36.71,-5.865,0.0
36.715,-5.865,0.0
36.72,-5.865,0.0
36.725,-5.865,0.0
36.730000000000004,-5.865,0.0
36.735,-5.865,0.0
36.74,-5.865,0.0
36.745,-5.865,-5.865
36.75,-5.865,0.0
36.755,-5.865,0.0
36.76,-5.865,-5.865
36.765,-5.865,0.0
36.77,-5.865,0.0
36.775,-5.865,0.0
36.78,-5.865,0.0
36.785000000000004,-5.865,0.0
36.79,-5.865,0.0
36.795,-5.865,0.0
36.800000000000004,-5.865,0.0
36.805,-0.0,0.0
36.81,-5.865,0.0
36.815,-5.865,0.0
36.82,-5.865,0.0
36.825,-0.0,0.0
36.83,-0.0,0.0
36.835,-0.0,0.0
36.84,-0.0,0.0
36.845,-0.0,0.0
36.85,-0.0,0.0
36.855000000000004,-0.0,0.0
36.86,-0.0,0.0
36.865,-0.0,0.0
36.87,-0.0,0.0
36.875,-0.0,0.0
36.88,-0.0,0.0
36.885,-0.0,0.0
36.89,-0.0,0.0
36.895,-0.0,0.0
36.9,-0.0,0.0
36.905,-0.0,0.0
36.910000000000004,-0.0,0.0
36.915,-0.0,0.0
36.92,-0.0,0.0
36.925000000000004,-0.0,0.0
36.93,-0.0,0.0
36.935,-0.0,0.0
36.94,-0.0,0.0
36.945,-0.0,0.0
36.95,-0.0,0.0
36.955,-0.0,0.0
36.96,5.865,0.0
36.965,5.865,0.0
36.97,-0.0,0.0
36.975,-0.0,0.0
36.980000000000004,-0.0,0.0
36.985,5.865,0.0
36.99,-0.0,0.0
36.995,-0.0,0.0
37.0,5.865,0.0
37.005,5.865,0.0
37.01,-0.0,0.0
37.015,5.865,0.0
37.02,-0.0,0.0
37.025,5.865,0.0
37.03,-0.0,0.0
37.035000000000004,5.865,0.0
37.04,-0.0,0.0
37.045,-0.0,0.0
37.050000000000004,-0.0,0.0
37.055,5.865,0.0
37.06,-0.0,0.0
37.065,-0.0,0.0
37.07,-0.0,0.0
37.075,-0.0,0.0
37.08,-0.0,0.0
37.085,-0.0,5.865
37.09,-0.0,0.0
37.095,-0.0,0.0
37.1,-0.0,0.0
37.105000000000004,-0.0,5.865
37.11,-0.0,5.865
37.115,-0.0,0.0
37.12,-0.0,5.865
37.125,-0.0,5.865
37.13,-0.0,0.0
37.135,-0.0,5.865
37.14,-0.0,0.0
37.145,-0.0,0.0
37.15,-0.0,0.0
37.155,-0.0,0.0
37.160000000000004,-0.0,0.0
37.165,-0.0,0.0
37.17,-0.0,0.0
37.175000000000004,-0.0,0.0
37.18,-0.0,0.0
37.185,-0.0,0.0
37.19,-0.0,0.0
37.195,-0.0,0.0
37.2,-0.0,0.0
37.205,-0.0,0.0
37.21,-0.0,0.0
37.215,-0.0,0.0
37.22,-0.0,0.0
37.225,-0.0,0.0
37.230000000000004,-0.0,0.0
37.235,-0.0,0.0
37.24,-0.0,0.0
37.245,-0.0,0.0
37.25,-0.0,0.0
37.255,-0.0,0.0
37.26,-0.0,0.0
37.265,-0.0,0.0
37.27,-0.0,0.0
37.275,-0.0,0.0
37.28,-0.0,0.0
37.285000000000004,-0.0,0.0
37.29,-0.0,0.0
37.295,-0.0,0.0
37.300000000000004,-0.0,0.0
37.305,-0.0,0.0
37.31,-0.0,0.0
37.315,-0.0,0.0
37.32,-0.0,0.0
37.325,-0.0,0.0
37.33,-0.0,0.0
37.335,-0.0,0.0
37.34,-0.0,0.0
37.345,-0.0,0.0
37.35,-0.0,0.0
37.355000000000004,-0.0,0.0
37.36,-0.0,0.0
37.365,-0.0,0.0
37.37,-0.0,0.0
37.375,-0.0,0.0
37.38,-0.0,0.0
37.385,-0.0,0.0
37.39,-0.0,0.0
37.395,-0.0,0.0
37.4,-0.0,0.0
37.405,-0.0,0.0
37.410000000000004,-0.0,0.0
37.415,-0.0,0.0
37.42,-0.0,0.0
37.425000000000004,-0.0,0.0
37.43,-0.0,0.0
37.435,-0.0,0.0
37.44,-0.0,0.0
37.445,-0.0,0.0
37.45,-0.0,0.0
37.455,-0.0,0.0
37.46,-0.0,0.0
37.465,-0.0,0.0
37.47,-0.0,5.865
37.475,-0.0,0.0
37.480000000000004,-0.0,0.0
37.485,-0.0,0.0
37.49,-0.0,0.0
37.495,-0.0,0.0
37.5,-0.0,0.0
37.505,-0.0,0.0
37.51,-0.0,0.0
37.515,-0.0,0.0
37.52,-0.0,0.0
37.525,-0.0,0.0
37.53,-0.0,0.0
37.535000000000004,-0.0,0.0
37.54,-0.0,0.0
37.545,-0.0,0.0
37.550000000000004,-0.0,0.0
37.555,-0.0,0.0
37.56,-0.0,0.0
37.565,-0.0,0.0
37.57,-0.0,0.0
37.575,-0.0,0.0
37.58,-0.0,0.0
37.585,-0.0,0.0
37.59,-0.0,0.0
37.595,-0.0,0.0
37.6,-0.0,0.0
37.605000000000004,-0.0,0.0
37.61,-0.0,0.0
37.615,-0.0,0.0
37.62,-0.0,0.0
37.625,-0.0,0.0
37.63,-0.0,0.0
37.635,-0.0,0.0
37.64,-0.0,0.0
37.645,-0.0,0.0
37.65,-0.0,0.0
37.655,-0.0,0.0
37.660000000000004,-0.0,0.0
37.665,-0.0,0.0
37.67,-0.0,0.0
37.675000000000004,-0.0,0.0
37.68,-0.0,0.0
37.685,-0.0,0.0
37.69,-0.0,0.0
37.695,-0.0,0.0
37.7,-0.0,0.0
37.705,-0.0,0.0
37.71,-0.0,0.0
37.715,-0.0,0.0
37.72,-0.0,0.0
37.725,-0.0,0.0
37.730000000000004,-0.0,0.0
37.735,-0.0,0.0
37.74,-0.0,0.0
37.745,-0.0,0.0
37.75,-0.0,0.0
37.755,-0.0,0.0
37.76,-0.0,0.0
37.765,-0.0,0.0
37.77,-0.0,0.0
37.775,-0.0,0.0
37.78,-0.0,0.0
37.785000000000004,-0.0,0.0
37.79,-0.0,0.0
37.795,-0.0,0.0
37.800000000000004,-0.0,0.0
37.805,-0.0,5.865
37.81,-0.0,0.0
37.815,-0.0,0.0
37.82,-0.0,0.0
37.825,-0.0,0.0
37.83,-0.0,5.865
37.835,-0.0,0.0
37.84,-0.0,5.865
37.845,-0.0,0.0
37.85,-0.0,0.0
37.855000000000004,-0.0,0.0
37.86,-0.0,0.0
37.865,-0.0,5.865
37.87,-0.0,0.0
37.875,5.865,0.0
37.88,-0.0,5.865
37.885,5.865,0.0
37.89,5.865,5.865
37.895,5.865,0.0
37.9,-0.0,0.0
37.905,5.865,0.0
37.910000000000004,5.865,0.0
37.915,5.865,0.0
37.92,5.865,0.0
37.925000000000004,5.865,0.0
37.93,5.865,0.0
37.935,5.865,0.0
37.94,5.865,0.0
37.945,-0.0,0.0
37.95,5.865,0.0
37.955,5.865,0.0
37.96,5.865,0.0
37.965,-0.0,0.0
37.97,-0.0,0.0
37.975,5.865,0.0
37.980000000000004,5.865,0.0
37.985,-0.0,0.0
37.99,-0.0,0.0
37.995,-0.0,0.0
38.0,-0.0,0.0
38.005,-0.0,0.0
38.01,-0.0,0.0
38.015,-0.0,0.0
38.02,-0.0,0.0
38.025,-0.0,0.0
38.03,-0.0,0.0
38.035000000000004,-0.0,0.0
38.04,-0.0,0.0
38.045,-0.0,0.0
38.050000000000004,-0.0,0.0
38.055,-0.0,0.0
38.06,-0.0,0.0
38.065,-0.0,0.0
38.07,-0.0,0.0
38.075,-0.0,0.0
38.08,-0.0,0.0
38.085,-0.0,0.0
38.09,-0.0,0.0
38.095,-0.0,0.0
38.1,-0.0,0.0
38.105000000000004,-0.0,0.0
38.11,-0.0,0.0
38.115,-0.0,0.0
38.12,-0.0,0.0
38.125,-0.0,0.0
38.13,-0.0,0.0
38.135,-0.0,0.0
38.14,-0.0,0.0
38.145,-0.0,0.0
38.15,-0.0,0.0
38.155,-0.0,0.0
38.160000000000004,-0.0,0.0
38.165,-0.0,0.0
38.17,-0.0,0.0
38.175000000000004,-0.0,0.0
38.18,-0.0,0.0
38.185,-0.0,0.0
38.19,-0.0,0.0
38.195,-0.0,0.0
38.2,-0.0,0.0
38.205,-0.0,0.0
38.21,-0.0,0.0
38.215,-0.0,0.0
38.22,-0.0,0.0
38.225,-0.0,0.0
38.230000000000004,-0.0,0.0
38.235,-0.0,0.0
38.24,-0.0,0.0
38.245,-0.0,0.0
38.25,-0.0,0.0
38.255,-0.0,0.0
38.26,-0.0,0.0
38.265,-0.0,0.0
38.27,-0.0,0.0
38.275,-0.0,0.0
38.28,-0.0,0.0
38.285000000000004,-0.0,0.0
38.29,-0.0,0.0
38.295,-0.0,0.0
38.300000000000004,-0.0,0.0
38.305,-0.0,0.0
38.31,-0.0,0.0
38.315,-0.0,0.0
38.32,-0.0,0.0
38.325,-0.0,0.0
38.33,-0.0,0.0
38.335,-0.0,0.0
38.34,-0.0,0.0
38.345,-0.0,0.0
38.35,-0.0,0.0
38.355000000000004,-0.0,0.0
38.36,-0.0,0.0
38.365,-0.0,0.0
38.37,-0.0,0.0
38.375,-0.0,0.0
38.38,-0.0,0.0
38.385,-0.0,0.0
38.39,-0.0,0.0
38.395,-0.0,0.0
38.4,-0.0,0.0
38.405,-0.0,0.0
38.410000000000004,-0.0,0.0
38.415,-0.0,0.0
38.42,-0.0,0.0
38.425000000000004,-0.0,-5.865
38.43,-0.0,0.0
38.435,-0.0,0.0
38.44,-0.0,0.0
38.445,-0.0,0.0
38.45,-0.0,-5.865
38.455,-0.0,0.0
38.46,-0.0,-5.865
38.465,-0.0,0.0
38.47,-0.0,0.0
38.475,-0.0,0.0
38.480000000000004,5.865,-5.865
38.485,5.865,0.0
38.49,5.865,0.0
38.495,5.865,0.0
38.5,5.865,0.0
38.505,5.865,0.0
38.51,5.865,0.0
38.515,5.865,0.0
38.52,5.865,0.0
38.525,5.865,0.0
38.53,5.865,0.0
38.535000000000004,5.865,0.0
38.54,5.865,0.0
38.545,5.865,0.0
38.550000000000004,5.865,0.0
38.555,5.865,0.0
38.56,5.865,5.865
38.565,5.865,5.865
38.57,5.865,5.865
38.575,5.865,5.865
38.58,5.865,5.865
38.585,5.865,5.865
38.59,5.865,5.865
38.595,5.865,5.865
38.6,5.865,5.865
38.605000000000004,5.865,5.865
38.61,5.865,5.865
38.615,5.865,5.865
38.62,5.865,5.865
38.625,5.865,5.865
38.63,-0.0,5.865
38.635,-0.0,5.865
38.64,-0.0,5.865
38.645,-0.0,5.865
38.65,-0.0,5.865
38.655,-0.0,0.0
38.660000000000004,-0.0,0.0
38.665,-0.0,0.0
38.67,-0.0,0.0
38.675000000000004,-0.0,0.0
38.68,-0.0,0.0
38.685,-0.0,0.0
38.69,-0.0,0.0
38.695,-0.0,0.0
38.7,-0.0,0.0
38.705,-0.0,0.0
38.71,-0.0,0.0
38.715,-0.0,0.0
38.72,-0.0,0.0
38.725,-0.0,0.0
38.730000000000004,-0.0,0.0
38.735,-0.0,0.0
38.74,-0.0,0.0
38.745,-0.0,0.0
38.75,-0.0,0.0
38.755,-0.0,0.0
38.76,-0.0,-5.865
38.765,-0.0,0.0
38.77,-0.0,0.0
38.775,-0.0,0.0
38.78,-0.0,0.0
38.785000000000004,-0.0,0.0
38.79,-0.0,0.0
38.795,-0.0,-5.865
38.800000000000004,-0.0,0.0
38.805,-0.0,0.0
38.81,-0.0,0.0
38.815,-0.0,-5.865
38.82,-0.0,0.0
38.825,-0.0,0.0
38.83,-0.0,0.0
38.835,-0.0,0.0
38.84,-0.0,0.0
38.845,-0.0,0.0
38.85,-0.0,0.0
38.855000000000004,-0.0,0.0
38.86,-0.0,0.0
38.865,-0.0,0.0
38.87,-5.865,0.0
38.875,-0.0,0.0
38.88,-5.865,0.0
38.885,-0.0,0.0
38.89,-0.0,0.0
38.895,-0.0,0.0
38.9,-0.0,0.0
38.905,-5.865,0.0
38.910000000000004,-0.0,0.0
38.915,-0.0,0.0
38.92,-0.0,0.0
38.925000000000004,-5.865,0.0
38.93,-0.0,0.0
38.935,-0.0,0.0
38.94,-0.0,0.0
38.945,-0.0,0.0
38.95,-0.0,0.0
38.955,-0.0,0.0
38.96,-0.0,0.0
38.965,-0.0,0.0
38.97,-0.0,0.0
38.975,-0.0,0.0
38.980000000000004,-0.0,0.0
38.985,-0.0,0.0
38.99,-0.0,0.0
38.995,-0.0,0.0
39.0,-0.0,0.0
39.005,-0.0,0.0
39.01,-0.0,0.0
39.015,-0.0,0.0
39.02,-0.0,0.0
39.025,-0.0,0.0
39.03,-0.0,0.0
39.035000000000004,-0.0,0.0
39.04,-0.0,0.0
39.045,-0.0,0.0
39.050000000000004,-0.0,5.865
39.055,-0.0,0.0
39.06,-0.0,0.0
39.065,-0.0,0.0
39.07,-0.0,0.0
39.075,-0.0,5.865
39.08,-0.0,0.0
39.085,-0.0,0.0
39.09,-0.0,0.0
39.095,-0.0,0.0
39.1,-0.0,5.865
39.105000000000004,-0.0,5.865
39.11,-0.0,5.865
39.115,-0.0,0.0
39.12,-0.0,0.0
39.125,-0.0,5.865
39.13,-0.0,5.865
39.135,-0.0,5.865
39.14,-0.0,5.865
39.145,-0.0,5.865
39.15,-0.0,5.865
39.155,-0.0,5.865
39.160000000000004,-0.0,5.865
39.165,-0.0,5.865
39.17,-0.0,5.865
39.175000000000004,-0.0,0.0
39.18,-0.0,5.865
39.185,-0.0,5.865
39.19,-0.0,5.865
39.195,-0.0,5.865
39.2,-0.0,5.865
39.205,-0.0,5.865
39.21,-0.0,5.865
39.215,-0.0,5.865
39.22,-0.0,5.865
39.225,-0.0,0.0
39.230000000000004,-0.0,5.865
39.235,-0.0,5.865
39.24,5.865,5.865
39.245,5.865,5.865
39.25,-0.0,5.865
39.255,-0.0,5.865
39.26,5.865,5.865
39.265,5.865,5.865
39.27,5.865,5.865
39.275,5.865,5.865
39.28,5.865,5.865
39.285000000000004,5.865,5.865
39.29,5.865,5.865
39.295,5.865,5.865
39.300000000000004,5.865,5.865
39.305,5.865,5.865
39.31,5.865,5.865
39.315,5.865,5.865
39.32,5.865,5.865
39.325,5.865,5.865
39.33,5.865,5.865
39.335,5.865,5.865
39.34,5.865,5.865
39.345,5.865,5.865
39.35,5.865,5.865
39.355000000000004,5.865,5.865
39.36,5.865,5.865
39.365,5.865,5.865
39.37,5.865,5.865
39.375,5.865,5.865
39.38,5.865,5.865
39.385,5.865,5.865
39.39,5.865,5.865
39.395,5.865,5.865
39.4,5.865,5.865
39.405,5.865,5.865
39.410000000000004,5.865,5.865
39.415,-0.0,5.865
39.42,5.865,5.865
39.425000000000004,5.865,5.865
39.43,-0.0,5.865
39.435,5.865,5.865
39.44,-0.0,5.865
39.445,-0.0,5.865
39.45,-0.0,5.865
39.455,-0.0,5.865
39.46,-0.0,5.865
39.465,-0.0,5.865
39.47,-0.0,5.865
39.475,-0.0,5.865
39.480000000000004,-0.0,5.865
39.485,-0.0,5.865
39.49,-0.0,5.865
39.495,-0.0,5.865
39.5,-0.0,5.865
39.505,-0.0,5.865
39.51,-0.0,5.865
39.515,-0.0,5.865
39.52,-0.0,5.865
39.525,-0.0,5.865
39.53,-0.0,5.865
39.535000000000004,-0.0,5.865
39.54,-0.0,5.865
39.545,-0.0,5.865
39.550000000000004,-0.0,5.865
39.555,-0.0,5.865
39.56,-0.0,0.0
39.565,-0.0,0.0
39.57,-0.0,5.865
39.575,-0.0,5.865
39.58,-0.0,0.0
39.585,-0.0,0.0
39.59,-0.0,0.0
39.595,-0.0,0.0
39.6,-0.0,5.865
39.605000000000004,-0.0,0.0
39.61,-5.865,0.0
39.615,-5.865,0.0
39.62,-5.865,0.0
39.625,-5.865,0.0
39.63,-0.0,0.0
39.635,-5.865,0.0
39.64,-5.865,0.0
39.645,-5.865,0.0
39.65,-0.0,0.0
39.655,-5.865,0.0
39.660000000000004,-0.0,0.0
39.665,-0.0,0.0
39.67,-0.0,0.0
39.675000000000004,-0.0,0.0
39.68,-0.0,0.0
39.685,-0.0,0.0
39.69,-0.0,0.0
39.695,-0.0,0.0
39.7,-0.0,0.0
39.705,-0.0,0.0
39.71,-0.0,0.0
39.715,-0.0,0.0
39.72,-0.0,0.0
39.725,-0.0,0.0
39.730000000000004,-0.0,0.0
39.735,-0.0,0.0
39.74,-0.0,0.0
39.745,-0.0,0.0
39.75,-0.0,0.0
39.755,-0.0,0.0
39.76,-0.0,0.0
39.765,-0.0,0.0
39.77,-0.0,0.0
39.775,-0.0,0.0
39.78,-0.0,0.0
39.785000000000004,-5.865,0.0
39.79,-5.865,0.0
39.795,-5.865,0.0
39.800000000000004,-5.865,0.0
39.805,-5.865,0.0
39.81,-5.865,0.0
39.815,-5.865,0.0
39.82,-5.865,0.0
39.825,-5.865,0.0
39.83,-5.865,0.0
39.835,-5.865,0.0
39.84,-5.865,0.0
39.845,-5.865,0.0
39.85,-5.865,0.0
39.855000000000004,-5.865,0.0
39.86,-5.865,0.0
39.865,-5.865,0.0
39.87,-5.865,0.0
39.875,-5.865,0.0
39.88,-5.865,0.0
39.885,-5.865,0.0
39.89,-5.865,0.0
39.895,-5.865,0.0
39.9,-5.865,0.0
39.905,-5.865,0.0
39.910000000000004,-5.865,0.0
39.915,-5.865,0.0
39.92,-5.865,0.0
39.925000000000004,-5.865,0.0
39.93,-5.865,0.0
39.935,-5.865,0.0
39.94,-5.865,0.0
39.945,-5.865,0.0
39.95,-5.865,0.0
39.955,-5.865,0.0
39.96,-0.0,0.0
39.965,-0.0,0.0
39.97,-0.0,0.0
39.975,-0.0,0.0
39.980000000000004,-0.0,0.0
39.985,-0.0,0.0
39.99,-0.0,0.0
39.995,-0.0,0.0
40.0,-0.0,0.0
40.005,-0.0,0.0
40.01,-0.0,0.0
40.015,-0.0,0.0
40.02,-0.0,0.0
40.025,-0.0,5.865
40.03,-0.0,5.865
40.035000000000004,-0.0,5.865
40.04,-0.0,5.865
40.045,-0.0,5.865
40.050000000000004,-0.0,5.865
40.055,-0.0,5.865
40.06,-0.0,5.865
40.065,-0.0,5.865
40.07,-0.0,5.865
40.075,-0.0,5.865
40.08,-0.0,5.865
40.085,-0.0,5.865
40.09,-0.0,5.865
40.095,-0.0,5.865
40.1,-0.0,5.865
40.105000000000004,-0.0,5.865
40.11,-0.0,5.865
40.115,-0.0,5.865
40.12,-0.0,5.865
40.125,-0.0,5.865
40.13,-0.0,5.865
40.135,-0.0,5.865
40.14,-0.0,5.865
40.145,-0.0,5.865
40.15,-0.0,5.865
40.155,-0.0,5.865
40.160000000000004,-0.0,5.865
40.165,-0.0,5.865
40.17,-0.0,5.865
40.175000000000004,-0.0,5.865
40.18,-0.0,5.865
40.185,-0.0,5.865
40.19,-0.0,5.865
40.195,-0.0,5.865
40.2,-0.0,5.865
40.205,-0.0,5.865
40.21,-5.865,5.865
40.215,-0.0,5.865
40.22,-5.865,5.865
40.225,-5.865,5.865
40.230000000000004,-5.865,5.865
40.235,-5.865,5.865
40.24,-5.865,5.865
40.245,-5.865,5.865
40.25,-5.865,5.865
40.255,-5.865,5.865
40.26,-5.865,5.865
40.265,-5.865,5.865
40.27,-5.865,0.0
40.275,-5.865,5.865
40.28,-5.865,0.0
40.285000000000004,-5.865,0.0
40.29,-5.865,5.865
40.295,-5.865,0.0
40.300000000000004,-0.0,0.0
40.305,-5.865,0.0
40.31,-0.0,5.865
40.315,-0.0,0.0
40.32,-0.0,5.865
40.325,-0.0,0.0
40.33,-0.0,5.865
40.335,-0.0,0.0
40.34,-0.0,0.0
40.345,-0.0,0.0
40.35,-0.0,0.0
40.355000000000004,-0.0,0.0
40.36,-0.0,0.0
40.365,-0.0,0.0
40.37,-0.0,0.0
40.375,-0.0,0.0
40.38,-0.0,0.0
40.385,-0.0,0.0
40.39,-0.0,0.0
40.395,-0.0,0.0
40.4,-0.0,0.0
40.405,-0.0,0.0
40.410000000000004,-0.0,0.0
40.415,-0.0,0.0
40.42,-0.0,0.0
40.425000000000004,-0.0,0.0
40.43,-0.0,0.0
40.435,-0.0,0.0
40.44,-0.0,0.0
40.445,-0.0,0.0
40.45,-0.0,0.0
40.455,-0.0,0.0
40.46,-0.0,0.0
40.465,-0.0,0.0
40.47,-0.0,0.0
40.475,-0.0,0.0
40.480000000000004,-0.0,0.0
40.485,-0.0,0.0
40.49,-0.0,0.0
40.495,-0.0,0.0
40.5,-0.0,0.0
40.505,-0.0,0.0
40.51,-0.0,0.0
40.515,-0.0,0.0
40.52,-0.0,0.0
40.525,-0.0,0.0
40.53,-0.0,0.0
40.535000000000004,-0.0,0.0
40.54,-0.0,0.0
40.545,-0.0,0.0
40.550000000000004,-0.0,-5.865
40.555,-0.0,0.0
40.56,-0.0,0.0
40.565,-0.0,0.0
40.57,-0.0,-5.865
40.575,-0.0,0.0
40.58,-0.0,0.0
40.585,-0.0,0.0
40.59,-0.0,-5.865
40.595,-0.0,-5.865
40.6,-0.0,-5.865
40.605000000000004,-0.0,-5.865
40.61,-0.0,-5.865
40.615,-0.0,-5.865
40.62,-0.0,-5.865
40.625,-0.0,-5.865
40.63,-0.0,-5.865
40.635,-0.0,-5.865
40.64,-0.0,-5.865
40.645,-0.0,0.0
40.65,-0.0,-5.865
40.655,-0.0,-5.865
40.660000000000004,-0.0,0.0
40.665,-0.0,-5.865
40.67,-0.0,0.0
40.675000000000004,-0.0,0.0
40.68,-0.0,0.0
40.685,-0.0,0.0
40.69,-0.0,0.0
40.695,-0.0,0.0
40.7,-0.0,0.0
40.705,-0.0,0.0
40.71,-0.0,0.0
40.715,-0.0,0.0
40.72,-0.0,0.0
40.725,-0.0,0.0
40.730000000000004,-0.0,0.0
40.735,-0.0,0.0
40.74,-0.0,0.0
40.745,-0.0,0.0
40.75,-0.0,0.0
40.755,-0.0,0.0
40.76,-0.0,0.0
40.765,-0.0,0.0
40.77,-0.0,0.0
40.775,-0.0,0.0
40.78,-0.0,0.0
40.785000000000004,-0.0,0.0
40.79,-0.0,0.0
40.795,-0.0,5.865
40.800000000000004,-0.0,5.865
40.805,-0.0,0.0
40.81,-0.0,5.865
40.815,-0.0,5.865
40.82,-0.0,5.865
40.825,-0.0,5.865
40.83,-0.0,5.865
40.835,-0.0,5.865
40.84,-0.0,5.865
40.845,-0.0,5.865
40.85,-0.0,5.865
40.855000000000004,-0.0,5.865
40.86,-0.0,5.865
40.865,-0.0,5.865
40.87,-0.0,5.865
40.875,-0.0,5.865
40.88,-0.0,5.865
40.885,-0.0,5.865
40.89,-0.0,0.0
40.895,-0.0,0.0
40.9,-0.0,0.0
40.905,-0.0,0.0
40.910000000000004,-0.0,0.0
40.915,-0.0,0.0
40.92,-0.0,0.0
40.925000000000004,-0.0,0.0
40.93,-0.0,0.0
40.935,-0.0,0.0
40.94,-0.0,0.0
40.945,-0.0,0.0
40.95,-0.0,0.0
40.955,-0.0,0.0
40.96,-0.0,0.0
40.965,-0.0,0.0
40.97,-0.0,0.0
40.975,-0.0,0.0
40.980000000000004,-0.0,0.0
40.985,-0.0,5.865
40.99,-0.0,5.865
40.995,-0.0,0.0
41.0,-0.0,5.865
41.005,-0.0,0.0
41.01,-0.0,5.865
41.015,-0.0,5.865
41.02,-0.0,5.865
41.025,-0.0,0.0
41.03,-0.0,5.865
41.035000000000004,-0.0,5.865
41.04,-0.0,5.865
41.045,-0.0,5.865
41.050000000000004,-0.0,5.865
41.055,-0.0,5.865
41.06,-0.0,5.865
41.065,-0.0,5.865
41.07,-0.0,5.865
41.075,-0.0,5.865
41.08,-0.0,5.865
41.085,-0.0,5.865
41.09,-0.0,5.865
41.095,-0.0,5.865
41.1,-0.0,5.865
41.105000000000004,-0.0,5.865
41.11,-0.0,5.865
41.115,-0.0,5.865
41.12,-0.0,5.865
41.125,-0.0,5.865
41.13,-0.0,5.865
41.135,-0.0,5.865
41.14,-0.0,5.865
41.145,-5.865,5.865
41.15,-0.0,5.865
41.155,-0.0,5.865
41.160000000000004,-0.0,5.865
41.165,-0.0,5.865
41.17,-0.0,5.865
41.175000000000004,-0.0,5.865
41.18,-0.0,5.865
41.185,-0.0,5.865
41.19,-0.0,5.865
41.195,-5.865,5.865
41.2,-0.0,5.865
41.205,-0.0,0.0
41.21,-0.0,0.0
41.215,-0.0,0.0
41.22,-0.0,5.865
41.225,-0.0,5.865
41.230000000000004,-0.0,5.865
41.235,-0.0,0.0
41.24,-0.0,5.865
41.245,-0.0,5.865
41.25,-0.0,5.865
41.255,-0.0,5.865
41.26,-0.0,0.0
41.265,-0.0,0.0
41.27,-0.0,0.0
41.275,-0.0,0.0
41.28,-0.0,0.0
41.285000000000004,-0.0,0.0
41.29,-0.0,0.0
41.295,-0.0,0.0
41.300000000000004,-0.0,0.0
41.305,-0.0,0.0
41.31,-0.0,0.0
41.315,-0.0,0.0
41.32,-0.0,0.0
41.325,-0.0,0.0
41.33,-0.0,0.0
41.335,-0.0,0.0
41.34,-0.0,0.0
41.345,-0.0,0.0
41.35,-0.0,0.0
41.355000000000004,-0.0,0.0
41.36,-0.0,0.0
41.365,-0.0,0.0
41.37,-0.0,0.0
41.375,-0.0,0.0
41.38,-0.0,0.0
41.385,-0.0,0.0
41.39,-0.0,0.0
41.395,-0.0,0.0
41.4,-0.0,0.0
41.405,-0.0,0.0
41.410000000000004,-0.0,0.0
41.415,-0.0,0.0
41.42,-0.0,0.0
41.425000000000004,-0.0,0.0
41.43,-0.0,0.0
41.435,-0.0,0.0
41.44,-0.0,0.0
41.445,-0.0,0.0
41.45,-5.865,0.0
41.455,-5.865,0.0
41.46,-0.0,0.0
41.465,-5.865,0.0
41.47,-5.865,0.0
41.475,-5.865,0.0
41.480000000000004,-5.865,0.0
41.485,-5.865,0.0
41.49,-5.865,0.0
41.495,-5.865,0.0
41.5,-5.865,0.0
41.505,-5.865,0.0
41.51,-5.865,0.0
41.515,-5.865,0.0
41.52,-5.865,0.0
41.525,-5.865,0.0
41.53,-5.865,0.0
41.535000000000004,-5.865,0.0
41.54,-5.865,0.0
41.545,-5.865,0.0
41.550000000000004,-5.865,0.0
41.555,-5.865,0.0
41.56,-5.865,0.0
41.565,-5.865,0.0
41.57,-5.865,0.0
41.575,-5.865,0.0
41.58,-5.865,0.0
41.585,-5.865,0.0
41.59,-5.865,0.0
41.595,-5.865,0.0
41.6,-5.865,5.865
41.605000000000004,-5.865,0.0
41.61,-5.865,0.0
41.615,-5.865,5.865
41.62,-5.865,5.865
41.625,-5.865,5.865
41.63,-5.865,5.865
41.635,-5.865,5.865
41.64,-5.865,5.865
41.645,-5.865,5.865
41.65,-5.865,0.0
41.655,-5.865,5.865
41.660000000000004,-5.865,5.865
41.665,-5.865,5.865
41.67,-5.865,5.865
41.675000000000004,-5.865,5.865
41.68,-5.865,5.865
41.685,-5.865,0.0
41.69,-5.865,5.865
41.695,-5.865,5.865
41.7,-5.865,5.865
41.705,-5.865,5.865
41.71,-5.865,5.865
41.715,-5.865,0.0
41.72,-5.865,5.865
41.725,-5.865,5.865
41.730000000000004,-5.865,5.865
41.735,-5.865,5.865
41.74,-5.865,5.865
41.745,-5.865,5.865
41.75,-5.865,5.865
41.755,-5.865,5.865
41.76,-5.865,5.865
41.765,-5.865,5.865
41.77,-5.865,5.865
41.775,-5.865,5.865
41.78,-5.865,5.865
41.785000000000004,-5.865,0.0
41.79,-5.865,5.865
41.795,-5.865,5.865
41.800000000000004,-5.865,5.865
41.805,-5.865,5.865
41.81,-5.865,5.865
41.815,-5.865,5.865
41.82,-5.865,5.865
41.825,-5.865,5.865
41.83,-5.865,5.865
41.835,-5.865,5.865
41.84,-5.865,5.865
41.845,-5.865,5.865
41.85,-5.865,5.865
41.855000000000004,-5.865,5.865
41.86,-5.865,5.865
41.865,-5.865,5.865
41.87,-5.865,5.865
41.875,-5.865,5.865
41.88,-5.865,5.865
41.885,-5.865,5.865
41.89,-5.865,5.865
41.895,-5.865,5.865
41.9,-5.865,5.865
41.905,-5.865,5.865
41.910000000000004,-5.865,5.865
41.915,-5.865,5.865
41.92,-5.865,5.865
41.925000000000004,-5.865,5.865
41.93,-5.865,5.865
41.935,-5.865,5.865
41.94,-5.865,5.865
41.945,-5.865,5.865
41.95,-5.865,11.73
41.955,-5.865,11.73
41.96,-5.865,5.865
41.965,-5.865,11.73
41.97,-5.865,11.73
41.975,-5.865,11.73
41.980000000000004,-5.865,11.73
41.985,-5.865,11.73
41.99,-5.865,11.73
41.995,-5.865,11.73
42.0,-5.865,11.73
42.005,-0.0,11.73
42.01,-5.865,11.73
42.015,-5.865,11.73
42.02,-5.865,11.73
42.025,-5.865,11.73
42.03,-5.865,11.73
42.035000000000004,-5.865,11.73
42.04,-5.865,11.73
42.045,-5.865,11.73
42.050000000000004,-5.865,11.73
42.055,-5.865,11.73
42.06,-5.865,11.73
42.065,-5.865,11.73
42.07,-5.865,11.73
42.075,-5.865,11.73
42.08,-5.865,11.73
42.085,-5.865,11.73
42.09,-5.865,11.73
42.095,-5.865,11.73
42.1,-5.865,11.73
42.105000000000004,-11.73,11.73
42.11,-5.865,11.73
42.115,-5.865,11.73
42.12,-11.73,11.73
42.125,-5.865,11.73
42.13,-5.865,11.73
42.135,-5.865,11.73
42.14,-5.865,11.73
42.145,-5.865,11.73
42.15,-5.865,11.73
42.155,-5.865,11.73
42.160000000000004,-5.865,11.73
42.165,-5.865,11.73
42.17,-11.73,11.73
42.175000000000004,-11.73,11.73
42.18,-11.73,11.73
42.185,-11.73,11.73
42.19,-5.865,11.73
42.195,-5.865,11.73
42.2,-11.73,11.73
42.205,-11.73,11.73
42.21,-11.73,11.73
42.215,-11.73,11.73
42.22,-11.73,11.73
42.225,-11.73,11.73
42.230000000000004,-11.73,11.73
42.235,-11.73,11.73
42.24,-5.865,11.73
42.245,-5.865,11.73
42.25,-11.73,11.73
42.255,-5.865,11.73
42.26,-5.865,11.73
42.265,-5.865,11.73
42.27,-11.73,11.73
42.275,-11.73,11.73
42.28,-11.73,11.73
42.285000000000004,-11.73,11.73
42.29,-5.865,11.73
42.295,-5.865,11.73
42.300000000000004,-11.73,11.73
42.305,-11.73,11.73
42.31,-11.73,11.73
42.315,-11.73,11.73
42.32,-11.73,11.73
42.325,-11.73,11.73
42.33,-11.73,11.73
42.335,-11.73,11.73
42.34,-11.73,11.73
42.345,-11.73,11.73
42.35,-11.73,5.865
42.355000000000004,-11.73,11.73
42.36,-11.73,5.865
42.365,-11.73,11.73
42.37,-11.73,5.865
42.375,-11.73,5.865
42.38,-11.73,5.865
42.385,-11.73,5.865
42.39,-11.73,5.865
42.395,-11.73,5.865
42.4,-11.73,5.865
42.405,-11.73,11.73
42.410000000000004,-11.73,5.865
42.415,-11.73,5.865
42.42,-11.73,5.865
42.425000000000004,-11.73,5.865
42.43,-11.73,5.865
42.435,-11.73,5.865
42.44,-11.73,5.865
42.445,-11.73,5.865
42.45,-11.73,5.865
42.455,-11.73,5.865
42.46,-11.73,5.865
42.465,-11.73,5.865
42.47,-11.73,5.865
42.475,-11.73,5.865
42.480000000000004,-11.73,5.865
42.485,-11.73,5.865
42.49,-5.865,5.865
42.495,-5.865,5.865
42.5,-5.865,5.865
42.505,-5.865,5.865
42.51,-5.865,5.865
42.515,-5.865,5.865
42.52,-5.865,5.865
42.525,-5.865,5.865
42.53,-5.865,5.865
42.535000000000004,-5.865,0.0
42.54,-5.865,0.0
42.545,-5.865,0.0
42.550000000000004,-5.865,0.0
42.555,-5.865,0.0
42.56,-5.865,0.0
42.565,-5.865,0.0
42.57,-5.865,0.0
42.575,-5.865,0.0
42.58,-5.865,0.0
42.585,-5.865,0.0
42.59,-5.865,5.865
42.595,-5.865,5.865
42.6,-5.865,5.865
42.605000000000004,-5.865,0.0
42.61,-5.865,0.0
42.615,-5.865,5.865
42.62,-5.865,0.0
42.625,-5.865,0.0
42.63,-5.865,0.0
42.635,-5.865,0.0
42.64,-5.865,0.0
42.645,-5.865,5.865
42.65,-5.865,0.0
42.655,-5.865,5.865
42.660000000000004,-5.865,5.865
42.665,-5.865,0.0
42.67,-5.865,0.0
42.675000000000004,-0.0,0.0
42.68,-0.0,0.0
42.685,-0.0,0.0
42.69,-5.865,0.0
42.695,-5.865,0.0
42.7,-0.0,0.0
42.705,-0.0,0.0
42.71,-5.865,0.0
42.715,-0.0,0.0
42.72,-0.0,0.0
42.725,-0.0,0.0
42.730000000000004,-0.0,0.0
42.735,-0.0,0.0
42.74,-0.0,0.0
42.745,-5.865,0.0
42.75,-0.0,0.0
42.755,-5.865,0.0
42.76,-5.865,0.0
42.765,-0.0,0.0
42.77,-5.865,0.0
42.775,-0.0,0.0
42.78,-0.0,0.0
42.785000000000004,-5.865,0.0
42.79,-0.0,-5.865
42.795,-0.0,-5.865
42.800000000000004,-0.0,-5.865
42.805,-0.0,0.0
42.81,-0.0,-5.865
42.815,-0.0,-5.865
42.82,-0.0,-5.865
42.825,-0.0,0.0
42.83,-0.0,0.0
42.835,-0.0,-5.865
42.84,-0.0,-5.865
42.845,-0.0,-5.865
42.85,-0.0,-5.865
42.855000000000004,-0.0,-5.865
42.86,-0.0,0.0
42.865,-0.0,-5.865
42.87,-0.0,-5.865
42.875,-0.0,-5.865
42.88,-0.0,-5.865
42.885,-0.0,0.0
42.89,-0.0,-5.865
42.895,-0.0,0.0
42.9,-0.0,0.0
42.905,-0.0,-5.865
42.910000000000004,-0.0,-5.865
42.915,-0.0,0.0
42.92,-0.0,0.0
42.925000000000004,-0.0,0.0
42.93,-0.0,0.0
42.935,-0.0,0.0
42.94,-0.0,0.0
42.945,-0.0,0.0
42.95,-0.0,0.0
42.955,-0.0,0.0
42.96,-0.0,0.0
42.965,-0.0,0.0
42.97,-0.0,0.0
42.975,-0.0,0.0
42.980000000000004,-0.0,0.0
42.985,-0.0,0.0
42.99,-0.0,0.0
42.995,-0.0,0.0
43.0,-0.0,0.0
43.005,-0.0,0.0
43.01,-0.0,0.0
43.015,5.865,0.0
43.02,-0.0,0.0
43.025,-0.0,0.0
43.03,-0.0,5.865
43.035000000000004,-0.0,0.0
43.04,-0.0,0.0
43.045,-0.0,5.865
43.050000000000004,-0.0,5.865
43.055,-0.0,0.0
43.06,-0.0,0.0
43.065,-0.0,0.0
43.07,-0.0,5.865
43.075,-0.0,0.0
43.08,-0.0,5.865
43.085,-0.0,0.0
43.09,-0.0,0.0
43.095,-0.0,5.865
43.1,5.865,0.0
43.105000000000004,-0.0,0.0
43.11,-0.0,0.0
43.115,-0.0,0.0
43.12,-0.0,0.0
43.125,-0.0,0.0
43.13,-0.0,0.0
43.135,-0.0,0.0
43.14,-0.0,0.0
43.145,5.865,0.0
43.15,5.865,0.0
43.155,5.865,0.0
43.160000000000004,5.865,0.0
43.165,5.865,5.865
43.17,-0.0,0.0
43.175000000000004,5.865,5.865
43.18,5.865,0.0
43.185,5.865,0.0
43.19,5.865,0.0
43.195,5.865,5.865
43.2,-0.0,5.865
43.205,5.865,0.0
43.21,5.865,0.0
43.215,-0.0,0.0
43.22,5.865,5.865
43.225,5.865,5.865
43.230000000000004,5.865,0.0
43.235,5.865,5.865
43.24,5.865,5.865
43.245,-0.0,0.0
43.25,5.865,5.865
43.255,5.865,5.865
43.26,-0.0,5.865
43.265,5.865,5.865
43.27,-0.0,5.865
43.275,5.865,0.0
43.28,-0.0,5.865
43.285000000000004,-0.0,5.865
43.29,-0.0,0.0
43.295,-0.0,5.865
43.300000000000004,-0.0,5.865
43.305,-0.0,5.865
43.31,-0.0,5.865
43.315,-0.0,5.865
43.32,-0.0,5.865
43.325,-0.0,5.865
43.33,-0.0,5.865
43.335,-0.0,5.865
43.34,-0.0,5.865
43.345,-0.0,5.865
43.35,-0.0,5.865
43.355000000000004,-0.0,5.865
43.36,-0.0,5.865
43.365,-0.0,5.865
43.37,-0.0,5.865
43.375,-0.0,5.865
43.38,-0.0,5.865
43.385,-0.0,5.865
43.39,-0.0,5.865
43.395,-0.0,5.865
43.4,-0.0,5.865
43.405,-0.0,5.865
43.410000000000004,-0.0,5.865
43.415,-0.0,0.0
43.42,-0.0,5.865
43.425000000000004,-0.0,0.0
43.43,-0.0,0.0
43.435,-0.0,0.0
43.44,-0.0,0.0
43.445,-0.0,0.0
43.45,-0.0,0.0
43.455,-0.0,0.0
43.46,-0.0,0.0
43.465,-0.0,0.0
43.47,-0.0,0.0
43.475,-0.0,0.0
43.480000000000004,-0.0,0.0
43.485,-0.0,0.0
43.49,-0.0,0.0
43.495,-0.0,0.0
43.5,-0.0,0.0
43.505,-0.0,0.0
43.51,-0.0,0.0
43.515,-0.0,0.0
43.52,-0.0,0.0
43.525,-0.0,0.0
43.53,-0.0,0.0
43.535000000000004,-0.0,0.0
43.54,-0.0,0.0
43.545,-0.0,0.0
43.550000000000004,-0.0,0.0
43.555,-0.0,0.0
43.56,-0.0,0.0
43.565,-0.0,0.0
43.57,-0.0,0.0
43.575,-0.0,0.0
43.58,-0.0,0.0
43.585,-0.0,0.0
43.59,-0.0,0.0
43.595,-0.0,0.0
43.6,-0.0,0.0
43.605000000000004,-0.0,0.0
43.61,-0.0,0.0
43.615,-0.0,0.0
43.62,-0.0,0.0
43.625,-0.0,0.0
43.63,-0.0,0.0
43.635,-0.0,0.0
43.64,-0.0,0.0
43.645,-0.0,0.0
43.65,-0.0,0.0
43.655,-0.0,0.0
43.660000000000004,-0.0,0.0
43.665,-0.0,0.0
43.67,-0.0,0.0
43.675000000000004,-0.0,0.0
43.68,-0.0,0.0
43.685,-0.0,0.0
43.69,-0.0,0.0
43.695,-0.0,0.0
43.7,5.865,0.0
43.705,5.865,0.0
43.71,5.865,0.0
43.715,5.865,0.0
43.72,5.865,0.0
43.725,5.865,0.0
43.730000000000004,5.865,0.0
43.735,5.865,0.0
43.74,5.865,0.0
43.745,5.865,0.0
43.75,5.865,0.0
43.755,5.865,0.0
43.76,5.865,0.0
43.765,5.865,0.0
43.77,5.865,0.0
43.775,5.865,0.0
43.78,5.865,0.0
43.785000000000004,5.865,0.0
43.79,5.865,5.865
43.795,5.865,0.0
43.800000000000004,5.865,0.0
43.805,5.865,5.865
43.81,5.865,5.865
43.815,5.865,5.865
43.82,5.865,5.865
43.825,5.865,5.865
43.83,5.865,5.865
43.835,5.865,5.865
43.84,5.865,5.865
43.845,5.865,5.865
43.85,5.865,5.865
43.855000000000004,5.865,5.865
43.86,5.865,5.865
43.865,5.865,5.865
43.87,5.865,5.865
43.875,5.865,5.865
43.88,5.865,5.865
43.885,5.865,5.865
43.89,5.865,5.865
43.895,5.865,5.865
43.9,5.865,5.865
43.905,-0.0,5.865
43.910000000000004,-0.0,0.0
43.915,-0.0,5.865
43.92,-0.0,5.865
43.925000000000004,-0.0,0.0
43.93,-0.0,0.0
43.935,-0.0,0.0
43.94,-0.0,5.865
43.945,-0.0,5.865
43.95,-0.0,0.0
43.955,-0.0,0.0
43.96,-0.0,0.0
43.965,-0.0,5.865
43.97,-0.0,5.865
43.975,-0.0,0.0
43.980000000000004,-0.0,0.0
43.985,-0.0,5.865
43.99,-0.0,0.0
43.995,-0.0,0.0
44.0,-0.0,0.0
44.005,-0.0,0.0
44.01,-0.0,0.0
44.015,-0.0,0.0
44.02,-0.0,0.0
44.025,-0.0,0.0
44.03,-0.0,0.0
44.035000000000004,-0.0,0.0
44.04,-0.0,0.0
44.045,-0.0,0.0
44.050000000000004,-0.0,0.0
44.055,-0.0,0.0
44.06,-0.0,0.0
44.065,-0.0,0.0
44.07,-0.0,0.0
44.075,-0.0,0.0
44.08,-0.0,0.0
44.085,-0.0,0.0
44.09,-0.0,0.0
44.095,-0.0,0.0
44.1,-0.0,0.0
44.105000000000004,-0.0,0.0
44.11,-0.0,0.0
44.115,-0.0,0.0
44.12,-0.0,0.0
44.125,-0.0,0.0
44.13,-0.0,0.0
44.135,-0.0,0.0
44.14,-0.0,0.0
44.145,-0.0,0.0
44.15,-0.0,0.0
44.155,-0.0,0.0
44.160000000000004,-0.0,0.0
44.165,-0.0,0.0
44.17,-0.0,0.0
44.175000000000004,-0.0,0.0
44.18,-0.0,0.0
44.185,-0.0,0.0
44.19,-0.0,0.0
44.195,-0.0,0.0
44.2,-0.0,0.0
44.205,-0.0,0.0
44.21,-0.0,0.0
44.215,-0.0,0.0
44.22,-0.0,0.0
44.225,-0.0,0.0
44.230000000000004,-0.0,0.0
44.235,-0.0,0.0
44.24,-0.0,0.0
44.245,-0.0,0.0
44.25,-0.0,0.0
44.255,-0.0,0.0
44.26,-0.0,0.0
44.265,-0.0,0.0
44.27,-0.0,5.865
44.275,-0.0,5.865
44.28,-0.0,5.865
44.285000000000004,-0.0,5.865
44.29,-0.0,5.865
44.295,-0.0,5.865
44.300000000000004,-0.0,5.865
44.305,-0.0,5.865
44.31,-0.0,5.865
44.315,-0.0,5.865
44.32,-0.0,5.865
44.325,-0.0,5.865
44.33,-0.0,5.865
44.335,-0.0,5.865
44.34,-0.0,0.0
44.345,-0.0,5.865
44.35,-0.0,5.865
44.355000000000004,-0.0,0.0
44.36,-0.0,0.0
44.365,-0.0,0.0
44.37,-0.0,0.0
44.375,-0.0,0.0
44.38,-0.0,0.0
44.385,-0.0,0.0
44.39,-0.0,0.0
44.395,-0.0,0.0
44.4,-0.0,0.0
44.405,-0.0,0.0
44.410000000000004,-0.0,0.0
44.415,-0.0,0.0
44.42,-0.0,0.0
44.425000000000004,-0.0,0.0
44.43,-0.0,0.0
44.435,-0.0,0.0
44.44,-0.0,5.865
44.445,-0.0,0.0
44.45,-0.0,0.0
44.455,5.865,0.0
44.46,-0.0,0.0
44.465,5.865,0.0
44.47,-0.0,0.0
44.475,5.865,0.0
44.480000000000004,-0.0,0.0
44.485,5.865,0.0
44.49,5.865,0.0
44.495,5.865,0.0
44.5,5.865,5.865
44.505,5.865,0.0
44.51,5.865,5.865
44.515,5.865,5.865
44.52,5.865,0.0
44.525,5.865,5.865
44.53,5.865,5.865
44.535000000000004,5.865,5.865
44.54,5.865,0.0
44.545,5.865,5.865
44.550000000000004,5.865,5.865
44.555,5.865,0.0
44.56,5.865,5.865
44.565,5.865,0.0
44.57,5.865,5.865
44.575,5.865,0.0
44.58,5.865,0.0
44.585,5.865,0.0
44.59,5.865,0.0
44.595,5.865,5.865
44.6,5.865,0.0
44.605000000000004,5.865,5.865
44.61,5.865,5.865
44.615,5.865,5.865
44.62,5.865,5.865
44.625,5.865,5.865
44.63,5.865,5.865
44.635,5.865,5.865
44.64,5.865,5.865
44.645,5.865,5.865
44.65,5.865,5.865
44.655,5.865,5.865
44.660000000000004,5.865,5.865
44.665,5.865,5.865
44.67,5.865,5.865
44.675000000000004,5.865,5.865
44.68,5.865,5.865
44.685,5.865,5.865
44.69,5.865,5.865
44.695,5.865,5.865
44.7,5.865,5.865
44.705,5.865,5.865
44.71,5.865,5.865
44.715,5.865,5.865
44.72,5.865,5.865
44.725,5.865,5.865
44.730000000000004,5.865,5.865
44.735,5.865,5.865
44.74,5.865,5.865
44.745,5.865,5.865
44.75,5.865,5.865
44.755,-0.0,5.865
44.76,5.865,5.865
44.765,5.865,5.865
44.77,-0.0,5.865
44.775,5.865,5.865
44.78,5.865,5.865
44.785000000000004,5.865,5.865
44.79,-0.0,5.865
44.795,-0.0,5.865
44.800000000000004,-0.0,5.865
44.805,5.865,5.865
44.81,-0.0,5.865
44.815,-0.0,5.865
44.82,5.865,5.865
44.825,-0.0,5.865
44.83,5.865,5.865
44.835,-0.0,5.865
44.84,-0.0,5.865
44.845,-0.0,5.865
44.85,-0.0,5.865
44.855000000000004,-0.0,5.865
44.86,-0.0,5.865
44.865,-0.0,5.865
44.87,-0.0,5.865
44.875,-0.0,5.865
44.88,-0.0,5.865
44.885,-0.0,5.865
44.89,-0.0,5.865
44.895,-0.0,5.865
44.9,-0.0,5.865
44.905,-0.0,5.865
44.910000000000004,-0.0,5.865
44.915,-0.0,5.865
44.92,-0.0,5.865
44.925000000000004,-0.0,5.865
44.93,-0.0,5.865
44.935,-0.0,5.865
44.94,-0.0,0.0
44.945,5.865,5.865
44.95,5.865,0.0
44.955,5.865,0.0
44.96,5.865,0.0
44.965,5.865,0.0
44.97,-0.0,0.0
44.975,-0.0,0.0
44.980000000000004,5.865,0.0
44.985,5.865,0.0
44.99,5.865,0.0
44.995,5.865,0.0
45.0,5.865,0.0
45.005,5.865,0.0
45.01,5.865,0.0
45.015,5.865,0.0
45.02,5.865,0.0
45.025,5.865,0.0
45.03,5.865,0.0
45.035000000000004,5.865,0.0
45.04,5.865,0.0
45.045,5.865,0.0
45.050000000000004,5.865,5.865
45.055,5.865,0.0
45.06,5.865,0.0
45.065,5.865,0.0
45.07,5.865,0.0
45.075,5.865,0.0
45.08,-0.0,0.0
45.085,-0.0,0.0
45.09,5.865,0.0
45.095,5.865,0.0
45.1,-0.0,0.0
45.105000000000004,5.865,0.0
45.11,-0.0,0.0
45.115,5.865,0.0
45.12,5.865,0.0
45.125,5.865,0.0
45.13,5.865,0.0
45.135,5.865,0.0
45.14,5.865,0.0
45.145,5.865,0.0
45.15,5.865,0.0
45.155,-0.0,0.0
45.160000000000004,5.865,0.0
45.165,5.865,0.0
45.17,5.865,0.0
45.175000000000004,-0.0,0.0
45.18,5.865,0.0
45.185,5.865,0.0
45.19,-0.0,5.865
45.195,5.865,5.865
45.2,5.865,5.865
45.205,-0.0,5.865
45.21,5.865,5.865
45.215,5.865,5.865
45.22,5.865,5.865
45.225,5.865,0.0
45.230000000000004,5.865,5.865
45.235,5.865,0.0
45.24,-0.0,5.865
45.245,5.865,0.0
45.25,5.865,0.0
45.255,-0.0,0.0
45.26,-0.0,0.0
45.265,-0.0,0.0
45.27,-0.0,0.0
45.275,5.865,0.0
45.28,-0.0,0.0
45.285000000000004,5.865,0.0
45.29,-0.0,0.0
45.295,5.865,0.0
45.300000000000004,-0.0,0.0
45.305,-0.0,0.0
45.31,-0.0,0.0
45.315,5.865,0.0
45.32,-0.0,0.0
45.325,-0.0,0.0
45.33,5.865,0.0
45.335,-0.0,0.0
45.34,5.865,0.0
45.345,5.865,0.0
45.35,5.865,0.0
45.355000000000004,-0.0,0.0
45.36,5.865,0.0
45.365,5.865,0.0
45.37,5.865,0.0
45.375,5.865,0.0
45.38,5.865,0.0
45.385,-0.0,0.0
45.39,5.865,0.0
45.395,5.865,0.0
45.4,5.865,0.0
45.405,5.865,0.0
45.410000000000004,-0.0,0.0
45.415,-0.0,0.0
45.42,-0.0,0.0
45.425000000000004,-0.0,0.0
45.43,-0.0,0.0
45.435,-0.0,0.0
45.44,-0.0,0.0
45.445,-0.0,0.0
45.45,-0.0,0.0
45.455,-0.0,0.0
45.46,-0.0,0.0
45.465,-0.0,0.0
45.47,-0.0,0.0
45.475,-0.0,0.0
45.480000000000004,-0.0,0.0
45.485,-0.0,0.0
45.49,-0.0,0.0
45.495,-0.0,0.0
45.5,-0.0,0.0
45.505,-0.0,0.0
45.51,-5.865,0.0
45.515,-0.0,0.0
45.52,-5.865,0.0
45.525,-0.0,0.0
45.53,-0.0,0.0
45.535000000000004,-0.0,0.0
45.54,-0.0,0.0
45.545,-0.0,0.0
45.550000000000004,-5.865,0.0
45.555,-0.0,0.0
45.56,-0.0,0.0
45.565,-0.0,0.0
45.57,-0.0,0.0
45.575,-5.865,0.0
45.58,-5.865,0.0
45.585,-5.865,0.0
45.59,-0.0,0.0
45.595,-0.0,0.0
45.6,-0.0,0.0
45.605000000000004,-0.0,0.0
45.61,-0.0,0.0
45.615,-0.0,0.0
45.62,-0.0,0.0
45.625,-0.0,0.0
45.63,-0.0,0.0
45.635,-0.0,0.0
45.64,-0.0,0.0
45.645,-0.0,0.0
45.65,-0.0,0.0
45.655,-0.0,0.0
45.660000000000004,-0.0,0.0
45.665,-0.0,0.0
45.67,-0.0,5.865
45.675000000000004,-0.0,0.0
45.68,-0.0,0.0
45.685,-0.0,0.0
45.69,-0.0,0.0
45.695,-0.0,0.0
45.7,-0.0,0.0
45.705,-0.0,0.0
45.71,-0.0,0.0
45.715,-0.0,0.0
45.72,-0.0,0.0
45.725,-0.0,0.0
45.730000000000004,-0.0,0.0
45.735,-0.0,0.0
45.74,-0.0,0.0
45.745,-0.0,0.0
45.75,-0.0,-5.865
45.755,-0.0,-5.865
45.76,-0.0,-5.865
45.765,-0.0,-5.865
45.77,-0.0,-5.865
45.775,-0.0,-5.865
45.78,-0.0,-5.865
45.785000000000004,-0.0,-5.865
45.79,-0.0,-5.865
45.795,-0.0,-5.865
45.800000000000004,-0.0,-5.865
45.805,-0.0,-5.865
45.81,-0.0,-5.865
45.815,-0.0,-5.865
45.82,-0.0,-5.865
45.825,-0.0,-5.865
45.83,-5.865,-5.865
45.835,-5.865,-5.865
45.84,-5.865,0.0
45.845,-0.0,-5.865
45.85,-5.865,0.0
45.855000000000004,-5.865,0.0
45.86,-5.865,0.0
45.865,-5.865,0.0
45.87,-5.865,0.0
45.875,-5.865,0.0
45.88,-5.865,0.0
45.885,-5.865,0.0
45.89,-5.865,0.0
45.895,-5.865,0.0
45.9,-5.865,0.0
45.905,-5.865,0.0
45.910000000000004,-5.865,0.0
45.915,-5.865,0.0
45.92,-5.865,0.0
45.925000000000004,-5.865,0.0
45.93,-5.865,0.0
45.935,-5.865,0.0
45.94,-5.865,0.0
45.945,-5.865,0.0
45.95,-5.865,0.0
45.955,-5.865,0.0
45.96,-5.865,0.0
45.965,-5.865,0.0
45.97,-5.865,0.0
45.975,-5.865,5.865
45.980000000000004,-5.865,5.865
45.985,-5.865,5.865
45.99,-5.865,0.0
45.995,-5.865,5.865
46.0,-5.865,0.0
46.005,-5.865,5.865
46.01,-5.865,5.865
46.015,-5.865,5.865
46.02,-5.865,5.865
46.025,-5.865,5.865
46.03,-5.865,5.865
46.035000000000004,-5.865,5.865
46.04,-5.865,5.865
46.045,-5.865,5.865
46.050000000000004,-5.865,5.865
46.055,-5.865,5.865
46.06,-5.865,5.865
46.065,-5.865,5.865
46.07,-5.865,5.865
46.075,-5.865,5.865
46.08,-5.865,5.865
46.085,-5.865,5.865
46.09,-5.865,5.865
46.095,-5.865,5.865
46.1,-5.865,5.865
46.105000000000004,-5.865,5.865
46.11,-5.865,5.865
46.115,-5.865,5.865
46.12,-5.865,5.865
46.125,-5.865,11.73
46.13,-5.865,5.865
46.135,-5.865,5.865
46.14,-5.865,5.865
46.145,-5.865,5.865
46.15,-5.865,5.865
46.155,-5.865,5.865
46.160000000000004,-5.865,5.865
46.165,-5.865,5.865
46.17,-5.865,5.865
46.175000000000004,-5.865,5.865
46.18,-5.865,5.865
46.185,-5.865,5.865
46.19,-5.865,5.865
46.195,-5.865,5.865
46.2,-5.865,5.865
46.205,-5.865,11.73
46.21,-5.865,11.73
46.215,-5.865,11.73
46.22,-5.865,11.73
46.225,-5.865,11.73
46.230000000000004,-5.865,11.73
46.235,-5.865,11.73
46.24,-5.865,11.73
46.245,-0.0,11.73
46.25,-0.0,11.73
46.255,-0.0,11.73
46.26,-0.0,5.865
46.265,-0.0,5.865
46.27,-0.0,5.865
46.275,-0.0,5.865
46.28,-0.0,5.865
46.285000000000004,-0.0,5.865
46.29,-0.0,5.865
46.295,-0.0,5.865
46.300000000000004,-0.0,5.865
46.305,-0.0,5.865
46.31,-0.0,5.865
46.315,-0.0,5.865
46.32,5.865,5.865
46.325,-0.0,5.865
46.33,5.865,5.865
46.335,5.865,5.865
46.34,5.865,5.865
46.345,5.865,5.865
46.35,5.865,0.0
46.355000000000004,5.865,0.0
46.36,5.865,0.0
46.365,5.865,0.0
46.37,5.865,0.0
46.375,5.865,0.0
46.38,5.865,0.0
46.385,5.865,0.0
46.39,5.865,0.0
46.395,5.865,0.0
46.4,5.865,0.0
46.405,5.865,0.0
46.410000000000004,5.865,-5.865
46.415,5.865,-5.865
46.42,5.865,-5.865
46.425000000000004,5.865,-5.865
46.43,5.865,-5.865
46.435,5.865,-5.865
46.44,5.865,-5.865
46.445,5.865,-5.865
46.45,5.865,-5.865
46.455,5.865,-5.865
46.46,5.865,-5.865
46.465,5.865,-5.865
46.47,5.865,-5.865
46.475,5.865,-5.865
46.480000000000004,5.865,-5.865
46.485,5.865,-5.865
46.49,5.865,-5.865
46.495,5.865,0.0
46.5,5.865,0.0
46.505,5.865,0.0
46.51,5.865,0.0
46.515,-0.0,0.0
46.52,-0.0,0.0
46.525,5.865,0.0
46.53,-0.0,0.0
46.535000000000004,-0.0,0.0
46.54,-0.0,0.0
46.545,-0.0,0.0
46.550000000000004,-0.0,0.0
46.555,-0.0,0.0
46.56,-0.0,0.0
46.565,-0.0,0.0
46.57,-0.0,0.0
46.575,-0.0,-5.865
46.58,-0.0,0.0
46.585,-0.0,-5.865
46.59,-0.0,-5.865
46.595,-0.0,0.0
46.6,-0.0,0.0
46.605000000000004,-0.0,-5.865
46.61,-0.0,0.0
46.615,-0.0,0.0
46.62,-0.0,0.0
46.625,-0.0,0.0
46.63,-5.865,0.0
46.635,-0.0,0.0
46.64,-0.0,0.0
46.645,-0.0,0.0
46.65,-0.0,0.0
46.655,-0.0,0.0
46.660000000000004,-0.0,0.0
46.665,-0.0,0.0
46.67,-0.0,0.0
46.675000000000004,-0.0,0.0
46.68,-0.0,0.0
46.685,-0.0,0.0
46.69,-0.0,0.0
46.695,-0.0,0.0
46.7,-0.0,0.0
46.705,-0.0,0.0
46.71,-0.0,0.0
46.715,-0.0,0.0
46.72,-0.0,0.0
46.725,-0.0,0.0
46.730000000000004,-0.0,0.0
46.735,-0.0,0.0
46.74,-0.0,0.0
46.745,-0.0,0.0
46.75,-0.0,0.0
46.755,-0.0,0.0
46.76,-0.0,0.0
46.765,-0.0,0.0
46.77,-0.0,0.0
46.775,-0.0,0.0
46.78,-0.0,0.0
46.785000000000004,-0.0,0.0
46.79,-0.0,0.0
46.795,-0.0,0.0
46.800000000000004,-0.0,0.0
46.805,-0.0,0.0
46.81,-0.0,0.0
46.815,-0.0,0.0
46.82,-0.0,0.0
46.825,-0.0,0.0
46.83,-0.0,0.0
46.835,-0.0,0.0
46.84,-0.0,0.0
46.845,-0.0,0.0
46.85,-0.0,0.0
46.855000000000004,-0.0,0.0
46.86,-0.0,0.0
46.865,-0.0,0.0
46.87,-0.0,0.0
46.875,-0.0,0.0
46.88,-0.0,0.0
46.885,-0.0,0.0
46.89,-0.0,0.0
46.895,-0.0,0.0
46.9,-0.0,0.0
46.905,-0.0,0.0
46.910000000000004,-0.0,0.0
46.915,-0.0,0.0
46.92,-0.0,0.0
46.925000000000004,-0.0,-5.865
46.93,-0.0,-5.865
46.935,-0.0,0.0
46.94,-0.0,0.0
46.945,-0.0,0.0
46.95,-0.0,0.0
46.955,-0.0,0.0
46.96,-0.0,0.0
46.965,-0.0,-5.865
46.97,-0.0,0.0
46.975,-0.0,0.0
46.980000000000004,-0.0,0.0
46.985,-0.0,0.0
46.99,-0.0,-5.865
46.995,-0.0,0.0
47.0,-0.0,0.0
47.005,-0.0,0.0
47.01,-0.0,-5.865
47.015,-0.0,0.0
47.02,-0.0,0.0
47.025,-0.0,-5.865
47.03,-0.0,-5.865
47.035000000000004,-0.0,0.0
47.04,-0.0,0.0
47.045,-0.0,0.0
47.050000000000004,-0.0,-5.865
47.055,-0.0,-5.865
47.06,-0.0,0.0
47.065,-0.0,-5.865
47.07,-0.0,0.0
47.075,-0.0,0.0
47.08,-0.0,0.0
47.085,-0.0,0.0
47.09,-0.0,0.0
47.095,-0.0,0.0
47.1,-0.0,0.0
47.105000000000004,-0.0,0.0
47.11,-0.0,0.0
47.115,-0.0,0.0
47.12,-0.0,0.0
47.125,-0.0,0.0
47.13,-0.0,0.0
47.135,-0.0,0.0
47.14,-0.0,0.0
47.145,-0.0,0.0
47.15,-0.0,0.0
47.155,-0.0,0.0
47.160000000000004,-0.0,0.0
47.165,-0.0,0.0
47.17,-0.0,0.0
47.175000000000004,-0.0,0.0
47.18,-0.0,0.0
47.185,-0.0,0.0
47.19,-0.0,0.0
47.195,-0.0,0.0
47.2,-0.0,0.0
47.205,-0.0,0.0
47.21,-0.0,0.0
47.215,-0.0,0.0
47.22,-0.0,0.0
47.225,-0.0,0.0
47.230000000000004,-0.0,0.0
47.235,-0.0,0.0
47.24,-0.0,0.0
47.245,-0.0,0.0
47.25,-0.0,0.0
47.255,-0.0,0.0
47.26,-0.0,0.0
47.265,-0.0,0.0
47.27,-0.0,0.0
47.275,-0.0,0.0
47.28,-0.0,0.0
47.285000000000004,-0.0,0.0
47.29,-0.0,0.0
47.295,-0.0,0.0
47.300000000000004,-0.0,0.0
47.305,-0.0,0.0
47.31,-0.0,0.0
47.315,-0.0,0.0
47.32,-0.0,0.0
47.325,-0.0,0.0
47.33,-0.0,0.0
47.335,-0.0,0.0
47.34,-0.0,0.0
47.345,-0.0,0.0
47.35,-0.0,0.0
47.355000000000004,-0.0,0.0
47.36,-0.0,0.0
47.365,-0.0,0.0
47.37,-0.0,0.0
47.375,-0.0,0.0
47.38,-0.0,0.0
47.385,-0.0,0.0
47.39,-0.0,0.0
47.395,-0.0,0.0
47.4,-0.0,0.0
47.405,-0.0,0.0
47.410000000000004,5.865,0.0
47.415,5.865,0.0
47.42,-0.0,0.0
47.425000000000004,-0.0,0.0
47.43,-0.0,0.0
47.435,5.865,0.0
47.44,5.865,0.0
47.445,-0.0,0.0
47.45,5.865,0.0
47.455,5.865,0.0
47.46,5.865,0.0
47.465,5.865,0.0
47.47,5.865,0.0
47.475,5.865,0.0
47.480000000000004,5.865,0.0
47.485,5.865,0.0
47.49,5.865,0.0
47.495,5.865,0.0
47.5,5.865,0.0
47.505,5.865,0.0
47.51,5.865,0.0
47.515,5.865,0.0
47.52,5.865,0.0
47.525,-0.0,0.0
47.53,5.865,0.0
47.535000000000004,-0.0,0.0
47.54,5.865,0.0
47.545,5.865,0.0
47.550000000000004,5.865,0.0
47.555,5.865,0.0
47.56,5.865,0.0
47.565,-0.0,0.0
47.57,5.865,0.0
47.575,5.865,0.0
47.58,-0.0,0.0
47.585,-0.0,0.0
47.59,-0.0,0.0
47.595,5.865,0.0
47.6,5.865,0.0
47.605000000000004,5.865,0.0
47.61,5.865,0.0
47.615,5.865,0.0
47.62,5.865,0.0
47.625,5.865,0.0
47.63,5.865,0.0
47.635,5.865,0.0
47.64,-0.0,0.0
47.645,5.865,0.0
47.65,5.865,0.0
47.655,-0.0,0.0
47.660000000000004,-0.0,0.0
47.665,-0.0,0.0
47.67,-0.0,0.0
47.675000000000004,-0.0,0.0
47.68,-0.0,0.0
47.685,5.865,0.0
47.69,-0.0,0.0
47.695,-0.0,0.0
47.7,-0.0,0.0
47.705,-0.0,0.0
47.71,-0.0,0.0
47.715,5.865,0.0
47.72,5.865,0.0
47.725,-0.0,0.0
47.730000000000004,-0.0,5.865
47.735,5.865,0.0
47.74,5.865,0.0
47.745,5.865,5.865
47.75,5.865,5.865
47.755,5.865,5.865
47.76,5.865,0.0
47.765,5.865,0.0
47.77,5.865,0.0
47.775,5.865,0.0
47.78,5.865,0.0
47.785000000000004,5.865,0.0
47.79,5.865,5.865
47.795,5.865,0.0
47.800000000000004,5.865,0.0
47.805,5.865,0.0
47.81,5.865,0.0
47.815,5.865,0.0
47.82,5.865,0.0
47.825,5.865,0.0
47.83,5.865,0.0
47.835,5.865,0.0
47.84,5.865,0.0
47.845,5.865,0.0
47.85,5.865,5.865
47.855000000000004,5.865,5.865
47.86,5.865,5.865
47.865,-0.0,5.865
47.870000000000005,-0.0,5.865
47.875,-0.0,5.865
47.88,-0.0,5.865
47.885,5.865,5.865
47.89,5.865,5.865
47.895,5.865,5.865
47.9,5.865,5.865
47.905,5.865,5.865
47.910000000000004,-0.0,5.865
47.915,-0.0,5.865
47.92,-0.0,0.0
47.925000000000004,-0.0,5.865
47.93,-0.0,5.865
47.935,-0.0,5.865
47.94,-0.0,5.865
47.945,-0.0,5.865
47.95,-0.0,5.865
47.955,-0.0,5.865
47.96,-0.0,5.865
47.965,-0.0,0.0
47.97,-0.0,0.0
47.975,-0.0,5.865
47.980000000000004,-0.0,0.0
47.985,-0.0,0.0
47.99,-0.0,0.0
47.995000000000005,-0.0,0.0
48.0,-0.0,0.0
48.005,-0.0,0.0
48.01,-0.0,0.0
48.015,-0.0,0.0
48.02,-0.0,0.0
48.025,-0.0,0.0
48.03,-0.0,0.0
48.035000000000004,-0.0,0.0
48.04,-0.0,0.0
48.045,-0.0,0.0
48.050000000000004,-0.0,0.0
48.055,-0.0,0.0
48.06,-0.0,0.0
48.065,-0.0,0.0
48.07,-0.0,0.0
48.075,-0.0,0.0
48.08,-0.0,0.0
48.085,-0.0,0.0
48.09,-0.0,0.0
48.095,-0.0,0.0
48.1,-0.0,0.0
48.105000000000004,-0.0,0.0
48.11,-0.0,0.0
48.115,-0.0,0.0
48.120000000000005,-0.0,0.0
48.125,-0.0,0.0
48.13,-0.0,0.0
48.135,-0.0,0.0
48.14,-0.0,0.0
48.145,-0.0,0.0
48.15,-0.0,0.0
48.155,-0.0,0.0
48.160000000000004,-0.0,0.0
48.165,-0.0,0.0
48.17,-0.0,0.0
48.175000000000004,-0.0,0.0
48.18,-0.0,0.0
48.185,-0.0,0.0
48.19,-0.0,0.0
48.195,-0.0,0.0
48.2,-0.0,0.0
48.205,-0.0,0.0
48.21,-0.0,0.0
48.215,-0.0,0.0
48.22,-0.0,0.0
48.225,-0.0,0.0
48.230000000000004,-0.0,0.0
48.235,-0.0,0.0
48.24,-0.0,0.0
48.245000000000005,-0.0,0.0
48.25,-0.0,0.0
48.255,-0.0,0.0
48.26,-0.0,0.0
48.265,-0.0,0.0
48.27,-0.0,0.0
48.275,-0.0,0.0
48.28,-0.0,0.0
48.285000000000004,-0.0,0.0
48.29,-0.0,0.0
48.295,-0.0,0.0
48.300000000000004,-0.0,0.0
48.305,-0.0,0.0
48.31,-0.0,0.0
48.315,-0.0,0.0
48.32,-0.0,0.0
48.325,-0.0,0.0
48.33,-0.0,0.0
48.335,-0.0,0.0
48.34,-0.0,0.0
48.345,-0.0,0.0
48.35,-0.0,0.0
48.355000000000004,-0.0,0.0
48.36,-0.0,0.0
48.365,-0.0,0.0
48.370000000000005,-0.0,0.0
48.375,-0.0,0.0
48.38,-0.0,0.0
48.385,-0.0,0.0
48.39,-0.0,0.0
48.395,-0.0,0.0
48.4,-0.0,0.0
48.405,-0.0,0.0
48.410000000000004,-0.0,0.0
48.415,-0.0,0.0
48.42,-0.0,0.0
48.425000000000004,-0.0,0.0
48.43,-0.0,0.0
48.435,-0.0,0.0
48.44,-0.0,0.0
48.445,-0.0,0.0
48.45,-0.0,0.0
48.455,-0.0,0.0
48.46,-0.0,0.0
48.465,-0.0,0.0
48.47,-0.0,0.0
48.475,-0.0,0.0
48.480000000000004,-0.0,0.0
48.485,-0.0,0.0
48.49,-0.0,0.0
48.495000000000005,-0.0,0.0
48.5,-0.0,0.0
48.505,-0.0,0.0
48.51,-0.0,0.0
48.515,-0.0,0.0
48.52,-0.0,0.0
48.525,-0.0,0.0
48.53,-0.0,0.0
48.535000000000004,-0.0,0.0
48.54,-0.0,0.0
48.545,-0.0,0.0
48.550000000000004,-0.0,0.0
48.555,-0.0,0.0
48.56,-0.0,0.0
48.565,-0.0,0.0
48.57,-0.0,0.0
48.575,-0.0,0.0
48.58,-0.0,0.0
48.585,-0.0,0.0
48.59,-0.0,0.0
48.595,-0.0,0.0
48.6,-0.0,0.0
48.605000000000004,-0.0,0.0
48.61,-0.0,0.0
48.615,-0.0,0.0
48.620000000000005,-0.0,0.0
48.625,-0.0,0.0
48.63,-0.0,0.0
48.635,-0.0,0.0
48.64,-0.0,0.0
48.645,-0.0,0.0
48.65,-0.0,0.0
48.655,-0.0,0.0
48.660000000000004,-0.0,0.0
48.665,-0.0,0.0
48.67,-0.0,0.0
48.675000000000004,-0.0,0.0
48.68,-0.0,0.0
48.685,-0.0,0.0
48.69,-0.0,0.0
48.695,-0.0,0.0
48.7,-0.0,0.0
48.705,-0.0,0.0
48.71,-0.0,0.0
48.715,-0.0,0.0
48.72,-0.0,0.0
48.725,-0.0,0.0
48.730000000000004,-0.0,0.0
48.735,-0.0,0.0
48.74,-0.0,0.0
48.745000000000005,-0.0,0.0
48.75,-0.0,0.0
48.755,-0.0,0.0
48.76,-0.0,0.0
48.765,-0.0,0.0
48.77,-0.0,0.0
48.775,-0.0,0.0
48.78,-0.0,0.0
48.785000000000004,-0.0,0.0
48.79,-0.0,0.0
48.795,-0.0,0.0
48.800000000000004,-0.0,0.0
48.805,-0.0,0.0
48.81,-0.0,0.0
48.815,-0.0,0.0
48.82,-0.0,0.0
48.825,-0.0,0.0
48.83,-0.0,0.0
48.835,-0.0,0.0
48.84,-0.0,0.0
48.845,-0.0,0.0
48.85,-0.0,5.865
48.855000000000004,-0.0,5.865
48.86,-0.0,0.0
48.865,-0.0,0.0
48.870000000000005,-0.0,0.0
48.875,-0.0,0.0
48.88,-0.0,0.0
48.885,-0.0,0.0
48.89,-0.0,0.0
48.895,-0.0,0.0
48.9,-0.0,0.0
48.905,-0.0,0.0
48.910000000000004,-0.0,0.0
48.915,-0.0,0.0
48.92,-0.0,0.0
48.925000000000004,-0.0,0.0
48.93,-0.0,0.0
48.935,-0.0,0.0
48.94,-0.0,0.0
48.945,-0.0,0.0
48.95,-0.0,0.0
48.955,-0.0,0.0
48.96,-0.0,5.865
48.965,-0.0,0.0
48.97,-0.0,5.865
48.975,5.865,5.865
48.980000000000004,-0.0,0.0
48.985,-0.0,0.0
48.99,5.865,5.865
48.995000000000005,-0.0,5.865
49.0,-0.0,0.0
49.005,5.865,0.0
49.01,-0.0,0.0
49.015,-0.0,0.0
49.02,-0.0,5.865
49.025,-0.0,0.0
49.03,-0.0,5.865
49.035000000000004,-0.0,0.0
49.04,5.865,0.0
49.045,-0.0,0.0
49.050000000000004,-0.0,0.0
49.055,5.865,0.0
49.06,-0.0,0.0
49.065,5.865,0.0
49.07,5.865,0.0
49.075,-0.0,0.0
49.08,-0.0,0.0
49.085,-0.0,0.0
49.09,5.865,0.0
49.095,5.865,0.0
49.1,-0.0,0.0
49.105000000000004,5.865,0.0
49.11,-0.0,0.0
49.115,5.865,5.865
49.120000000000005,-0.0,0.0
49.125,5.865,0.0
49.13,-0.0,0.0
49.135,5.865,0.0
49.14,-0.0,0.0
49.145,-0.0,5.865
49.15,-0.0,0.0
49.155,-0.0,0.0
49.160000000000004,-0.0,0.0
49.165,-0.0,5.865
49.17,-0.0,0.0
49.175000000000004,-0.0,5.865
49.18,-0.0,0.0
49.185,-0.0,5.865
49.19,-0.0,5.865
49.195,-0.0,0.0
49.2,-0.0,0.0
49.205,-0.0,0.0
49.21,-0.0,0.0
49.215,-0.0,5.865
49.22,-0.0,5.865
49.225,-0.0,0.0
49.230000000000004,-0.0,0.0
49.235,-0.0,5.865
49.24,-0.0,5.865
49.245000000000005,-0.0,0.0
49.25,-0.0,0.0
49.255,-0.0,5.865
49.26,-0.0,0.0
49.265,-0.0,0.0
49.27,-0.0,5.865
49.275,-0.0,0.0
49.28,-0.0,0.0
49.285000000000004,-0.0,0.0
49.29,-0.0,0.0
49.295,-0.0,0.0
49.300000000000004,-0.0,0.0
49.305,-0.0,0.0
49.31,-0.0,0.0
49.315,-0.0,0.0
49.32,-0.0,0.0
49.325,-0.0,0.0
49.33,-0.0,0.0
49.335,-0.0,0.0
49.34,-0.0,0.0
49.345,-0.0,0.0
49.35,-0.0,0.0
49.355000000000004,-0.0,0.0
49.36,-0.0,0.0
49.365,-0.0,0.0
49.370000000000005,-0.0,0.0
49.375,-0.0,0.0
49.38,-0.0,0.0
49.385,-0.0,0.0
49.39,-0.0,0.0
49.395,-0.0,0.0
49.4,-0.0,0.0
49.405,-0.0,0.0
49.410000000000004,-0.0,0.0
49.415,-0.0,0.0
49.42,-0.0,0.0
49.425000000000004,-0.0,5.865
49.43,-0.0,0.0
49.435,-0.0,0.0
49.44,-0.0,0.0
49.445,-0.0,0.0
49.45,-0.0,0.0
49.455,-0.0,0.0
49.46,-0.0,0.0
49.465,-0.0,0.0
49.47,-0.0,0.0
49.475,-0.0,0.0
49.480000000000004,-0.0,0.0
49.485,-0.0,0.0
49.49,-0.0,0.0
49.495000000000005,-0.0,0.0
49.5,-0.0,5.865
49.505,-0.0,0.0
49.51,-0.0,0.0
49.515,-0.0,0.0
49.52,-0.0,0.0
49.525,-0.0,0.0
49.53,-0.0,0.0
49.535000000000004,-0.0,0.0
49.54,-0.0,0.0
49.545,-0.0,0.0
49.550000000000004,-0.0,0.0
49.555,-0.0,0.0
49.56,-0.0,0.0
49.565,-0.0,0.0
49.57,-0.0,0.0
49.575,-0.0,0.0
49.58,-0.0,0.0
49.585,-0.0,0.0
49.59,-0.0,0.0
49.595,-0.0,0.0
49.6,-0.0,0.0
49.605000000000004,-0.0,0.0
49.61,-0.0,0.0
49.615,-0.0,0.0
49.620000000000005,-0.0,0.0
49.625,-0.0,0.0
49.63,-0.0,0.0
49.635,-0.0,0.0
49.64,-0.0,0.0
49.645,-0.0,0.0
49.65,-0.0,0.0
49.655,-0.0,0.0
49.660000000000004,-0.0,0.0
49.665,-0.0,0.0
49.67,-0.0,0.0
49.675000000000004,-0.0,0.0
49.68,-0.0,0.0
49.685,-0.0,5.865
49.69,-0.0,0.0
49.695,-0.0,0.0
49.7,-0.0,5.865
49.705,-0.0,0.0
49.71,-0.0,0.0
49.715,-0.0,0.0
49.72,-0.0,0.0
49.725,-0.0,0.0
49.730000000000004,-0.0,5.865
49.735,-0.0,0.0
49.74,-0.0,0.0
49.745000000000005,-0.0,0.0
49.75,-0.0,0.0
49.755,-0.0,0.0
49.76,-0.0,0.0
49.765,-0.0,0.0
49.77,-0.0,0.0
49.775,-0.0,0.0
49.78,-0.0,0.0
49.785000000000004,-0.0,0.0
49.79,-0.0,0.0
49.795,-0.0,0.0
49.800000000000004,-0.0,0.0
49.805,-0.0,0.0
49.81,-0.0,0.0
49.815,-0.0,0.0
49.82,-0.0,0.0
49.825,-0.0,0.0
49.83,-0.0,0.0
49.835,-0.0,0.0
49.84,-0.0,0.0
49.845,-0.0,0.0
49.85,-0.0,0.0
49.855000000000004,-0.0,0.0
49.86,-0.0,0.0
49.865,-0.0,0.0
49.870000000000005,-0.0,0.0
49.875,-0.0,0.0
49.88,-0.0,0.0
49.885,-0.0,0.0
49.89,-0.0,0.0
49.895,-0.0,0.0
49.9,-0.0,0.0
49.905,-0.0,0.0
49.910000000000004,-0.0,0.0
49.915,-0.0,0.0
49.92,-0.0,0.0
49.925000000000004,-0.0,0.0
49.93,-0.0,0.0
49.935,-0.0,0.0
49.94,-0.0,0.0
49.945,-0.0,0.0
49.95,-0.0,0.0
49.955,-0.0,0.0
49.96,-0.0,0.0
49.965,-0.0,0.0
49.97,-0.0,0.0
49.975,-0.0,0.0
49.980000000000004,-0.0,0.0
49.985,-0.0,0.0
49.99,-0.0,0.0
49.995000000000005,-0.0,0.0
50.0,-0.0,5.865
50.005,-0.0,0.0
50.01,-0.0,0.0
50.015,-0.0,0.0
50.02,-0.0,0.0
50.025,-0.0,0.0
50.03,-0.0,5.865
50.035000000000004,-0.0,5.865
50.04,-0.0,0.0
50.045,-0.0,0.0
50.050000000000004,-0.0,0.0
50.055,-0.0,5.865
50.06,-0.0,0.0
50.065,-0.0,5.865
50.07,-0.0,5.865
50.075,-0.0,5.865
50.08,-0.0,5.865
50.085,-0.0,5.865
50.09,-0.0,0.0
50.095,-0.0,5.865
50.1,-0.0,0.0
50.105000000000004,-0.0,5.865
50.11,-0.0,5.865
50.115,-0.0,5.865
50.120000000000005,-0.0,5.865
50.125,-0.0,5.865
50.13,-0.0,0.0
50.135,-0.0,0.0
50.14,-0.0,5.865
50.145,-0.0,5.865
50.15,-0.0,5.865
50.155,-0.0,0.0
50.160000000000004,-0.0,0.0
50.165,-0.0,5.865
50.17,-0.0,5.865
50.175000000000004,-0.0,5.865
50.18,-0.0,5.865
50.185,-0.0,5.865
50.19,-0.0,5.865
50.195,-0.0,0.0
50.2,-0.0,5.865
50.205,-0.0,5.865
50.21,-0.0,5.865
50.215,-0.0,5.865
50.22,-0.0,0.0
50.225,-0.0,5.865
50.230000000000004,-0.0,0.0
50.235,-0.0,5.865
50.24,-0.0,5.865
50.245000000000005,-0.0,0.0
50.25,-0.0,5.865
50.255,-0.0,0.0
50.26,-0.0,0.0
50.265,-0.0,0.0
50.27,-0.0,0.0
50.275,-0.0,0.0
50.28,-0.0,0.0
50.285000000000004,-0.0,0.0
50.29,-0.0,0.0
50.295,-0.0,5.865
50.300000000000004,-0.0,0.0
50.305,-0.0,0.0
50.31,-0.0,0.0
50.315,-0.0,0.0
50.32,-0.0,0.0
50.325,-0.0,0.0
50.33,-0.0,5.865
50.335,-0.0,5.865
50.34,-0.0,5.865
50.345,-0.0,0.0
50.35,-0.0,0.0
50.355000000000004,-0.0,0.0
50.36,-0.0,5.865
50.365,-0.0,0.0
50.370000000000005,-0.0,5.865
50.375,-0.0,0.0
50.38,-0.0,0.0
50.385,-0.0,0.0
50.39,-0.0,0.0
50.395,-0.0,5.865
50.4,-0.0,0.0
50.405,-0.0,5.865
50.410000000000004,-0.0,0.0
50.415,-0.0,5.865
50.42,-0.0,0.0
50.425000000000004,-0.0,0.0
50.43,-0.0,0.0
50.435,-0.0,0.0
50.44,-0.0,0.0
50.445,-0.0,0.0
50.45,-0.0,5.865
50.455,-0.0,0.0
50.46,-0.0,5.865
50.465,-0.0,5.865
50.47,-0.0,5.865
50.475,-0.0,0.0
50.480000000000004,-0.0,5.865
50.485,-0.0,5.865
50.49,-0.0,0.0
50.495000000000005,-0.0,5.865
50.5,-0.0,0.0
50.505,-0.0,0.0
50.51,-0.0,0.0
50.515,-0.0,0.0
50.52,-0.0,0.0
50.525,-0.0,0.0
50.53,-0.0,0.0
50.535000000000004,-0.0,0.0
50.54,-0.0,0.0
50.545,-0.0,5.865
50.550000000000004,-0.0,0.0
50.555,-0.0,0.0
50.56,-0.0,0.0
50.565,-0.0,0.0
50.57,-0.0,0.0
50.575,-0.0,0.0
50.58,-0.0,0.0
50.585,-0.0,0.0
50.59,-0.0,0.0
50.595,-0.0,0.0
50.6,-0.0,0.0
50.605000000000004,-0.0,0.0
50.61,-0.0,0.0
50.615,-0.0,0.0
50.620000000000005,-0.0,0.0
50.625,-0.0,0.0
50.63,-0.0,0.0
50.635,-0.0,0.0
50.64,-0.0,0.0
50.645,-0.0,0.0
50.65,-0.0,0.0
50.655,-0.0,0.0
50.660000000000004,-0.0,0.0
50.665,-0.0,0.0
50.67,-0.0,0.0
50.675000000000004,-0.0,0.0
50.68,-0.0,0.0
50.685,-0.0,0.0
50.69,-0.0,0.0
50.695,-0.0,0.0
50.7,-0.0,5.865
50.705,-0.0,0.0
50.71,-0.0,5.865
50.715,-0.0,5.865
50.72,-0.0,5.865
50.725,-0.0,5.865
50.730000000000004,-0.0,5.865
50.735,-0.0,5.865
50.74,-0.0,5.865
50.745000000000005,-0.0,5.865
50.75,-0.0,5.865
50.755,-0.0,5.865
50.76,-0.0,5.865
50.765,-0.0,5.865
50.77,-0.0,5.865
50.775,-0.0,5.865
50.78,-0.0,5.865
50.785000000000004,-0.0,5.865
50.79,-0.0,5.865
50.795,-0.0,5.865
50.800000000000004,-0.0,5.865
50.805,-0.0,5.865
50.81,-0.0,5.865
50.815,-0.0,5.865
50.82,-0.0,5.865
50.825,-0.0,5.865
50.83,-0.0,5.865
50.835,-0.0,5.865
50.84,-0.0,5.865
50.845,-0.0,0.0
50.85,-0.0,5.865
50.855000000000004,-0.0,0.0
50.86,-0.0,0.0
50.865,-0.0,0.0
50.870000000000005,-0.0,5.865
50.875,-0.0,5.865
50.88,-0.0,0.0
50.885,-5.865,0.0
50.89,-0.0,5.865
50.895,-0.0,5.865
50.9,-5.865,5.865
50.905,-5.865,5.865
50.910000000000004,-5.865,5.865
50.915,-5.865,0.0
50.92,-5.865,5.865
50.925000000000004,-0.0,0.0
50.93,-0.0,0.0
50.935,-5.865,0.0
50.94,-0.0,0.0
50.945,-5.865,0.0
50.95,-0.0,0.0
50.955,-0.0,0.0
50.96,-0.0,5.865
50.965,-0.0,5.865
50.97,-0.0,5.865
50.975,-0.0,5.865
50.980000000000004,-0.0,5.865
50.985,-0.0,5.865
50.99,-0.0,5.865
50.995000000000005,-0.0,5.865
51.0,-0.0,5.865
51.005,-0.0,5.865
51.01,-0.0,11.73
51.015,-0.0,5.865
51.02,-0.0,11.73
51.025,-0.0,11.73
51.03,-0.0,11.73
51.035000000000004,-0.0,11.73
51.04,-0.0,11.73
51.045,-0.0,11.73
51.050000000000004,-0.0,11.73
51.055,-0.0,11.73
51.06,-0.0,11.73
51.065,-0.0,11.73
51.07,-0.0,11.73
51.075,-0.0,11.73
51.08,-0.0,11.73
51.085,-0.0,11.73
51.09,-0.0,11.73
51.095,-0.0,5.865
51.1,-0.0,11.73
51.105000000000004,-0.0,5.865
51.11,-0.0,5.865
51.115,-0.0,5.865
51.120000000000005,-0.0,5.865
51.125,-0.0,11.73
51.13,-0.0,11.73
51.135,-0.0,11.73
51.14,-0.0,11.73
51.145,-0.0,11.73
51.15,-0.0,11.73
51.155,-0.0,11.73
51.160000000000004,-0.0,11.73
51.165,-0.0,11.73
51.17,-0.0,11.73
51.175000000000004,-0.0,11.73
51.18,-0.0,11.73
51.185,-5.865,11.73
51.19,-0.0,11.73
51.195,-0.0,17.595
51.2,-5.865,17.595
51.205,-5.865,11.73
51.21,-5.865,11.73
51.215,-5.865,11.73
51.22,-5.865,11.73
51.225,-5.865,11.73
51.230000000000004,-5.865,11.73
51.235,-5.865,11.73
51.24,-5.865,11.73
51.245000000000005,-5.865,5.865
51.25,-5.865,5.865
51.255,-5.865,5.865
51.26,-11.73,0.0
51.265,-5.865,0.0
51.27,-5.865,0.0
51.275,-5.865,-5.865
51.28,-5.865,-5.865
51.285000000000004,-5.865,-5.865
51.29,-5.865,-5.865
51.295,-5.865,-5.865
51.300000000000004,-5.865,-5.865
51.305,-0.0,-5.865
51.31,-0.0,-5.865
51.315,-0.0,-5.865
51.32,-0.0,-5.865
51.325,-0.0,-5.865
51.33,-0.0,-5.865
51.335,-0.0,-5.865
51.34,-0.0,0.0
51.345,-0.0,0.0
51.35,-0.0,0.0
51.355000000000004,-0.0,0.0
51.36,-0.0,0.0
51.365,-0.0,0.0
51.370000000000005,-0.0,5.865
51.375,-0.0,5.865
51.38,-0.0,5.865
51.385,-0.0,5.865
51.39,-0.0,11.73
51.395,-0.0,5.865
51.4,-0.0,11.73
51.405,-0.0,11.73
51.410000000000004,-0.0,11.73
51.415,-0.0,11.73
51.42,-0.0,11.73
51.425000000000004,-0.0,5.865
51.43,-0.0,11.73
51.435,-5.865,5.865
51.44,-5.865,5.865
51.445,-5.865,5.865
51.45,-5.865,0.0
51.455,-5.865,-5.865
51.46,-5.865,-11.73
51.465,-5.865,-17.595
51.47,-5.865,-17.595
51.475,-5.865,-11.73
51.480000000000004,-5.865,-11.73
51.485,-5.865,-17.595
51.49,-5.865,-23.46
51.495000000000005,-5.865,-23.46
51.5,-11.73,-23.46
51.505,-11.73,-29.326
51.51,-11.73,-29.326
51.515,-11.73,-29.326
51.52,-11.73,-29.326
51.525,-11.73,-35.191
51.53,-11.73,-35.191
51.535000000000004,-11.73,-35.191
51.54,-11.73,-35.191
51.545,-11.73,-35.191
51.550000000000004,-11.73,-35.191
51.555,-11.73,-35.191
51.56,-11.73,-29.326
51.565,-11.73,-29.326
51.57,-11.73,-29.326
51.575,-11.73,-29.326
51.58,-11.73,-29.326
51.585,-11.73,-29.326
51.59,-11.73,-29.326
51.595,-11.73,-29.326
51.6,-11.73,-29.326
51.605000000000004,-11.73,-29.326
51.61,-11.73,-29.326
51.615,-17.595,-29.326
51.620000000000005,-17.595,-29.326
51.625,-17.595,-23.46
51.63,-17.595,-29.326
51.635,-17.595,-29.326
51.64,-17.595,-23.46
51.645,-17.595,-23.46
51.65,-23.46,-23.46
51.655,-23.46,-23.46
51.660000000000004,-23.46,-23.46
51.665,-23.46,-23.46
51.67,-23.46,-23.46
51.675000000000004,-23.46,-23.46
51.68,-29.326,-23.46
51.685,-23.46,-23.46
51.69,-29.326,-23.46
51.695,-29.326,-23.46
51.7,-29.326,-23.46
51.705,-29.326,-23.46
51.71,-29.326,-17.595
51.715,-29.326,-17.595
51.72,-29.326,-17.595
51.725,-29.326,-17.595
51.730000000000004,-29.326,-17.595
51.735,-29.326,-17.595
51.74,-29.326,-17.595
51.745000000000005,-29.326,-17.595
51.75,-29.326,-17.595
51.755,-29.326,-17.595
51.76,-29.326,-17.595
51.765,-35.191,-17.595
51.77,-35.191,-17.595
51.775,-35.191,-17.595
51.78,-41.056,-11.73
51.785000000000004,-41.056,-11.73
51.79,-41.056,-11.73
51.795,-46.921,-11.73
51.800000000000004,-52.786,-11.73
51.805,-52.786,-11.73
51.81,-58.651,-11.73
51.815,-58.651,-11.73
51.82,-58.651,-11.73
51.825,-58.651,-11.73
51.83,-64.516,-11.73
51.835,-64.516,-11.73
51.84,-70.381,-11.73
51.845,-70.381,-11.73
51.85,-70.381,-11.73
51.855000000000004,-70.381,-11.73
51.86,-70.381,-11.73
51.865,-64.516,-11.73
51.870000000000005,-64.516,-11.73
51.875,-58.651,-11.73
51.88,-52.786,-11.73
51.885,-46.921,-11.73
51.89,-35.191,-11.73
51.895,-29.326,-5.865
51.9,-23.46,-11.73
51.905,-11.73,-5.865
51.910000000000004,-0.0,-5.865
51.915,11.73,-5.865
51.92,23.46,-5.865
51.925000000000004,29.326,-5.865
51.93,41.056,-5.865
51.935,46.921,-5.865
51.94,52.786,-5.865
51.945,64.516,0.0
51.95,76.246,-5.865
51.955,82.111,-5.865
51.96,87.977,0.0
51.965,93.842,0.0
51.97,99.707,0.0
51.975,105.572,0.0
51.980000000000004,111.437,0.0
51.985,117.302,0.0
51.99,123.167,0.0
51.995000000000005,123.167,0.0
52.0,129.032,0.0
52.005,129.032,0.0
52.01,134.897,0.0
52.015,134.897,5.865
52.02,140.762,5.865
52.025,140.762,5.865
52.03,140.762,5.865
52.035000000000004,140.762,5.865
52.04,140.762,11.73
52.045,140.762,11.73
52.050000000000004,140.762,11.73
52.055,140.762,11.73
52.06,140.762,11.73
52.065,140.762,17.595
52.07,140.762,17.595
52.075,140.762,17.595
52.08,134.897,17.595
52.085,134.897,17.595
52.09,134.897,17.595
52.095,134.897,17.595
52.1,129.032,17.595
52.105000000000004,129.032,17.595
52.11,129.032,17.595
52.115,123.167,17.595
52.120000000000005,123.167,17.595
52.125,123.167,17.595
52.13,117.302,17.595
52.135,117.302,17.595
52.14,111.437,17.595
52.145,111.437,11.73
52.15,105.572,17.595
52.155,105.572,17.595
52.160000000000004,99.707,11.73
52.165,93.842,11.73
52.17,93.842,11.73
52.175000000000004,87.977,11.73
52.18,82.111,11.73
52.185,82.111,11.73
52.19,76.246,11.73
52.195,76.246,11.73
52.2,70.381,5.865
52.205,64.516,5.865
52.21,58.651,5.865
52.215,52.786,5.865
52.22,46.921,5.865
52.225,41.056,5.865
52.230000000000004,35.191,0.0
52.235,29.326,0.0
52.24,23.46,0.0
52.245000000000005,11.73,0.0
52.25,11.73,0.0
52.255,5.865,0.0
52.26,-5.865,0.0
52.265,-17.595,-5.865
52.27,-29.326,-5.865
52.275,-35.191,-5.865
52.28,-46.921,-5.865
52.285000000000004,-58.651,-5.865
52.29,-64.516,-11.73
52.295,-76.246,-11.73
52.300000000000004,-87.977,-11.73
52.305,-99.707,-11.73
52.31,-105.572,-11.73
52.315,-105.572,-17.595
52.32,-105.572,-17.595
52.325,-93.842,-17.595
52.33,-82.111,-17.595
52.335,-76.246,-17.595
52.34,-70.381,-23.46
52.345,-76.246,-23.46
52.35,-87.977,-23.46
52.355000000000004,-105.572,-23.46
52.36,-105.572,-29.326
52.365,-105.572,-29.326
52.370000000000005,-105.572,-29.326
52.375,-99.707,-29.326
52.38,-87.977,-29.326
52.385,-82.111,-29.326
52.39,-82.111,-29.326
52.395,-82.111,-35.191
52.4,-76.246,-35.191
52.405,-76.246,-35.191
52.410000000000004,-64.516,-35.191
52.415,-64.516,-35.191
52.42,-58.651,-41.056
52.425000000000004,-52.786,-41.056
52.43,-46.921,-41.056
52.435,-46.921,-41.056
52.44,-41.056,-41.056
52.445,-41.056,-41.056
52.45,-41.056,-41.056
52.455,-35.191,-41.056
52.46,-35.191,-41.056
52.465,-35.191,-41.056
52.47,-41.056,-41.056
52.475,-41.056,-41.056
52.480000000000004,-41.056,-41.056
52.485,-41.056,-46.921
52.49,-41.056,-46.921
52.495000000000005,-41.056,-46.921
52.5,-41.056,-46.921
52.505,-46.921,-52.786
52.51,-46.921,-52.786
52.515,-46.921,-52.786
52.52,-46.921,-58.651
52.525,-46.921,-58.651
52.53,-46.921,-64.516
52.535000000000004,-46.921,-64.516
52.54,-46.921,-64.516
52.545,-46.921,-64.516
52.550000000000004,-46.921,-64.516
52.555,-46.921,-64.516
52.56,-41.056,-58.651
52.565,-41.056,-58.651
52.57,-41.056,-64.516
52.575,-41.056,-70.381
52.58,-41.056,-76.246
52.585,-41.056,-82.111
52.59,-35.191,-87.977
52.595,-35.191,-87.977
52.6,-35.191,-87.977
52.605000000000004,-35.191,-82.111
52.61,-29.326,-70.381
52.615,-29.326,-64.516
52.620000000000005,-29.326,-58.651
52.625,-29.326,-46.921
52.63,-29.326,-41.056
52.635,-29.326,-35.191
52.64,-29.326,0.0
52.645,-23.46,29.326
52.65,-29.326,46.921
52.655,-29.326,58.651
52.660000000000004,-29.326,64.516
52.665,-29.326,76.246
52.67,-29.326,93.842
52.675000000000004,-29.326,105.572
52.68,-35.191,123.167
52.685,-35.191,146.628
52.69,-35.191,164.223
52.695,-35.191,181.818
52.7,-41.056,199.413
52.705,-41.056,217.009
52.71,-41.056,228.739
52.715,-41.056,246.334
52.72,-46.921,263.93
52.725,-46.921,281.525
52.730000000000004,-46.921,287.39
52.735,-46.921,299.12
52.74,-52.786,310.85
52.745000000000005,-52.786,316.715
52.75,-58.651,328.446
52.755,-58.651,334.311
52.76,-58.651,340.176
52.765,-58.651,346.041
52.77,-58.651,346.041
52.775,-58.651,351.906
52.78,-58.651,351.906
52.785000000000004,-58.651,351.906
52.79,-58.651,346.041
52.795,-58.651,346.041
52.800000000000004,-58.651,334.311
52.805,-58.651,322.581
52.81,-58.651,310.85
52.815,-58.651,293.255
52.82,-58.651,275.66
52.825,-58.651,263.93
52.83,-58.651,240.469
52.835,-58.651,222.874
52.84,-58.651,199.413
52.845,-58.651,181.818
52.85,-58.651,146.628
52.855000000000004,-58.651,111.437
52.86,-58.651,82.111
52.865,-58.651,52.786
52.870000000000005,-64.516,17.595
52.875,-64.516,-17.595
52.88,-64.516,-35.191
52.885,-70.381,-29.326
52.89,-76.246,0.0
52.895,-76.246,23.46
52.9,-82.111,35.191
52.905,-82.111,29.326
52.910000000000004,-82.111,0.0
52.915,-87.977,-35.191
52.92,-87.977,-64.516
52.925000000000004,-93.842,-87.977
52.93,-93.842,-93.842
52.935,-93.842,-76.246
52.94,-93.842,-52.786
52.945,-93.842,-41.056
52.95,-93.842,-35.191
52.955,-99.707,-35.191
52.96,-99.707,-41.056
52.965,-99.707,-41.056
52.97,-99.707,-41.056
52.975,-93.842,-41.056
52.980000000000004,-93.842,-41.056
52.985,-93.842,-41.056
52.99,-93.842,-46.921
52.995000000000005,-99.707,-46.921
53.0,-99.707,-46.921
53.005,-105.572,-46.921
53.01,-105.572,-41.056
53.015,-105.572,-35.191
53.02,-105.572,-35.191
53.025,-105.572,-35.191
53.03,-105.572,-35.191
53.035000000000004,-99.707,-35.191
53.04,-99.707,-35.191
53.045,-93.842,-35.191
53.050000000000004,-93.842,-35.191
53.055,-87.977,-41.056
53.06,-82.111,-41.056
53.065,-82.111,-41.056
53.07,-76.246,-41.056
53.075,-64.516,-46.921
53.08,-46.921,-46.921
53.085,-23.46,-46.921
53.09,-5.865,-46.921
53.095,23.46,-52.786
53.1,41.056,-52.786
53.105000000000004,52.786,-58.651
53.11,64.516,-58.651
53.115,76.246,-58.651
53.120000000000005,87.977,-58.651
53.125,99.707,-64.516
53.13,111.437,-64.516
53.135,129.032,-64.516
53.14,140.762,-64.516
53.145,152.493,-64.516
53.15,164.223,-70.381
53.155,175.953,-70.381
53.160000000000004,187.683,-70.381
53.165,193.548,-70.381
53.17,205.279,-70.381
53.175000000000004,217.009,-70.381
53.18,222.874,-70.381
53.185,234.604,-70.381
53.19,240.469,-70.381
53.195,246.334,-70.381
53.2,258.064,-70.381
53.205,263.93,-64.516
53.21,269.795,-64.516
53.215,269.795,-64.516
53.22,275.66,-58.651
53.225,275.66,-58.651
53.230000000000004,275.66,-58.651
53.235,281.525,-52.786
53.24,281.525,-52.786
53.245000000000005,281.525,-52.786
53.25,287.39,-52.786
53.255,287.39,-46.921
53.26,287.39,-46.921
53.265,281.525,-46.921
53.27,281.525,-46.921
53.275,275.66,-46.921
53.28,269.795,-46.921
53.285000000000004,263.93,-46.921
53.29,258.064,-46.921
53.295,252.199,-46.921
53.300000000000004,240.469,-46.921
53.305,228.739,-46.921
53.31,222.874,-46.921
53.315,211.144,-46.921
53.32,199.413,-46.921
53.325,187.683,-46.921
53.33,170.088,-46.921
53.335,152.493,-46.921
53.34,140.762,-46.921
53.345,123.167,-46.921
53.35,99.707,-46.921
53.355000000000004,82.111,-46.921
53.36,64.516,-46.921
53.365,46.921,-46.921
53.370000000000005,29.326,-46.921
53.375,5.865,-46.921
53.38,-17.595,-46.921
53.385,-35.191,-52.786
53.39,-58.651,-52.786
53.395,-70.381,-52.786
53.4,-93.842,-52.786
53.405,-105.572,-52.786
53.410000000000004,-105.572,-52.786
53.415,-93.842,-52.786
53.42,-70.381,-58.651
53.425000000000004,-52.786,-58.651
53.43,-46.921,-58.651
53.435,-52.786,-58.651
53.44,-70.381,-58.651
53.445,-87.977,-58.651
53.45,-111.437,-58.651
53.455,-129.032,-58.651
53.46,-123.167,-58.651
53.465,-123.167,-58.651
53.47,-123.167,-64.516
53.475,-111.437,-64.516
53.480000000000004,-105.572,-64.516
53.485,-105.572,-64.516
53.49,-105.572,-64.516
53.495000000000005,-105.572,-64.516
53.5,-105.572,-70.381
53.505,-93.842,-70.381
53.51,-87.977,-70.381
53.515,-76.246,-70.381
53.52,-70.381,-76.246
53.525,-64.516,-76.246
53.53,-58.651,-76.246
53.535000000000004,-58.651,-82.111
53.54,-52.786,-82.111
53.545,-52.786,-87.977
53.550000000000004,-46.921,-93.842
53.555,-46.921,-93.842
53.56,-46.921,-99.707
53.565,-41.056,-105.572
53.57,-41.056,-111.437
53.575,-41.056,-117.302
53.58,-41.056,-117.302
53.585,-41.056,-123.167
53.59,-41.056,-129.032
53.595,-41.056,-129.032
53.6,-41.056,-134.897
53.605000000000004,-41.056,-134.897
53.61,-41.056,-134.897
53.615,-41.056,-140.762
53.620000000000005,-41.056,-140.762
53.625,-41.056,-134.897
53.63,-41.056,-134.897
53.635,-41.056,-134.897
53.64,-41.056,-134.897
53.645,-41.056,-140.762
53.65,-41.056,-134.897
53.655,-41.056,-129.032
53.660000000000004,-41.056,-123.167
53.665,-41.056,-111.437
53.67,-41.056,-99.707
53.675000000000004,-46.921,-82.111
53.68,-41.056,-76.246
53.685,-46.921,-64.516
53.69,-46.921,-58.651
53.695,-46.921,-58.651
53.7,-46.921,-58.651
53.705,-46.921,-52.786
53.71,-46.921,-46.921
53.715,-41.056,-29.326
53.72,-41.056,-11.73
53.725,-41.056,-5.865
53.730000000000004,-41.056,-5.865
53.735,-41.056,0.0
53.74,-35.191,29.326
53.745000000000005,-35.191,76.246
53.75,-35.191,123.167
53.755,-35.191,146.628
53.76,-35.191,158.358
53.765,-35.191,164.223
53.77,-35.191,170.088
53.775,-35.191,175.953
53.78,-35.191,181.818
53.785000000000004,-35.191,193.548
53.79,-35.191,205.279
53.795,-35.191,217.009
53.800000000000004,-41.056,228.739
53.805,-41.056,246.334
53.81,-46.921,258.064
53.815,-46.921,269.795
53.82,-52.786,281.525
53.825,-52.786,293.255
53.83,-58.651,299.12
53.835,-58.651,310.85
53.84,-58.651,316.715
53.845,-58.651,316.715
53.85,-64.516,322.581
53.855000000000004,-64.516,322.581
53.86,-64.516,328.446
53.865,-70.381,328.446
53.870000000000005,-70.381,328.446
53.875,-70.381,328.446
53.88,-76.246,328.446
53.885,-76.246,322.581
53.89,-76.246,322.581
53.895,-76.246,322.581
53.9,-76.246,316.715
53.905,-76.246,304.985
53.910000000000004,-76.246,293.255
53.915,-70.381,281.525
53.92,-70.381,258.064
53.925000000000004,-70.381,234.604
53.93,-70.381,217.009
53.935,-70.381,199.413
53.94,-70.381,181.818
53.945,-70.381,164.223
53.95,-70.381,152.493
53.955,-70.381,129.032
53.96,-76.246,99.707
53.965,-76.246,64.516
53.97,-82.111,23.46
53.975,-87.977,-11.73
53.980000000000004,-87.977,-46.921
53.985,-93.842,-64.516
53.99,-99.707,-52.786
53.995000000000005,-99.707,-35.191
54.0,-105.572,-17.595
54.005,-111.437,0.0
54.01,-111.437,-17.595
54.015,-111.437,-58.651
54.02,-117.302,-87.977
54.025,-117.302,-105.572
54.03,-117.302,-111.437
54.035000000000004,-117.302,-111.437
54.04,-117.302,-93.842
54.045,-117.302,-76.246
54.050000000000004,-117.302,-70.381
54.055,-111.437,-64.516
54.06,-111.437,-64.516
54.065,-105.572,-58.651
54.07,-105.572,-58.651
54.075,-111.437,-58.651
54.08,-111.437,-58.651
54.085,-111.437,-52.786
54.09,-111.437,-52.786
54.095,-111.437,-52.786
54.1,-105.572,-52.786
54.105000000000004,-99.707,-58.651
54.11,-99.707,-52.786
54.115,-93.842,-46.921
54.120000000000005,-87.977,-41.056
54.125,-82.111,-35.191
54.13,-76.246,-35.191
54.135,-70.381,-35.191
54.14,-64.516,-41.056
54.145,-52.786,-41.056
54.15,-41.056,-41.056
54.155,-23.46,-46.921
54.160000000000004,5.865,-46.921
54.165,29.326,-46.921
54.17,52.786,-46.921
54.175000000000004,58.651,-52.786
54.18,70.381,-52.786
54.185,76.246,-52.786
54.19,82.111,-52.786
54.195,93.842,-52.786
54.2,105.572,-46.921
54.205,111.437,-46.921
54.21,123.167,-46.921
54.215,134.897,-46.921
54.22,146.628,-46.921
54.225,158.358,-46.921
54.230000000000004,170.088,-46.921
54.235,175.953,-46.921
54.24,187.683,-46.921
54.245000000000005,193.548,-46.921
54.25,199.413,-46.921
54.255,211.144,-46.921
54.26,217.009,-46.921
54.265,222.874,-46.921
54.27,222.874,-46.921
54.275,228.739,-46.921
54.28,234.604,-46.921
54.285000000000004,234.604,-46.921
54.29,240.469,-46.921
54.295,240.469,-41.056
54.300000000000004,246.334,-41.056
54.305,252.199,-41.056
54.31,252.199,-41.056
54.315,252.199,-35.191
54.32,252.199,-35.191
54.325,252.199,-35.191
54.33,258.064,-35.191
54.335,252.199,-35.191
54.34,252.199,-35.191
54.345,246.334,-35.191
54.35,240.469,-35.191
54.355000000000004,234.604,-35.191
54.36,228.739,-35.191
54.365,222.874,-35.191
54.370000000000005,217.009,-35.191
54.375,205.279,-29.326
54.38,199.413,-29.326
54.385,193.548,-29.326
54.39,187.683,-29.326
54.395,175.953,-35.191
54.4,170.088,-35.191
54.405,158.358,-35.191
54.410000000000004,152.493,-35.191
54.415,134.897,-35.191
54.42,117.302,-35.191
54.425000000000004,99.707,-35.191
54.43,82.111,-35.191
54.435,58.651,-41.056
54.44,41.056,-41.056
54.445,17.595,-41.056
54.45,-0.0,-41.056
54.455,-23.46,-41.056
54.46,-41.056,-41.056
54.465,-64.516,-41.056
54.47,-82.111,-46.921
54.475,-99.707,-46.921
54.480000000000004,-105.572,-46.921
54.485,-93.842,-46.921
54.49,-76.246,-46.921
54.495000000000005,-58.651,-46.921
54.5,-46.921,-46.921
54.505,-46.921,-46.921
54.51,-52.786,-46.921
54.515,-64.516,-46.921
54.52,-70.381,-52.786
54.525,-82.111,-52.786
54.53,-99.707,-52.786
54.535000000000004,-99.707,-52.786
54.54,-93.842,-52.786
54.545,-87.977,-52.786
54.550000000000004,-82.111,-52.786
54.555,-82.111,-52.786
54.56,-82.111,-58.651
54.565,-76.246,-52.786
54.57,-76.246,-58.651
54.575,-70.381,-58.651
54.58,-64.516,-58.651
54.585,-58.651,-58.651
54.59,-52.786,-58.651
54.595,-52.786,-58.651
54.6,-46.921,-58.651
54.605000000000004,-46.921,-58.651
54.61,-41.056,-58.651
54.615,-41.056,-58.651
54.620000000000005,-35.191,-64.516
54.625,-35.191,-64.516
54.63,-35.191,-64.516
54.635,-29.326,-64.516
54.64,-29.326,-70.381
54.645,-29.326,-70.381
54.65,-29.326,-70.381
54.655,-29.326,-76.246
54.660000000000004,-29.326,-82.111
54.665,-29.326,-82.111
54.67,-29.326,-87.977
54.675000000000004,-29.326,-93.842
54.68,-29.326,-99.707
54.685,-29.326,-99.707
54.69,-29.326,-105.572
54.695,-29.326,-105.572
54.7,-29.326,-105.572
54.705,-29.326,-105.572
54.71,-29.326,-105.572
54.715,-29.326,-105.572
54.72,-29.326,-99.707
54.725,-29.326,-93.842
54.730000000000004,-29.326,-93.842
54.735,-29.326,-87.977
54.74,-29.326,-82.111
54.745000000000005,-29.326,-82.111
54.75,-29.326,-82.111
54.755,-29.326,-76.246
54.76,-29.326,-64.516
54.765,-29.326,-58.651
54.77,-29.326,-58.651
54.775,-29.326,-46.921
54.78,-29.326,-41.056
54.785000000000004,-23.46,-23.46
54.79,-23.46,-11.73
54.795,-23.46,0.0
54.800000000000004,-23.46,5.865
54.805,-23.46,0.0
54.81,-23.46,11.73
54.815,-23.46,41.056
54.82,-23.46,82.111
54.825,-23.46,123.167
54.83,-23.46,140.762
54.835,-23.46,146.628
54.84,-29.326,152.493
54.845,-29.326,164.223
54.85,-29.326,175.953
54.855000000000004,-29.326,187.683
54.86,-35.191,199.413
54.865,-35.191,211.144
54.870000000000005,-35.191,222.874
54.875,-41.056,234.604
54.88,-41.056,246.334
54.885,-46.921,252.199
54.89,-46.921,252.199
54.895,-52.786,258.064
54.9,-52.786,258.064
54.905,-58.651,263.93
54.910000000000004,-64.516,263.93
54.915,-64.516,263.93
54.92,-70.381,263.93
54.925000000000004,-70.381,263.93
54.93,-70.381,258.064
54.935,-76.246,246.334
54.94,-76.246,234.604
54.945,-76.246,222.874
54.95,-82.111,211.144
54.955,-82.111,193.548
54.96,-82.111,181.818
54.965,-82.111,164.223
54.97,-82.111,152.493
54.975,-76.246,134.897
54.980000000000004,-76.246,123.167
54.985,-76.246,105.572
54.99,-76.246,87.977
54.995000000000005,-76.246,70.381
55.0,-76.246,58.651
55.005,-76.246,52.786
55.01,-82.111,41.056
55.015,-82.111,46.921
55.02,-82.111,52.786
55.025,-87.977,52.786
55.03,-87.977,58.651
55.035000000000004,-93.842,58.651
55.04,-93.842,52.786
55.045,-99.707,35.191
55.050000000000004,-99.707,11.73
55.055,-99.707,-11.73
55.06,-105.572,-35.191
55.065,-105.572,-46.921
55.07,-105.572,-52.786
55.075,-105.572,-52.786
55.08,-105.572,-35.191
55.085,-105.572,-29.326
55.09,-99.707,-23.46
55.095,-99.707,-17.595
55.1,-99.707,-17.595
55.105000000000004,-93.842,-11.73
55.11,-93.842,-5.865
55.115,-93.842,0.0
55.120000000000005,-87.977,0.0
55.125,-87.977,0.0
55.13,-93.842,0.0
55.135,-87.977,0.0
55.14,-87.977,0.0
55.145,-87.977,0.0
55.15,-87.977,0.0
55.155,-82.111,5.865
55.160000000000004,-82.111,5.865
55.165,-82.111,5.865
55.17,-76.246,5.865
55.175000000000004,-76.246,0.0
55.18,-76.246,0.0
55.185,-76.246,0.0
55.19,-70.381,0.0
55.195,-70.381,0.0
55.2,-70.381,-5.865
55.205,-70.381,-5.865
55.21,-70.381,-5.865
55.215,-70.381,-5.865
55.22,-64.516,-5.865
55.225,-64.516,0.0
55.230000000000004,-58.651,0.0
55.235,-46.921,0.0
55.24,-29.326,0.0
55.245000000000005,-11.73,0.0
55.25,5.865,-5.865
55.255,23.46,-5.865
55.26,35.191,-5.865
55.265,41.056,-5.865
55.27,46.921,-5.865
55.275,46.921,-5.865
55.28,52.786,-5.865
55.285000000000004,58.651,-5.865
55.29,70.381,-5.865
55.295,76.246,-5.865
55.300000000000004,82.111,-5.865
55.305,93.842,-5.865
55.31,99.707,-5.865
55.315,105.572,-5.865
55.32,111.437,-5.865
55.325,117.302,-5.865
55.33,129.032,-5.865
55.335,134.897,-5.865
55.34,140.762,-5.865
55.345,140.762,-5.865
55.35,146.628,-5.865
55.355000000000004,152.493,0.0
55.36,152.493,-5.865
55.365,158.358,0.0
55.370000000000005,158.358,0.0
55.375,164.223,0.0
55.38,164.223,0.0
55.385,170.088,0.0
55.39,170.088,5.865
55.395,170.088,5.865
55.4,170.088,5.865
55.405,170.088,5.865
55.410000000000004,170.088,5.865
55.415,170.088,5.865
55.42,170.088,5.865
55.425000000000004,170.088,5.865
55.43,164.223,11.73
55.435,164.223,5.865
55.44,158.358,11.73
55.445,158.358,11.73
55.45,152.493,11.73
55.455,152.493,5.865
55.46,146.628,11.73
55.465,146.628,11.73
55.47,140.762,11.73
55.475,134.897,11.73
55.480000000000004,134.897,11.73
55.485,129.032,11.73
55.49,129.032,11.73
55.495000000000005,123.167,11.73
55.5,117.302,11.73
55.505,111.437,5.865
55.51,105.572,5.865
55.515,99.707,5.865
55.52,93.842,5.865
55.525,87.977,5.865
55.53,76.246,5.865
55.535000000000004,70.381,5.865
55.54,64.516,5.865
55.545,52.786,5.865
55.550000000000004,46.921,5.865
55.555,41.056,5.865
55.56,23.46,5.865
55.565,11.73,0.0
55.57,-5.865,0.0
55.575,-23.46,0.0
55.58,-35.191,0.0
55.585,-35.191,0.0
55.59,-35.191,0.0
55.595,-29.326,0.0
55.6,-29.326,0.0
55.605000000000004,-29.326,0.0
55.61,-23.46,0.0
55.615,-17.595,-5.865
55.620000000000005,-17.595,0.0
55.625,-23.46,-5.865
55.63,-29.326,-5.865
55.635,-35.191,-5.865
55.64,-35.191,-5.865
55.645,-41.056,-5.865
55.65,-41.056,-5.865
55.655,-35.191,-5.865
55.660000000000004,-35.191,-5.865
55.665,-35.191,-5.865
55.67,-29.326,-11.73
55.675000000000004,-29.326,-11.73
55.68,-29.326,-11.73
55.685,-29.326,-11.73
55.69,-23.46,-11.73
55.695,-23.46,-11.73
55.7,-23.46,-11.73
55.705,-23.46,-11.73
55.71,-17.595,-11.73
55.715,-17.595,-11.73
55.72,-17.595,-11.73
55.725,-11.73,-11.73
55.730000000000004,-11.73,-11.73
55.735,-11.73,-11.73
55.74,-11.73,-5.865
55.745000000000005,-11.73,-5.865
55.75,-11.73,-5.865
55.755,-5.865,0.0
55.76,-5.865,0.0
55.765,-5.865,5.865
55.77,-5.865,5.865
55.775,-5.865,5.865
55.78,-5.865,11.73
55.785000000000004,-5.865,11.73
55.79,-5.865,17.595
55.795,-5.865,17.595
55.800000000000004,-5.865,17.595
55.805,-5.865,23.46
55.81,-5.865,23.46
55.815,-5.865,23.46
55.82,-5.865,29.326
55.825,-5.865,29.326
55.83,-5.865,23.46
55.835,-5.865,29.326
55.84,-5.865,29.326
55.845,-5.865,29.326
55.85,-5.865,29.326
55.855000000000004,-5.865,29.326
55.86,-5.865,29.326
55.865,-5.865,23.46
55.870000000000005,-5.865,23.46
55.875,-11.73,23.46
55.88,-11.73,23.46
55.885,-11.73,23.46
55.89,-11.73,23.46
55.895,-11.73,23.46
55.9,-11.73,23.46
55.905,-11.73,23.46
55.910000000000004,-11.73,23.46
55.915,-11.73,23.46
55.92,-11.73,23.46
55.925000000000004,-11.73,23.46
55.93,-11.73,23.46
55.935,-11.73,23.46
55.94,-11.73,23.46
55.945,-11.73,23.46
55.95,-11.73,23.46
55.955,-11.73,23.46
55.96,-11.73,23.46
55.965,-11.73,23.46
55.97,-5.865,23.46
55.975,-5.865,23.46
55.980000000000004,-5.865,23.46
55.985,-5.865,23.46
55.99,-5.865,23.46
55.995000000000005,-5.865,23.46
56.0,-5.865,23.46
56.005,-5.865,23.46
56.01,-5.865,23.46
56.015,-5.865,23.46
56.02,-5.865,23.46
56.025,-5.865,17.595
56.03,-5.865,23.46
56.035000000000004,-5.865,17.595
56.04,-5.865,17.595
56.045,-5.865,17.595
56.050000000000004,-5.865,17.595
56.055,-5.865,17.595
56.06,-5.865,17.595
56.065,-5.865,17.595
56.07,-11.73,17.595
56.075,-5.865,17.595
56.08,-5.865,17.595
56.085,-11.73,11.73
56.09,-11.73,17.595
56.095,-11.73,17.595
56.1,-11.73,11.73
56.105000000000004,-11.73,11.73
56.11,-11.73,11.73
56.115,-11.73,11.73
56.120000000000005,-11.73,11.73
56.125,-11.73,5.865
56.13,-11.73,5.865
56.135,-11.73,11.73
56.14,-11.73,11.73
56.145,-11.73,11.73
56.15,-11.73,5.865
56.155,-11.73,5.865
56.160000000000004,-11.73,5.865
56.165,-11.73,5.865
56.17,-11.73,5.865
56.175000000000004,-11.73,5.865
56.18,-11.73,5.865
56.185,-11.73,5.865
56.19,-11.73,0.0
56.195,-11.73,5.865
56.2,-11.73,0.0
56.205,-5.865,0.0
56.21,-5.865,0.0
56.215,-5.865,0.0
56.22,-5.865,0.0
56.225,-5.865,0.0
56.230000000000004,-5.865,0.0
56.235,-5.865,0.0
56.24,-5.865,0.0
56.245000000000005,-5.865,0.0
56.25,-5.865,0.0
56.255,-5.865,0.0
56.26,-5.865,0.0
56.265,-5.865,0.0
56.27,-5.865,0.0
56.275,-5.865,0.0
56.28,-5.865,0.0
56.285000000000004,-5.865,0.0
56.29,-11.73,0.0
56.295,-11.73,-5.865
56.300000000000004,-11.73,-5.865
56.305,-11.73,-5.865
56.31,-11.73,-5.865
56.315,-11.73,-5.865
56.32,-11.73,-5.865
56.325,-11.73,-11.73
56.33,-11.73,-11.73
56.335,-11.73,-17.595
56.34,-11.73,-17.595
56.345,-11.73,-17.595
56.35,-5.865,-17.595
56.355000000000004,-5.865,-23.46
56.36,-5.865,-23.46
56.365,-5.865,-23.46
56.370000000000005,-5.865,-23.46
56.375,-5.865,-29.326
56.38,-5.865,-29.326
56.385,-5.865,-29.326
56.39,-5.865,-29.326
56.395,-5.865,-29.326
56.4,-5.865,-29.326
56.405,-5.865,-23.46
56.410000000000004,-5.865,-23.46
56.415,-5.865,-17.595
56.42,-5.865,-17.595
56.425000000000004,-5.865,-11.73
56.43,-5.865,-11.73
56.435,-5.865,-5.865
56.44,-5.865,0.0
56.445,-5.865,5.865
56.45,-5.865,11.73
56.455,-5.865,17.595
56.46,-5.865,17.595
56.465,-5.865,23.46
56.47,-5.865,23.46
56.475,-11.73,23.46
56.480000000000004,-11.73,17.595
56.485,-11.73,17.595
56.49,-11.73,11.73
56.495000000000005,-11.73,11.73
56.5,-11.73,11.73
56.505,-11.73,17.595
56.51,-11.73,17.595
56.515,-11.73,17.595
56.52,-11.73,17.595
56.525,-11.73,17.595
56.53,-11.73,17.595
56.535000000000004,-11.73,17.595
56.54,-11.73,17.595
56.545,-5.865,17.595
56.550000000000004,-5.865,17.595
56.555,-5.865,17.595
56.56,-5.865,17.595
56.565,-5.865,17.595
56.57,-5.865,11.73
56.575,-5.865,11.73
56.58,-5.865,5.865
56.585,-11.73,0.0
56.59,-5.865,0.0
56.595,-11.73,-5.865
56.6,-5.865,-5.865
56.605000000000004,-11.73,-5.865
56.61,-11.73,0.0
56.615,-11.73,0.0
56.620000000000005,-11.73,0.0
56.625,-11.73,-5.865
56.63,-11.73,-5.865
56.635,-11.73,-5.865
56.64,-11.73,-5.865
56.645,-11.73,-11.73
56.65,-11.73,-11.73
56.655,-11.73,-11.73
56.660000000000004,-11.73,-11.73
56.665,-11.73,-11.73
56.67,-11.73,-11.73
56.675000000000004,-17.595,-11.73
56.68,-17.595,-11.73
56.685,-17.595,-11.73
56.69,-17.595,-11.73
56.695,-17.595,-17.595
56.7,-17.595,-17.595
56.705,-23.46,-17.595
56.71,-29.326,-17.595
56.715,-29.326,-17.595
56.72,-29.326,-17.595
56.725,-35.191,-17.595
56.730000000000004,-35.191,-17.595
56.735,-41.056,-17.595
56.74,-41.056,-17.595
56.745000000000005,-46.921,-17.595
56.75,-52.786,-17.595
56.755,-52.786,-17.595
56.76,-58.651,-17.595
56.765,-58.651,-17.595
56.77,-64.516,-17.595
56.775,-64.516,-17.595
56.78,-64.516,-17.595
56.785000000000004,-70.381,-11.73
56.79,-70.381,-11.73
56.795,-70.381,-11.73
56.800000000000004,-70.381,-11.73
56.805,-70.381,-11.73
56.81,-70.381,-11.73
56.815,-70.381,-11.73
56.82,-70.381,-11.73
56.825,-70.381,-5.865
56.83,-70.381,-5.865
56.835,-64.516,-5.865
56.84,-64.516,-5.865
56.845,-64.516,-5.865
56.85,-64.516,-5.865
56.855000000000004,-64.516,-5.865
56.86,-64.516,-5.865
56.865,-58.651,-5.865
56.870000000000005,-58.651,-5.865
56.875,-58.651,-5.865
56.88,-58.651,-5.865
56.885,-58.651,-5.865
56.89,-58.651,0.0
56.895,-58.651,0.0
56.9,-58.651,0.0
56.905,-58.651,0.0
56.910000000000004,-52.786,0.0
56.915,-41.056,0.0
56.92,-29.326,0.0
56.925000000000004,-17.595,0.0
56.93,-5.865,0.0
56.935,5.865,0.0
56.94,11.73,0.0
56.945,17.595,0.0
56.95,29.326,-5.865
56.955,35.191,-5.865
56.96,46.921,-5.865
56.965,64.516,-5.865
56.97,76.246,-5.865
56.975,82.111,-5.865
56.980000000000004,93.842,-5.865
56.985,105.572,-5.865
56.99,111.437,-11.73
56.995000000000005,117.302,-11.73
57.0,123.167,-11.73
57.005,129.032,-11.73
57.01,134.897,-11.73
57.015,146.628,-11.73
57.02,146.628,-11.73
57.025,152.493,-11.73
57.03,158.358,-11.73
57.035000000000004,164.223,-11.73
57.04,170.088,-11.73
57.045,170.088,-11.73
57.050000000000004,170.088,-11.73
57.055,175.953,-11.73
57.06,175.953,-11.73
57.065,175.953,-11.73
57.07,175.953,-11.73
57.075,175.953,-11.73
57.08,175.953,-11.73
57.085,175.953,-11.73
57.09,170.088,-11.73
57.095,170.088,-11.73
57.1,170.088,-11.73
57.105000000000004,164.223,-11.73
57.11,158.358,-11.73
57.115,152.493,-11.73
57.120000000000005,146.628,-11.73
57.125,146.628,-11.73
57.13,140.762,-11.73
57.135,134.897,-11.73
57.14,129.032,-11.73
57.145,117.302,-11.73
57.15,111.437,-17.595
57.155,105.572,-17.595
57.160000000000004,93.842,-17.595
57.165,87.977,-17.595
57.17,82.111,-17.595
57.175000000000004,70.381,-17.595
57.18,58.651,-17.595
57.185,52.786,-17.595
57.19,35.191,-17.595
57.195,17.595,-17.595
57.2,-5.865,-17.595
57.205,-23.46,-17.595
57.21,-35.191,-17.595
57.215,-46.921,-23.46
57.22,-58.651,-23.46
57.225,-58.651,-23.46
57.230000000000004,-41.056,-23.46
57.235,-17.595,-23.46
57.24,-11.73,-23.46
57.245000000000005,-17.595,-23.46
57.25,-29.326,-23.46
57.255,-35.191,-29.326
57.26,-35.191,-29.326
57.265,-41.056,-29.326
57.27,-41.056,-29.326
57.275,-46.921,-35.191
57.28,-52.786,-35.191
57.285000000000004,-58.651,-35.191
57.29,-58.651,-35.191
57.295,-52.786,-35.191
57.300000000000004,-52.786,-41.056
57.305,-52.786,-41.056
57.31,-52.786,-41.056
57.315,-52.786,-41.056
57.32,-52.786,-41.056
57.325,-46.921,-46.921
57.33,-46.921,-46.921
57.335,-41.056,-46.921
57.34,-41.056,-46.921
57.345,-35.191,-46.921
57.35,-35.191,-52.786
57.355000000000004,-35.191,-52.786
57.36,-29.326,-52.786
57.365,-29.326,-52.786
57.370000000000005,-29.326,-52.786
57.375,-23.46,-52.786
57.38,-23.46,-52.786
57.385,-17.595,-52.786
57.39,-17.595,-52.786
57.395,-17.595,-52.786
57.4,-17.595,-52.786
57.405,-17.595,-52.786
57.410000000000004,-17.595,-52.786
57.415,-17.595,-52.786
57.42,-17.595,-52.786
57.425000000000004,-17.595,-58.651
57.43,-17.595,-58.651
57.435,-17.595,-58.651
57.44,-17.595,-64.516
57.445,-17.595,-64.516
57.45,-17.595,-64.516
57.455,-17.595,-70.381
57.46,-17.595,-70.381
57.465,-17.595,-76.246
57.47,-23.46,-76.246
57.475,-23.46,-76.246
57.480000000000004,-23.46,-70.381
57.485,-23.46,-70.381
57.49,-23.46,-64.516
57.495000000000005,-23.46,-58.651
57.5,-17.595,-58.651
57.505,-17.595,-58.651
57.51,-17.595,-58.651
57.515,-17.595,-58.651
57.52,-17.595,-64.516
57.525,-11.73,-64.516
57.53,-11.73,-64.516
57.535000000000004,-11.73,-58.651
57.54,-5.865,-58.651
57.545,-5.865,-46.921
57.550000000000004,-5.865,-41.056
57.555,-0.0,-35.191
57.56,-0.0,-29.326
57.565,-0.0,-29.326
57.57,5.865,-17.595
57.575,5.865,-11.73
57.58,5.865,5.865
57.585,5.865,29.326
57.59,5.865,46.921
57.595,5.865,58.651
57.6,5.865,76.246
57.605000000000004,5.865,87.977
57.61,5.865,93.842
57.615,5.865,105.572
57.620000000000005,5.865,117.302
57.625,5.865,134.897
57.63,5.865,146.628
57.635,5.865,158.358
57.64,5.865,170.088
57.645,5.865,170.088
57.65,5.865,175.953
57.655,5.865,175.953
57.660000000000004,5.865,175.953
57.665,5.865,181.818
57.67,5.865,187.683
57.675000000000004,5.865,193.548
57.68,5.865,193.548
57.685,11.73,193.548
57.69,11.73,187.683
57.695,11.73,170.088
57.7,11.73,146.628
57.705,11.73,105.572
57.71,11.73,35.191
57.715,11.73,-29.326
57.72,11.73,-41.056
57.725,17.595,17.595
57.730000000000004,17.595,82.111
57.735,17.595,99.707
57.74,17.595,99.707
57.745000000000005,17.595,82.111
57.75,17.595,52.786
57.755,23.46,0.0
57.76,23.46,-41.056
57.765,23.46,-23.46
57.77,23.46,17.595
57.775,23.46,23.46
57.78,23.46,11.73
57.785000000000004,23.46,11.73
57.79,23.46,17.595
57.795,23.46,17.595
57.800000000000004,23.46,11.73
57.805,23.46,5.865
57.81,17.595,5.865
57.815,17.595,5.865
57.82,11.73,5.865
57.825,11.73,11.73
57.83,11.73,17.595
57.835,5.865,23.46
57.84,5.865,23.46
57.845,5.865,23.46
57.85,5.865,17.595
57.855000000000004,-0.0,17.595
57.86,-0.0,17.595
57.865,-0.0,11.73
57.870000000000005,-0.0,11.73
57.875,-5.865,11.73
57.88,-5.865,11.73
57.885,-5.865,11.73
57.89,-11.73,11.73
57.895,-11.73,5.865
57.9,-11.73,5.865
57.905,-11.73,5.865
57.910000000000004,-17.595,5.865
57.915,-17.595,5.865
57.92,-17.595,5.865
57.925000000000004,-23.46,5.865
57.93,-23.46,5.865
57.935,-23.46,5.865
57.94,-29.326,5.865
57.945,-29.326,5.865
57.95,-35.191,5.865
57.955,-35.191,0.0
57.96,-35.191,5.865
57.965,-35.191,5.865
57.97,-29.326,0.0
57.975,-29.326,0.0
57.980000000000004,-29.326,0.0
57.985,-23.46,0.0
57.99,-23.46,5.865
57.995000000000005,-17.595,0.0
58.0,-17.595,5.865
58.005,-11.73,5.865
58.01,-11.73,5.865
58.015,-5.865,5.865
58.02,-5.865,5.865
58.025,-5.865,5.865
58.03,-5.865,5.865
58.035000000000004,-5.865,11.73
58.04,-5.865,11.73
58.045,-5.865,11.73
58.050000000000004,-5.865,11.73
58.055,-0.0,11.73
58.06,-5.865,11.73
58.065,-5.865,11.73
58.07,-5.865,11.73
58.075,-5.865,11.73
58.08,-5.865,11.73
58.085,-5.865,11.73
58.09,-5.865,11.73
58.095,-5.865,11.73
58.1,-5.865,11.73
58.105000000000004,-11.73,11.73
58.11,-11.73,11.73
58.115,-0.0,11.73
58.120000000000005,23.46,11.73
58.125,35.191,5.865
58.13,35.191,5.865
58.135,35.191,5.865
58.14,35.191,5.865
58.145,41.056,5.865
58.15,41.056,5.865
58.155,41.056,5.865
58.160000000000004,41.056,0.0
58.165,35.191,0.0
58.17,29.326,0.0
58.175000000000004,23.46,0.0
58.18,17.595,0.0
58.185,17.595,0.0
58.19,11.73,0.0
58.195,11.73,0.0
58.2,11.73,-5.865
58.205,11.73,0.0
58.21,11.73,-5.865
58.215,11.73,-5.865
58.22,11.73,-5.865
58.225,5.865,0.0
58.230000000000004,5.865,0.0
58.235,5.865,-5.865
58.24,11.73,0.0
58.245000000000005,11.73,0.0
58.25,11.73,0.0
58.255,11.73,0.0
58.26,11.73,0.0
58.265,5.865,0.0
58.27,5.865,0.0
58.275,5.865,0.0
58.28,5.865,0.0
58.285000000000004,5.865,0.0
58.29,5.865,0.0
58.295,5.865,0.0
58.300000000000004,5.865,5.865
58.305,5.865,5.865
58.31,5.865,5.865
58.315,5.865,5.865
58.32,5.865,5.865
58.325,5.865,5.865
58.33,-0.0,5.865
58.335,-0.0,5.865
58.34,-0.0,5.865
58.345,-0.0,11.73
58.35,-0.0,5.865
58.355000000000004,-0.0,11.73
58.36,-0.0,11.73
58.365,-0.0,11.73
58.370000000000005,-0.0,11.73
58.375,-0.0,11.73
58.38,-0.0,11.73
58.385,-0.0,11.73
58.39,-0.0,5.865
58.395,-0.0,11.73
58.4,-0.0,5.865
58.405,-0.0,5.865
58.410000000000004,-0.0,5.865
58.415,-0.0,5.865
58.42,-0.0,5.865
58.425000000000004,-0.0,5.865
58.43,-5.865,0.0
58.435,-5.865,0.0
58.44,-5.865,0.0
58.445,-5.865,0.0
58.45,-5.865,-5.865
58.455,-5.865,-5.865
58.46,-5.865,-5.865
58.465,-5.865,-5.865
58.47,-5.865,-11.73
58.475,-5.865,-11.73
58.480000000000004,-5.865,-11.73
58.485,-5.865,-11.73
58.49,-5.865,-11.73
58.495000000000005,-5.865,-17.595
58.5,-11.73,-17.595
58.505,-11.73,-17.595
58.51,-11.73,-23.46
58.515,-11.73,-23.46
58.52,-5.865,-23.46
58.525,-11.73,-29.326
58.53,-5.865,-29.326
58.535000000000004,-11.73,-29.326
58.54,-11.73,-29.326
58.545,-11.73,-29.326
58.550000000000004,-5.865,-29.326
58.555,-11.73,-35.191
58.56,-11.73,-35.191
58.565,-11.73,-35.191
58.57,-11.73,-41.056
58.575,-11.73,-41.056
58.58,-11.73,-41.056
58.585,-11.73,-41.056
58.59,-11.73,-41.056
58.595,-11.73,-46.921
58.6,-11.73,-46.921
58.605000000000004,-11.73,-46.921
58.61,-5.865,-46.921
58.615,-5.865,-46.921
58.620000000000005,-5.865,-52.786
58.625,-5.865,-46.921
58.63,-5.865,-46.921
58.635,-5.865,-52.786
58.64,-5.865,-52.786
58.645,-5.865,-52.786
58.65,-5.865,-58.651
58.655,-5.865,-64.516
58.660000000000004,-5.865,-70.381
58.665,-11.73,-70.381
58.67,-11.73,-64.516
58.675000000000004,-5.865,-64.516
58.68,-5.865,-58.651
58.685,-11.73,-52.786
58.69,-11.73,-46.921
58.695,-11.73,-41.056
58.7,-11.73,-29.326
58.705,-11.73,-17.595
58.71,-11.73,-5.865
58.715,-11.73,5.865
58.72,-5.865,17.595
58.725,-5.865,29.326
58.730000000000004,-0.0,46.921
58.735,5.865,58.651
58.74,5.865,70.381
58.745000000000005,11.73,82.111
58.75,11.73,82.111
58.755,11.73,93.842
58.76,11.73,105.572
58.765,11.73,99.707
58.77,11.73,82.111
58.775,11.73,70.381
58.78,11.73,70.381
58.785000000000004,11.73,52.786
58.79,11.73,35.191
58.795,11.73,29.326
58.800000000000004,11.73,23.46
58.805,11.73,23.46
58.81,11.73,17.595
58.815,17.595,5.865
58.82,17.595,5.865
58.825,11.73,5.865
58.83,17.595,11.73
58.835,11.73,11.73
58.84,11.73,17.595
58.845,11.73,23.46
58.85,11.73,23.46
58.855000000000004,11.73,23.46
58.86,11.73,23.46
58.865,5.865,23.46
58.870000000000005,5.865,23.46
58.875,5.865,23.46
58.88,5.865,23.46
58.885,-0.0,23.46
58.89,-0.0,23.46
58.895,-0.0,23.46
58.9,-0.0,23.46
58.905,-0.0,17.595
58.910000000000004,-0.0,17.595
58.915,-0.0,17.595
58.92,-0.0,11.73
58.925000000000004,-0.0,11.73
58.93,-0.0,11.73
58.935,-5.865,11.73
58.94,-5.865,5.865
58.945,-0.0,5.865
58.95,-5.865,5.865
58.955,-5.865,5.865
58.96,-0.0,5.865
58.965,-5.865,0.0
58.97,-5.865,0.0
58.975,-5.865,0.0
58.980000000000004,-5.865,0.0
58.985,-5.865,0.0
58.99,-0.0,0.0
58.995000000000005,-5.865,0.0
59.0,-0.0,0.0
59.005,-0.0,0.0
59.01,-0.0,0.0
59.015,-5.865,0.0
59.02,-5.865,0.0
59.025,-5.865,0.0
59.03,-5.865,0.0
59.035000000000004,-5.865,0.0
59.04,-5.865,0.0
59.045,-5.865,0.0
59.050000000000004,-5.865,0.0
59.055,-5.865,0.0
59.06,-5.865,0.0
59.065,-5.865,0.0
59.07,-5.865,0.0
59.075,-5.865,0.0
59.08,-5.865,0.0
59.085,-5.865,0.0
59.09,-5.865,0.0
59.095,-5.865,0.0
59.1,-5.865,-5.865
59.105000000000004,-5.865,0.0
59.11,-5.865,-5.865
59.115,-5.865,0.0
59.120000000000005,-5.865,-5.865
59.125,-5.865,0.0
59.13,-5.865,-5.865
59.135,-5.865,0.0
59.14,-5.865,0.0
59.145,-5.865,0.0
59.15,-5.865,0.0
59.155,-5.865,-5.865
59.160000000000004,-5.865,-5.865
59.165,-5.865,-5.865
59.17,-5.865,-5.865
59.175000000000004,-5.865,-5.865
59.18,-5.865,-5.865
59.185,-5.865,-5.865
59.19,-5.865,-5.865
59.195,-5.865,0.0
59.2,-0.0,-5.865
59.205,-5.865,0.0
59.21,-5.865,-5.865
59.215,-0.0,0.0
59.22,-5.865,-5.865
59.225,-0.0,0.0
59.230000000000004,-0.0,0.0
59.235,-5.865,0.0
59.24,-0.0,0.0
59.245000000000005,-0.0,0.0
59.25,-0.0,0.0
59.255,-0.0,0.0
59.26,-0.0,0.0
59.265,-0.0,0.0
59.27,-0.0,0.0
59.275,-0.0,0.0
59.28,-0.0,0.0
59.285000000000004,-0.0,0.0
59.29,-0.0,0.0
59.295,-0.0,0.0
59.300000000000004,-0.0,0.0
59.305,-0.0,0.0
59.31,-0.0,0.0
59.315,-0.0,0.0
59.32,-0.0,0.0
59.325,-0.0,0.0
59.33,-0.0,0.0
59.335,-0.0,0.0
59.34,-0.0,0.0
59.345,-5.865,0.0
59.35,-0.0,0.0
59.355000000000004,-0.0,0.0
59.36,-5.865,0.0
59.365,-5.865,0.0
59.370000000000005,-0.0,0.0
59.375,-5.865,0.0
59.38,-0.0,0.0
59.385,-0.0,0.0
59.39,-0.0,-5.865
59.395,-0.0,-5.865
59.4,-0.0,-5.865
59.405,-0.0,-5.865
59.410000000000004,-0.0,-5.865
59.415,-0.0,-5.865
59.42,-0.0,-5.865
59.425000000000004,-0.0,-5.865
59.43,-0.0,-5.865
59.435,-0.0,-5.865
59.44,-0.0,-5.865
59.445,-0.0,-5.865
59.45,-0.0,-5.865
59.455,-0.0,-5.865
59.46,-0.0,-5.865
59.465,-0.0,-5.865
59.47,-0.0,-5.865
59.475,-0.0,-5.865
59.480000000000004,-0.0,-5.865
59.485,-0.0,0.0
59.49,-0.0,0.0
59.495000000000005,-0.0,0.0
59.5,5.865,0.0
59.505,-0.0,0.0
59.51,5.865,0.0
59.515,5.865,0.0
59.52,5.865,0.0
59.525,5.865,0.0
59.53,5.865,5.865
59.535000000000004,5.865,5.865
59.54,5.865,5.865
59.545,5.865,5.865
59.550000000000004,5.865,5.865
59.555,5.865,5.865
59.56,5.865,5.865
59.565,5.865,5.865
59.57,5.865,5.865
59.575,5.865,5.865
59.58,5.865,5.865
59.585,5.865,5.865
59.59,5.865,5.865
59.595,5.865,5.865
59.6,5.865,5.865
59.605000000000004,5.865,11.73
59.61,5.865,5.865
59.615,5.865,5.865
59.620000000000005,5.865,11.73
59.625,5.865,11.73
59.63,5.865,11.73
59.635,5.865,11.73
59.64,5.865,11.73
59.645,5.865,11.73
59.65,5.865,11.73
59.655,5.865,11.73
59.660000000000004,5.865,11.73
59.665,5.865,11.73
59.67,5.865,11.73
59.675000000000004,5.865,11.73
59.68,5.865,11.73
59.685,5.865,11.73
59.69,5.865,11.73
59.695,5.865,11.73
59.7,5.865,11.73
59.705,5.865,11.73
59.71,5.865,11.73
59.715,5.865,11.73
59.72,5.865,11.73
59.725,5.865,11.73
59.730000000000004,5.865,11.73
59.735,5.865,11.73
59.74,5.865,11.73
59.745000000000005,5.865,11.73
59.75,5.865,11.73
59.755,5.865,11.73
59.76,5.865,5.865
59.765,5.865,11.73
59.77,5.865,11.73
59.775,5.865,5.865
59.78,5.865,5.865
59.785000000000004,5.865,5.865
59.79,5.865,5.865
59.795,5.865,5.865
59.800000000000004,5.865,5.865
59.805,5.865,5.865
59.81,5.865,5.865
59.815,5.865,5.865
59.82,5.865,5.865
59.825,5.865,5.865
59.83,5.865,5.865
59.835,5.865,5.865
59.84,5.865,5.865
59.845,5.865,5.865
59.85,5.865,5.865
59.855000000000004,5.865,5.865
59.86,5.865,5.865
59.865,5.865,5.865
59.870000000000005,5.865,5.865
59.875,11.73,5.865
59.88,5.865,5.865
59.885,11.73,5.865
59.89,5.865,5.865
59.895,11.73,5.865
59.9,5.865,5.865
59.905,11.73,5.865
59.910000000000004,11.73,5.865
59.915,11.73,5.865
59.92,11.73,5.865
59.925000000000004,11.73,5.865
59.93,5.865,5.865
59.935,11.73,5.865
59.94,11.73,5.865
59.945,11.73,5.865
59.95,5.865,5.865
59.955,5.865,5.865
59.96,5.865,5.865
59.965,5.865,5.865
59.97,5.865,5.865
59.975,5.865,5.865
59.980000000000004,5.865,5.865
59.985,5.865,5.865
59.99,5.865,5.865
59.995000000000005,5.865,5.865
60.0,5.865,5.865
60.005,5.865,5.865
60.01,5.865,5.865
60.015,5.865,5.865
60.02,5.865,5.865
60.025,5.865,5.865
60.03,5.865,5.865
60.035000000000004,5.865,5.865
60.04,5.865,5.865
60.045,5.865,5.865
60.050000000000004,5.865,5.865
60.055,5.865,5.865
60.06,5.865,5.865
60.065,5.865,5.865
60.07,5.865,5.865
60.075,5.865,5.865
60.08,5.865,5.865
60.085,5.865,5.865
60.09,-0.0,5.865
60.095,5.865,5.865
60.1,5.865,5.865
60.105000000000004,5.865,5.865
60.11,-0.0,5.865
60.115,5.865,5.865
60.120000000000005,-0.0,5.865
60.125,-0.0,5.865
60.13,-0.0,5.865
60.135,5.865,5.865
60.14,-0.0,5.865
60.145,5.865,5.865
60.15,5.865,5.865
60.155,5.865,5.865
60.160000000000004,-0.0,5.865
60.165,-0.0,5.865
60.17,-0.0,5.865
60.175000000000004,-0.0,5.865
60.18,-0.0,5.865
60.185,5.865,5.865
60.19,5.865,5.865
60.195,5.865,5.865
60.2,-0.0,5.865
60.205,5.865,5.865
60.21,5.865,5.865
60.215,5.865,5.865
60.22,5.865,5.865
60.225,-0.0,5.865
60.230000000000004,-0.0,5.865
60.235,5.865,5.865
60.24,-0.0,5.865
60.245000000000005,-0.0,5.865
60.25,-0.0,5.865
60.255,-0.0,5.865
60.26,-0.0,5.865
60.265,-0.0,5.865
60.27,-0.0,5.865
60.275,-0.0,5.865
60.28,5.865,5.865
60.285000000000004,-0.0,5.865
60.29,-0.0,5.865
60.295,5.865,5.865
60.300000000000004,-0.0,5.865
60.305,-0.0,5.865
60.31,-0.0,5.865
60.315,-0.0,5.865
60.32,5.865,5.865
60.325,-0.0,5.865
60.33,-0.0,5.865
60.335,-0.0,5.865
60.34,5.865,5.865
60.345,-0.0,5.865
60.35,-0.0,5.865
60.355000000000004,5.865,5.865
60.36,-0.0,5.865
60.365,-0.0,5.865
60.370000000000005,-0.0,5.865
60.375,-0.0,5.865
60.38,5.865,5.865
60.385,-0.0,5.865
60.39,-0.0,5.865
60.395,-0.0,5.865
60.4,-0.0,5.865
60.405,-0.0,5.865
60.410000000000004,-0.0,5.865
60.415,-0.0,5.865
60.42,-0.0,5.865
60.425000000000004,-0.0,5.865
60.43,5.865,5.865
60.435,-0.0,5.865
60.44,-0.0,5.865
60.445,-0.0,5.865
60.45,-0.0,5.865
60.455,-0.0,5.865
60.46,-0.0,5.865
60.465,-0.0,5.865
60.47,-0.0,5.865
60.475,-0.0,5.865
60.480000000000004,-0.0,0.0
60.485,-0.0,0.0
60.49,-0.0,0.0
60.495000000000005,-0.0,0.0
60.5,-0.0,0.0
60.505,-0.0,0.0
60.51,-0.0,0.0
60.515,-0.0,0.0
60.52,-0.0,0.0
60.525,-0.0,0.0
60.53,-0.0,0.0
60.535000000000004,-0.0,0.0
60.54,-0.0,0.0
60.545,-0.0,0.0
60.550000000000004,-0.0,0.0
60.555,-0.0,0.0
60.56,-0.0,0.0
60.565,-0.0,0.0
60.57,-0.0,0.0
60.575,-0.0,0.0
60.58,-0.0,-5.865
60.585,-0.0,-5.865
60.59,-0.0,-5.865
60.595,-0.0,-5.865
60.6,-0.0,0.0
60.605000000000004,-0.0,-5.865
60.61,-0.0,-5.865
60.615,-0.0,-5.865
60.620000000000005,-5.865,-5.865
60.625,-0.0,-5.865
60.63,-0.0,-5.865
60.635,-5.865,-5.865
60.64,-0.0,-5.865
60.645,-5.865,-5.865
60.65,-5.865,-5.865
60.655,-5.865,-5.865
60.660000000000004,-5.865,-5.865
60.665,-5.865,-5.865
60.67,-5.865,-5.865
60.675000000000004,-5.865,-5.865
60.68,-5.865,-5.865
60.685,-0.0,-5.865
60.69,-5.865,-5.865
60.695,-5.865,-5.865
60.7,-5.865,-5.865
60.705,-5.865,-5.865
60.71,-5.865,-5.865
60.715,-5.865,-5.865
60.72,-5.865,-5.865
60.725,-5.865,-5.865
60.730000000000004,-5.865,-5.865
60.735,-5.865,-5.865
60.74,-5.865,-5.865
60.745000000000005,-5.865,-5.865
60.75,-5.865,-5.865
60.755,-5.865,-5.865
60.76,-5.865,-5.865
60.765,-5.865,-5.865
60.77,-5.865,-5.865
60.775,-5.865,-5.865
60.78,-5.865,-5.865
60.785000000000004,-5.865,-5.865
60.79,-5.865,-5.865
60.795,-5.865,-5.865
60.800000000000004,-5.865,-5.865
60.805,-5.865,-5.865
60.81,-5.865,-5.865
60.815,-5.865,-5.865
60.82,-5.865,-5.865
60.825,-5.865,-5.865
60.83,-5.865,-5.865
60.835,-5.865,-5.865
60.84,-5.865,-5.865
60.845,-5.865,-5.865
60.85,-5.865,-5.865
60.855000000000004,-0.0,-5.865
60.86,-0.0,-5.865
60.865,-0.0,-5.865
60.870000000000005,-5.865,-5.865
60.875,-5.865,-5.865
60.88,-0.0,-5.865
60.885,-0.0,0.0
60.89,-0.0,-5.865
60.895,-0.0,-5.865
60.9,-0.0,0.0
60.905,-0.0,0.0
60.910000000000004,-0.0,0.0
60.915,-0.0,0.0
60.92,-0.0,0.0
60.925000000000004,-0.0,0.0
60.93,-0.0,0.0
60.935,-0.0,0.0
60.94,-0.0,0.0
60.945,-0.0,0.0
60.95,-0.0,0.0
60.955,-0.0,0.0
60.96,-0.0,0.0
60.965,-0.0,0.0
60.97,-0.0,0.0
60.975,-0.0,0.0
60.980000000000004,-0.0,0.0
60.985,-0.0,0.0
60.99,5.865,0.0
60.995000000000005,5.865,0.0
61.0,5.865,0.0
61.005,-0.0,0.0
61.01,5.865,0.0
61.015,5.865,5.865
61.02,5.865,5.865
61.025,-0.0,5.865
61.03,5.865,5.865
61.035000000000004,5.865,5.865
61.04,-0.0,5.865
61.045,-0.0,5.865
61.050000000000004,-0.0,5.865
61.055,-0.0,5.865
61.06,-0.0,5.865
61.065,-0.0,5.865
61.07,-0.0,5.865
61.075,-0.0,5.865
61.08,-0.0,5.865
61.085,-0.0,5.865
61.09,-0.0,5.865
61.095,-0.0,0.0
61.1,-0.0,0.0
61.105000000000004,-0.0,0.0
61.11,-0.0,0.0
61.115,-0.0,0.0
61.120000000000005,-0.0,0.0
61.125,-0.0,0.0
61.13,-0.0,0.0
61.135,-0.0,0.0
61.14,-0.0,0.0
61.145,-0.0,0.0
61.15,-0.0,0.0
61.155,-0.0,0.0
61.160000000000004,-0.0,0.0
61.165,-0.0,0.0
61.17,-0.0,0.0
61.175000000000004,-0.0,0.0
61.18,-0.0,0.0
61.185,-0.0,0.0
61.19,-0.0,0.0
61.195,-5.865,0.0
61.2,-0.0,0.0
61.205,-0.0,0.0
61.21,-0.0,0.0
61.215,-0.0,0.0
61.22,-0.0,0.0
61.225,-0.0,0.0
61.230000000000004,-0.0,0.0
61.235,-0.0,0.0
61.24,-0.0,0.0
61.245000000000005,-0.0,0.0
61.25,-0.0,0.0
61.255,-0.0,0.0
61.26,-0.0,0.0
61.265,-0.0,0.0
61.27,-0.0,0.0
61.275,-0.0,0.0
61.28,5.865,0.0
61.285000000000004,-0.0,0.0
61.29,-0.0,0.0
61.295,-0.0,5.865
61.300000000000004,-0.0,5.865
61.305,-0.0,5.865
61.31,5.865,5.865
61.315,-0.0,5.865
61.32,-0.0,5.865
61.325,-0.0,5.865
61.33,5.865,5.865
61.335,5.865,5.865
61.34,5.865,5.865
61.345,5.865,5.865
61.35,-0.0,5.865
61.355000000000004,5.865,5.865
61.36,5.865,5.865
61.365,5.865,5.865
61.370000000000005,5.865,5.865
61.375,5.865,5.865
61.38,5.865,5.865
61.385,5.865,5.865
61.39,5.865,5.865
61.395,5.865,5.865
61.4,5.865,5.865
61.405,5.865,5.865
61.410000000000004,5.865,5.865
61.415,5.865,5.865
61.42,-0.0,5.865
61.425000000000004,-0.0,5.865
61.43,-0.0,11.73
61.435,5.865,5.865
61.44,5.865,11.73
61.445,5.865,5.865
61.45,5.865,5.865
61.455,-0.0,11.73
61.46,5.865,5.865
61.465,5.865,5.865
61.47,5.865,5.865
61.475,-0.0,5.865
61.480000000000004,5.865,5.865
61.485,-0.0,5.865
61.49,-0.0,5.865
61.495000000000005,5.865,5.865
61.5,-0.0,5.865
61.505,-0.0,5.865
61.51,-0.0,5.865
61.515,-0.0,5.865
61.52,5.865,5.865
61.525,-0.0,5.865
61.53,-0.0,5.865
61.535000000000004,-0.0,5.865
61.54,5.865,5.865
61.545,-0.0,0.0
61.550000000000004,-0.0,5.865
61.555,-0.0,5.865
61.56,5.865,0.0
61.565000000000005,-0.0,0.0
61.57,-0.0,0.0
61.575,5.865,0.0
61.58,-0.0,0.0
61.585,5.865,0.0
61.59,5.865,0.0
61.595,5.865,0.0
61.6,5.865,0.0
61.605000000000004,-0.0,0.0
61.61,5.865,0.0
61.615,-0.0,0.0
61.620000000000005,-0.0,0.0
61.625,5.865,0.0
61.63,5.865,0.0
61.635,-0.0,0.0
61.64,5.865,0.0
61.645,-0.0,0.0
61.65,5.865,0.0
61.655,5.865,0.0
61.660000000000004,-0.0,0.0
61.665,-0.0,0.0
61.67,-0.0,0.0
61.675000000000004,-0.0,0.0
61.68,-0.0,0.0
61.685,-0.0,0.0
61.690000000000005,-0.0,0.0
61.695,-0.0,0.0
61.7,5.865,0.0
61.705,5.865,5.865
61.71,5.865,5.865
61.715,5.865,5.865
61.72,-0.0,5.865
61.725,-0.0,5.865
61.730000000000004,-0.0,5.865
61.735,-0.0,5.865
61.74,-0.0,5.865
61.745000000000005,5.865,5.865
61.75,5.865,5.865
61.755,-0.0,5.865
61.76,5.865,5.865
61.765,-0.0,5.865
61.77,5.865,5.865
61.775,5.865,5.865
61.78,5.865,5.865
61.785000000000004,5.865,5.865
61.79,5.865,5.865
61.795,5.865,5.865
61.800000000000004,5.865,5.865
61.805,5.865,5.865
61.81,5.865,5.865
61.815000000000005,5.865,5.865
61.82,5.865,5.865
61.825,5.865,5.865
61.83,5.865,5.865
61.835,5.865,5.865
61.84,5.865,5.865
61.845,5.865,5.865
61.85,5.865,5.865
61.855000000000004,5.865,5.865
61.86,5.865,5.865
61.865,5.865,5.865
61.870000000000005,5.865,5.865
61.875,5.865,5.865
61.88,5.865,5.865
61.885,-0.0,5.865
61.89,5.865,5.865
61.895,5.865,0.0
61.9,5.865,0.0
61.905,-0.0,0.0
61.910000000000004,-0.0,0.0
61.915,-0.0,0.0
61.92,-0.0,0.0
61.925000000000004,-0.0,0.0
61.93,-0.0,0.0
61.935,-0.0,0.0
61.940000000000005,-0.0,0.0
61.945,-0.0,0.0
61.95,-0.0,0.0
61.955,-0.0,0.0
61.96,-0.0,0.0
61.965,-0.0,0.0
61.97,-0.0,5.865
61.975,-0.0,5.865
61.980000000000004,-0.0,0.0
61.985,-0.0,5.865
61.99,-0.0,5.865
61.995000000000005,-0.0,5.865
62.0,-0.0,5.865
62.005,-0.0,5.865
62.01,5.865,5.865
62.015,-0.0,0.0
62.02,-0.0,5.865
62.025,-0.0,0.0
62.03,-0.0,5.865
62.035000000000004,-0.0,0.0
62.04,-0.0,0.0
62.045,-0.0,5.865
62.050000000000004,-0.0,0.0
62.055,-0.0,0.0
62.06,-0.0,5.865
62.065000000000005,-0.0,5.865
62.07,-0.0,5.865
62.075,-0.0,5.865
62.08,-0.0,5.865
62.085,-0.0,5.865
62.09,-0.0,5.865
62.095,-0.0,5.865
62.1,-0.0,5.865
62.105000000000004,-0.0,5.865
62.11,-0.0,5.865
62.115,-0.0,5.865
62.120000000000005,-0.0,0.0
62.125,-0.0,0.0
62.13,-5.865,0.0
62.135,-0.0,0.0
62.14,-0.0,0.0
62.145,-0.0,0.0
62.15,-0.0,0.0
62.155,-0.0,0.0
62.160000000000004,-0.0,0.0
62.165,-0.0,0.0
62.17,-5.865,0.0
62.175000000000004,-5.865,0.0
62.18,-5.865,0.0
62.185,-5.865,0.0
62.190000000000005,-5.865,0.0
62.195,-0.0,0.0
62.2,-0.0,0.0
62.205,-5.865,0.0
62.21,-5.865,0.0
62.215,-5.865,0.0
62.22,-5.865,0.0
62.225,-5.865,0.0
62.230000000000004,-5.865,0.0
62.235,-5.865,0.0
62.24,-5.865,0.0
62.245000000000005,-5.865,0.0
62.25,-5.865,0.0
62.255,-5.865,0.0
62.26,-5.865,0.0
62.265,-5.865,0.0
62.27,-5.865,0.0
62.275,-5.865,0.0
62.28,-5.865,0.0
62.285000000000004,-5.865,0.0
62.29,-0.0,0.0
62.295,-0.0,0.0
62.300000000000004,-0.0,0.0
62.305,-0.0,0.0
62.31,-0.0,0.0
62.315000000000005,-0.0,0.0
62.32,-0.0,0.0
62.325,-0.0,0.0
62.33,-0.0,0.0
62.335,-0.0,0.0
62.34,-0.0,0.0
62.345,-0.0,-5.865
62.35,-0.0,-5.865
62.355000000000004,-0.0,-5.865
62.36,-0.0,-5.865
62.365,-0.0,0.0
62.370000000000005,-0.0,0.0
62.375,-0.0,0.0
62.38,-0.0,0.0
62.385,-0.0,0.0
62.39,-5.865,0.0
62.395,-0.0,0.0
62.4,-0.0,0.0
62.405,-0.0,0.0
62.410000000000004,-0.0,0.0
62.415,-0.0,0.0
62.42,-0.0,0.0
62.425000000000004,-0.0,0.0
62.43,-5.865,0.0
62.435,-5.865,0.0
62.440000000000005,-5.865,0.0
62.445,-0.0,0.0
62.45,-5.865,0.0
62.455,-5.865,0.0
62.46,-5.865,0.0
62.465,-5.865,0.0
62.47,-5.865,0.0
62.475,-5.865,0.0
62.480000000000004,-5.865,0.0
62.485,-5.865,0.0
62.49,-5.865,0.0
62.495000000000005,-5.865,0.0
62.5,-5.865,0.0
62.505,-5.865,0.0
62.51,-5.865,0.0
62.515,-5.865,0.0
62.52,-5.865,0.0
62.525,-5.865,0.0
62.53,-5.865,0.0
62.535000000000004,-5.865,0.0
62.54,-5.865,0.0
62.545,-5.865,0.0
62.550000000000004,-5.865,0.0
62.555,-5.865,0.0
62.56,-5.865,0.0
62.565000000000005,-5.865,0.0
62.57,-5.865,0.0
62.575,-5.865,0.0
62.58,-5.865,0.0
62.585,-5.865,0.0
62.59,-5.865,0.0
62.595,-5.865,0.0
62.6,-5.865,0.0
62.605000000000004,-5.865,0.0
62.61,-5.865,0.0
62.615,-5.865,0.0
62.620000000000005,-5.865,0.0
62.625,-5.865,0.0
62.63,-5.865,0.0
62.635,-5.865,0.0
62.64,-5.865,0.0
62.645,-5.865,0.0
62.65,-5.865,0.0
62.655,-5.865,0.0
62.660000000000004,-5.865,0.0
62.665,-5.865,0.0
62.67,-5.865,0.0
62.675000000000004,-5.865,0.0
62.68,-5.865,0.0
62.685,-5.865,0.0
62.690000000000005,-5.865,0.0
62.695,-5.865,0.0
62.7,-5.865,0.0
62.705,-5.865,0.0
62.71,-5.865,0.0
62.715,-5.865,0.0
62.72,-11.73,0.0
62.725,-11.73,0.0
62.730000000000004,-11.73,0.0
62.735,-11.73,0.0
62.74,-11.73,0.0
62.745000000000005,-11.73,0.0
62.75,-11.73,0.0
62.755,-11.73,0.0
62.76,-11.73,0.0
62.765,-11.73,0.0
62.77,-11.73,0.0
62.775,-11.73,0.0
62.78,-11.73,0.0
62.785000000000004,-11.73,0.0
62.79,-11.73,0.0
62.795,-11.73,0.0
62.800000000000004,-11.73,0.0
62.805,-11.73,0.0
62.81,-11.73,0.0
62.815000000000005,-11.73,0.0
62.82,-11.73,0.0
62.825,-17.595,-5.865
62.83,-17.595,0.0
62.835,-17.595,0.0
62.84,-17.595,0.0
62.845,-17.595,0.0
62.85,-17.595,-5.865
62.855000000000004,-17.595,0.0
62.86,-17.595,0.0
62.865,-17.595,0.0
62.870000000000005,-17.595,0.0
62.875,-17.595,0.0
62.88,-17.595,0.0
62.885,-23.46,0.0
62.89,-23.46,-5.865
62.895,-23.46,0.0
62.9,-23.46,0.0
62.905,-23.46,0.0
62.910000000000004,-23.46,-5.865
62.915,-23.46,-5.865
62.92,-23.46,-5.865
62.925000000000004,-23.46,-5.865
62.93,-23.46,-5.865
62.935,-23.46,-5.865
62.940000000000005,-23.46,-5.865
62.945,-23.46,-5.865
62.95,-23.46,-11.73
62.955,-23.46,-11.73
62.96,-23.46,-11.73
62.965,-23.46,-11.73
62.97,-23.46,-11.73
62.975,-23.46,-17.595
62.980000000000004,-23.46,-17.595
62.985,-23.46,-17.595
62.99,-23.46,-23.46
62.995000000000005,-23.46,-23.46
63.0,-23.46,-23.46
63.005,-23.46,-29.326
63.01,-23.46,-29.326
63.015,-23.46,-29.326
63.02,-23.46,-29.326
63.025,-29.326,-35.191
63.03,-29.326,-35.191
63.035000000000004,-23.46,-41.056
63.04,-23.46,-41.056
63.045,-23.46,-41.056
63.050000000000004,-23.46,-46.921
63.055,-29.326,-46.921
63.06,-23.46,-46.921
63.065000000000005,-23.46,-46.921
63.07,-23.46,-46.921
63.075,-23.46,-46.921
63.08,-23.46,-52.786
63.085,-23.46,-52.786
63.09,-23.46,-52.786
63.095,-23.46,-52.786
63.1,-23.46,-52.786
63.105000000000004,-23.46,-52.786
63.11,-23.46,-58.651
63.115,-23.46,-58.651
63.120000000000005,-17.595,-58.651
63.125,-17.595,-58.651
63.13,-17.595,-64.516
63.135,-17.595,-64.516
63.14,-17.595,-64.516
63.145,-17.595,-70.381
63.15,-17.595,-70.381
63.155,-17.595,-70.381
63.160000000000004,-17.595,-76.246
63.165,-17.595,-82.111
63.17,-23.46,-82.111
63.175000000000004,-23.46,-87.977
63.18,-23.46,-93.842
63.185,-23.46,-99.707
63.190000000000005,-23.46,-105.572
63.195,-23.46,-105.572
63.2,-23.46,-111.437
63.205,-23.46,-117.302
63.21,-23.46,-117.302
63.215,-29.326,-117.302
63.22,-29.326,-117.302
63.225,-29.326,-117.302
63.230000000000004,-29.326,-117.302
63.235,-29.326,-111.437
63.24,-29.326,-105.572
63.245000000000005,-29.326,-99.707
63.25,-35.191,-93.842
63.255,-35.191,-93.842
63.26,-35.191,-99.707
63.265,-35.191,-99.707
63.27,-35.191,-99.707
63.275,-35.191,-99.707
63.28,-41.056,-93.842
63.285000000000004,-41.056,-82.111
63.29,-41.056,-76.246
63.295,-35.191,-64.516
63.300000000000004,-35.191,-58.651
63.305,-35.191,-46.921
63.31,-35.191,-35.191
63.315000000000005,-29.326,-29.326
63.32,-29.326,-11.73
63.325,-29.326,17.595
63.33,-29.326,46.921
63.335,-23.46,76.246
63.34,-23.46,87.977
63.345,-23.46,99.707
63.35,-23.46,111.437
63.355000000000004,-23.46,134.897
63.36,-29.326,152.493
63.365,-29.326,170.088
63.370000000000005,-29.326,187.683
63.375,-29.326,199.413
63.38,-35.191,217.009
63.385,-35.191,234.604
63.39,-35.191,246.334
63.395,-35.191,263.93
63.4,-41.056,275.66
63.405,-41.056,287.39
63.410000000000004,-41.056,299.12
63.415,-46.921,310.85
63.42,-46.921,316.715
63.425000000000004,-52.786,322.581
63.43,-52.786,328.446
63.435,-58.651,334.311
63.440000000000005,-58.651,334.311
63.445,-58.651,334.311
63.45,-58.651,328.446
63.455,-58.651,328.446
63.46,-58.651,322.581
63.465,-58.651,316.715
63.47,-58.651,304.985
63.475,-58.651,293.255
63.480000000000004,-58.651,269.795
63.485,-64.516,252.199
63.49,-64.516,234.604
63.495000000000005,-64.516,217.009
63.5,-64.516,199.413
63.505,-64.516,181.818
63.51,-64.516,152.493
63.515,-70.381,123.167
63.52,-70.381,87.977
63.525,-70.381,58.651
63.53,-76.246,29.326
63.535000000000004,-76.246,-5.865
63.54,-82.111,-41.056
63.545,-82.111,-70.381
63.550000000000004,-82.111,-58.651
63.555,-87.977,-35.191
63.56,-87.977,-5.865
63.565000000000005,-87.977,5.865
63.57,-87.977,5.865
63.575,-87.977,-11.73
63.58,-87.977,-41.056
63.585,-87.977,-76.246
63.59,-87.977,-105.572
63.595,-87.977,-111.437
63.6,-82.111,-93.842
63.605000000000004,-82.111,-70.381
63.61,-82.111,-58.651
63.615,-76.246,-52.786
63.620000000000005,-76.246,-58.651
63.625,-76.246,-58.651
63.63,-82.111,-58.651
63.635,-82.111,-58.651
63.64,-82.111,-58.651
63.645,-82.111,-58.651
63.65,-82.111,-58.651
63.655,-82.111,-64.516
63.660000000000004,-82.111,-58.651
63.665,-76.246,-58.651
63.67,-76.246,-58.651
63.675000000000004,-76.246,-58.651
63.68,-70.381,-52.786
63.685,-70.381,-46.921
63.690000000000005,-64.516,-46.921
63.695,-58.651,-46.921
63.7,-52.786,-46.921
63.705,-41.056,-46.921
63.71,-29.326,-52.786
63.715,-11.73,-52.786
63.72,-0.0,-58.651
63.725,17.595,-58.651
63.730000000000004,35.191,-58.651
63.735,52.786,-58.651
63.74,64.516,-64.516
63.745000000000005,76.246,-64.516
63.75,82.111,-64.516
63.755,93.842,-64.516
63.76,99.707,-64.516
63.765,111.437,-64.516
63.77,117.302,-64.516
63.775,129.032,-64.516
63.78,140.762,-64.516
63.785000000000004,146.628,-64.516
63.79,158.358,-64.516
63.795,164.223,-64.516
63.800000000000004,175.953,-64.516
63.805,181.818,-64.516
63.81,187.683,-70.381
63.815000000000005,193.548,-70.381
63.82,205.279,-70.381
63.825,211.144,-70.381
63.83,211.144,-70.381
63.835,217.009,-70.381
63.84,222.874,-70.381
63.845,222.874,-70.381
63.85,222.874,-64.516
63.855000000000004,222.874,-64.516
63.86,222.874,-64.516
63.865,228.739,-64.516
63.870000000000005,228.739,-58.651
63.875,228.739,-58.651
63.88,228.739,-58.651
63.885,228.739,-58.651
63.89,228.739,-52.786
63.895,228.739,-52.786
63.9,228.739,-52.786
63.905,222.874,-52.786
63.910000000000004,222.874,-52.786
63.915,217.009,-52.786
63.92,217.009,-52.786
63.925000000000004,211.144,-52.786
63.93,211.144,-46.921
63.935,205.279,-46.921
63.940000000000005,199.413,-46.921
63.945,193.548,-46.921
63.95,193.548,-46.921
63.955,187.683,-46.921
63.96,181.818,-46.921
63.965,175.953,-46.921
63.97,170.088,-46.921
63.975,164.223,-46.921
63.980000000000004,146.628,-46.921
63.985,134.897,-46.921
63.99,123.167,-46.921
63.995000000000005,111.437,-46.921
64.0,99.707,-46.921
64.005,93.842,-46.921
64.01,87.977,-46.921
64.015,76.246,-46.921
64.02,64.516,-46.921
64.025,52.786,-46.921
64.03,41.056,-41.056
64.035,29.326,-41.056
64.04,11.73,-41.056
64.045,-0.0,-41.056
64.05,-17.595,-41.056
64.055,-35.191,-41.056
64.06,-58.651,-41.056
64.065,-87.977,-41.056
64.07000000000001,-111.437,-41.056
64.075,-123.167,-41.056
64.08,-111.437,-41.056
64.08500000000001,-87.977,-41.056
64.09,-58.651,-41.056
64.095,-41.056,-41.056
64.1,-52.786,-41.056
64.105,-70.381,-41.056
64.11,-93.842,-46.921
64.115,-111.437,-46.921
64.12,-117.302,-46.921
64.125,-111.437,-46.921
64.13,-105.572,-46.921
64.135,-93.842,-46.921
64.14,-82.111,-52.786
64.145,-76.246,-52.786
64.15,-76.246,-52.786
64.155,-70.381,-52.786
64.16,-70.381,-58.651
64.165,-64.516,-58.651
64.17,-58.651,-58.651
64.175,-52.786,-64.516
64.18,-46.921,-64.516
64.185,-46.921,-64.516
64.19,-46.921,-70.381
64.19500000000001,-41.056,-70.381
64.2,-41.056,-76.246
64.205,-41.056,-76.246
64.21000000000001,-35.191,-82.111
64.215,-35.191,-82.111
64.22,-35.191,-87.977
64.225,-35.191,-93.842
64.23,-35.191,-99.707
64.235,-41.056,-105.572
64.24,-41.056,-111.437
64.245,-46.921,-117.302
64.25,-46.921,-123.167
64.255,-46.921,-129.032
64.26,-46.921,-134.897
64.265,-46.921,-140.762
64.27,-52.786,-146.628
64.275,-52.786,-152.493
64.28,-52.786,-158.358
64.285,-52.786,-158.358
64.29,-52.786,-158.358
64.295,-52.786,-158.358
64.3,-52.786,-158.358
64.305,-58.651,-158.358
64.31,-58.651,-158.358
64.315,-58.651,-164.223
64.32000000000001,-58.651,-164.223
64.325,-64.516,-170.088
64.33,-64.516,-158.358
64.33500000000001,-64.516,-146.628
64.34,-64.516,-134.897
64.345,-64.516,-123.167
64.35,-64.516,-105.572
64.355,-64.516,-93.842
64.36,-64.516,-76.246
64.365,-64.516,-70.381
64.37,-64.516,-70.381
64.375,-64.516,-70.381
64.38,-64.516,-64.516
64.385,-64.516,-46.921
64.39,-64.516,-35.191
64.395,-64.516,-29.326
64.4,-64.516,-23.46
64.405,-58.651,5.865
64.41,-58.651,64.516
64.415,-58.651,111.437
64.42,-58.651,134.897
64.425,-58.651,146.628
64.43,-58.651,152.493
64.435,-52.786,158.358
64.44,-58.651,170.088
64.44500000000001,-58.651,187.683
64.45,-58.651,205.279
64.455,-52.786,228.739
64.46000000000001,-58.651,246.334
64.465,-58.651,269.795
64.47,-58.651,281.525
64.475,-58.651,299.12
64.48,-58.651,316.715
64.485,-64.516,328.446
64.49,-64.516,340.176
64.495,-64.516,351.906
64.5,-64.516,363.636
64.505,-64.516,369.501
64.51,-70.381,381.232
64.515,-70.381,387.097
64.52,-70.381,398.827
64.525,-70.381,404.692
64.53,-70.381,410.557
64.535,-76.246,410.557
64.54,-76.246,410.557
64.545,-76.246,404.692
64.55,-82.111,404.692
64.555,-82.111,404.692
64.56,-82.111,404.692
64.565,-87.977,398.827
64.57000000000001,-87.977,392.962
64.575,-87.977,381.232
64.58,-93.842,363.636
64.58500000000001,-93.842,346.041
64.59,-99.707,322.581
64.595,-99.707,304.985
64.6,-99.707,287.39
64.605,-105.572,263.93
64.61,-105.572,234.604
64.615,-111.437,211.144
64.62,-111.437,187.683
64.625,-117.302,158.358
64.63,-117.302,129.032
64.635,-117.302,99.707
64.64,-123.167,70.381
64.645,-117.302,41.056
64.65,-117.302,17.595
64.655,-117.302,-17.595
64.66,-117.302,-52.786
64.665,-111.437,-87.977
64.67,-111.437,-111.437
64.675,-105.572,-117.302
64.68,-99.707,-105.572
64.685,-99.707,-64.516
64.69,-99.707,-23.46
64.69500000000001,-99.707,5.865
64.7,-99.707,5.865
64.705,-99.707,-23.46
64.71000000000001,-99.707,-64.516
64.715,-93.842,-111.437
64.72,-87.977,-146.628
64.725,-82.111,-152.493
64.73,-82.111,-134.897
64.735,-82.111,-111.437
64.74,-82.111,-93.842
64.745,-82.111,-93.842
64.75,-82.111,-111.437
64.755,-82.111,-123.167
64.76,-76.246,-129.032
64.765,-70.381,-123.167
64.77,-58.651,-111.437
64.775,-52.786,-111.437
64.78,-41.056,-105.572
64.785,-29.326,-111.437
64.79,-17.595,-111.437
64.795,-0.0,-111.437
64.8,35.191,-105.572
64.805,70.381,-99.707
64.81,87.977,-99.707
64.815,93.842,-93.842
64.82000000000001,93.842,-87.977
64.825,99.707,-87.977
64.83,105.572,-82.111
64.83500000000001,117.302,-82.111
64.84,129.032,-82.111
64.845,140.762,-82.111
64.85,158.358,-82.111
64.855,170.088,-87.977
64.86,181.818,-87.977
64.865,187.683,-87.977
64.87,199.413,-87.977
64.875,205.279,-87.977
64.88,211.144,-87.977
64.885,217.009,-87.977
64.89,217.009,-87.977
64.895,222.874,-82.111
64.9,222.874,-82.111
64.905,228.739,-76.246
64.91,234.604,-76.246
64.915,234.604,-76.246
64.92,240.469,-70.381
64.925,246.334,-70.381
64.93,246.334,-70.381
64.935,252.199,-64.516
64.94,246.334,-64.516
64.94500000000001,246.334,-64.516
64.95,246.334,-64.516
64.955,252.199,-64.516
64.96000000000001,252.199,-70.381
64.965,252.199,-70.381
64.97,252.199,-70.381
64.975,246.334,-70.381
64.98,246.334,-70.381
64.985,240.469,-70.381
64.99,234.604,-70.381
64.995,228.739,-70.381
65.0,222.874,-70.381
65.005,217.009,-70.381
65.01,217.009,-70.381
65.015,217.009,-70.381
65.02,217.009,-70.381
65.025,217.009,-70.381
65.03,211.144,-70.381
65.035,205.279,-70.381
65.04,199.413,-70.381
65.045,193.548,-70.381
65.05,187.683,-70.381
65.055,181.818,-64.516
65.06,175.953,-70.381
65.065,158.358,-64.516
65.07000000000001,140.762,-64.516
65.075,123.167,-64.516
65.08,105.572,-64.516
65.08500000000001,82.111,-64.516
65.09,64.516,-64.516
65.095,46.921,-64.516
65.1,29.326,-64.516
65.105,5.865,-64.516
65.11,-23.46,-64.516
65.115,-52.786,-64.516
65.12,-93.842,-64.516
65.125,-134.897,-64.516
65.13,-164.223,-58.651
65.135,-170.088,-58.651
65.14,-152.493,-58.651
65.145,-111.437,-58.651
65.15,-70.381,-58.651
65.155,-76.246,-58.651
65.16,-105.572,-58.651
65.165,-129.032,-58.651
65.17,-140.762,-64.516
65.175,-134.897,-58.651
65.18,-123.167,-58.651
65.185,-123.167,-58.651
65.19,-111.437,-64.516
65.19500000000001,-105.572,-64.516
65.2,-93.842,-64.516
65.205,-87.977,-64.516
65.21000000000001,-82.111,-64.516
65.215,-76.246,-70.381
65.22,-70.381,-70.381
65.225,-64.516,-70.381
65.23,-58.651,-70.381
65.235,-58.651,-70.381
65.24,-58.651,-70.381
65.245,-58.651,-76.246
65.25,-58.651,-76.246
65.255,-58.651,-76.246
65.26,-58.651,-82.111
65.265,-58.651,-87.977
65.27,-52.786,-87.977
65.275,-52.786,-87.977
65.28,-52.786,-93.842
65.285,-52.786,-99.707
65.29,-52.786,-99.707
65.295,-52.786,-105.572
65.3,-52.786,-111.437
65.305,-52.786,-111.437
65.31,-52.786,-117.302
65.315,-52.786,-123.167
65.32000000000001,-52.786,-129.032
65.325,-52.786,-129.032
65.33,-52.786,-134.897
65.33500000000001,-52.786,-134.897
65.34,-52.786,-134.897
65.345,-52.786,-134.897
65.35,-58.651,-134.897
65.355,-58.651,-134.897
65.36,-58.651,-134.897
65.365,-58.651,-140.762
65.37,-58.651,-146.628
65.375,-58.651,-152.493
65.38,-58.651,-152.493
65.385,-58.651,-146.628
65.39,-64.516,-134.897
65.395,-64.516,-129.032
65.4,-64.516,-117.302
65.405,-64.516,-111.437
65.41,-64.516,-105.572
65.415,-64.516,-105.572
65.42,-64.516,-99.707
65.425,-64.516,-99.707
65.43,-64.516,-87.977
65.435,-64.516,-76.246
65.44,-58.651,-58.651
65.44500000000001,-58.651,-52.786
65.45,-58.651,-46.921
65.455,-58.651,-17.595
65.46000000000001,-58.651,29.326
65.465,-58.651,70.381
65.47,-58.651,99.707
65.475,-52.786,111.437
65.48,-58.651,123.167
65.485,-52.786,134.897
65.49,-52.786,146.628
65.495,-58.651,164.223
65.5,-52.786,181.818
65.505,-52.786,199.413
65.51,-52.786,222.874
65.515,-52.786,240.469
65.52,-52.786,263.93
65.525,-52.786,275.66
65.53,-58.651,293.255
65.535,-58.651,310.85
65.54,-58.651,322.581
65.545,-58.651,340.176
65.55,-64.516,351.906
65.555,-64.516,363.636
65.56,-70.381,375.366
65.565,-70.381,387.097
65.57000000000001,-76.246,398.827
65.575,-76.246,410.557
65.58,-76.246,416.422
65.58500000000001,-82.111,422.287
65.59,-82.111,428.152
65.595,-87.977,428.152
65.6,-87.977,428.152
65.605,-87.977,428.152
65.61,-93.842,428.152
65.615,-93.842,428.152
65.62,-93.842,422.287
65.625,-99.707,416.422
65.63,-99.707,404.692
65.635,-99.707,387.097
65.64,-105.572,369.501
65.645,-105.572,346.041
65.65,-105.572,328.446
65.655,-111.437,304.985
65.66,-111.437,281.525
65.665,-117.302,258.064
65.67,-117.302,222.874
65.675,-117.302,187.683
65.68,-117.302,146.628
65.685,-111.437,105.572
65.69,-111.437,70.381
65.69500000000001,-111.437,23.46
65.7,-111.437,-17.595
65.705,-105.572,-58.651
65.71000000000001,-111.437,-99.707
65.715,-111.437,-129.032
65.72,-111.437,-123.167
65.725,-117.302,-87.977
65.73,-117.302,-29.326
65.735,-117.302,0.0
65.74,-111.437,-23.46
65.745,-105.572,-64.516
65.75,-99.707,-99.707
65.755,-93.842,-146.628
65.76,-87.977,-175.953
65.765,-82.111,-170.088
65.77,-76.246,-140.762
65.775,-70.381,-123.167
65.78,-64.516,-123.167
65.785,-52.786,-140.762
65.79,-41.056,-158.358
65.795,-35.191,-146.628
65.8,-23.46,-129.032
65.805,-5.865,-129.032
65.81,11.73,-134.897
65.815,35.191,-134.897
65.82000000000001,52.786,-129.032
65.825,64.516,-123.167
65.83,70.381,-111.437
65.83500000000001,82.111,-105.572
65.84,87.977,-99.707
65.845,93.842,-93.842
65.85,99.707,-87.977
65.855,111.437,-87.977
65.86,123.167,-82.111
65.865,134.897,-82.111
65.87,140.762,-82.111
65.875,152.493,-76.246
65.88,158.358,-76.246
65.885,164.223,-70.381
65.89,170.088,-70.381
65.895,175.953,-70.381
65.9,187.683,-64.516
65.905,187.683,-64.516
65.91,199.413,-58.651
65.915,205.279,-58.651
65.92,211.144,-58.651
65.925,217.009,-52.786
65.93,222.874,-52.786
65.935,228.739,-46.921
65.94,228.739,-46.921
65.94500000000001,234.604,-46.921
65.95,240.469,-41.056
65.955,240.469,-41.056
65.96000000000001,246.334,-41.056
65.965,246.334,-41.056
65.97,246.334,-41.056
65.975,252.199,-41.056
65.98,252.199,-41.056
65.985,258.064,-41.056
65.99,258.064,-46.921
65.995,263.93,-46.921
66.0,263.93,-46.921
66.005,263.93,-46.921
66.01,269.795,-52.786
66.015,263.93,-52.786
66.02,269.795,-52.786
66.025,263.93,-52.786
66.03,269.795,-52.786
66.035,263.93,-52.786
66.04,263.93,-58.651
66.045,263.93,-58.651
66.05,258.064,-58.651
66.055,252.199,-58.651
66.06,252.199,-58.651
66.065,240.469,-58.651
66.07000000000001,240.469,-64.516
66.075,228.739,-64.516
66.08,217.009,-64.516
66.08500000000001,211.144,-64.516
66.09,199.413,-64.516
66.095,187.683,-64.516
66.1,170.088,-64.516
66.105,152.493,-64.516
66.11,140.762,-64.516
66.115,123.167,-64.516
66.12,105.572,-70.381
66.125,87.977,-64.516
66.13,64.516,-64.516
66.135,46.921,-64.516
66.14,29.326,-64.516
66.145,11.73,-64.516
66.15,-5.865,-64.516
66.155,-23.46,-64.516
66.16,-41.056,-64.516
66.165,-46.921,-64.516
66.17,-64.516,-64.516
66.175,-87.977,-70.381
66.18,-111.437,-70.381
66.185,-111.437,-70.381
66.19,-93.842,-70.381
66.19500000000001,-58.651,-70.381
66.2,-41.056,-76.246
66.205,-46.921,-76.246
66.21000000000001,-76.246,-76.246
66.215,-99.707,-76.246
66.22,-123.167,-76.246
66.225,-134.897,-76.246
66.23,-146.628,-76.246
66.235,-152.493,-76.246
66.24,-140.762,-82.111
66.245,-129.032,-82.111
66.25,-117.302,-82.111
66.255,-129.032,-82.111
66.26,-140.762,-82.111
66.265,-140.762,-82.111
66.27,-134.897,-82.111
66.275,-123.167,-87.977
66.28,-111.437,-87.977
66.285,-99.707,-93.842
66.29,-99.707,-93.842
66.295,-93.842,-99.707
66.3,-87.977,-105.572
66.305,-82.111,-111.437
66.31,-76.246,-117.302
66.315,-70.381,-117.302
66.32000000000001,-64.516,-123.167
66.325,-64.516,-123.167
66.33,-64.516,-123.167
66.33500000000001,-64.516,-129.032
66.34,-64.516,-129.032
66.345,-64.516,-134.897
66.35,-64.516,-140.762
66.355,-64.516,-140.762
66.36,-64.516,-140.762
66.365,-64.516,-146.628
66.37,-58.651,-146.628
66.375,-58.651,-146.628
66.38,-58.651,-146.628
66.385,-58.651,-140.762
66.39,-58.651,-140.762
66.395,-58.651,-134.897
66.4,-58.651,-140.762
66.405,-58.651,-146.628
66.41,-58.651,-152.493
66.415,-58.651,-158.358
66.42,-58.651,-152.493
66.425,-58.651,-140.762
66.43,-64.516,-140.762
66.435,-58.651,-134.897
66.44,-64.516,-129.032
66.44500000000001,-64.516,-123.167
66.45,-64.516,-123.167
66.455,-64.516,-111.437
66.46000000000001,-64.516,-93.842
66.465,-64.516,-70.381
66.47,-64.516,-52.786
66.475,-64.516,-41.056
66.48,-64.516,-29.326
66.485,-64.516,0.0
66.49,-64.516,41.056
66.495,-64.516,82.111
66.5,-64.516,99.707
66.505,-58.651,111.437
66.51,-58.651,123.167
66.515,-58.651,129.032
66.52,-58.651,140.762
66.525,-58.651,152.493
66.53,-58.651,170.088
66.535,-58.651,193.548
66.54,-58.651,211.144
66.545,-58.651,228.739
66.55,-64.516,246.334
66.555,-64.516,258.064
66.56,-64.516,269.795
66.565,-64.516,287.39
66.57000000000001,-64.516,304.985
66.575,-64.516,316.715
66.58,-64.516,328.446
66.58500000000001,-64.516,340.176
66.59,-70.381,351.906
66.595,-70.381,357.771
66.6,-70.381,363.636
66.605,-76.246,369.501
66.61,-76.246,375.366
66.615,-82.111,381.232
66.62,-82.111,387.097
66.625,-82.111,392.962
66.63,-82.111,392.962
66.635,-82.111,392.962
66.64,-82.111,398.827
66.645,-82.111,392.962
66.65,-82.111,398.827
66.655,-87.977,392.962
66.66,-87.977,387.097
66.665,-87.977,381.232
66.67,-93.842,369.501
66.675,-93.842,351.906
66.68,-99.707,328.446
66.685,-105.572,310.85
66.69,-111.437,293.255
66.69500000000001,-111.437,269.795
66.7,-117.302,246.334
66.705,-123.167,228.739
66.71000000000001,-123.167,199.413
66.715,-123.167,175.953
66.72,-129.032,152.493
66.725,-129.032,123.167
66.73,-129.032,87.977
66.735,-123.167,52.786
66.74,-123.167,17.595
66.745,-123.167,-17.595
66.75,-123.167,-52.786
66.755,-123.167,-87.977
66.76,-117.302,-99.707
66.765,-117.302,-82.111
66.77,-105.572,-52.786
66.775,-99.707,-29.326
66.78,-99.707,-29.326
66.785,-105.572,-46.921
66.79,-111.437,-82.111
66.795,-111.437,-123.167
66.8,-111.437,-152.493
66.805,-99.707,-164.223
66.81,-93.842,-158.358
66.815,-87.977,-134.897
66.82000000000001,-76.246,-123.167
66.825,-64.516,-129.032
66.83,-52.786,-117.302
66.83500000000001,-35.191,-105.572
66.84,-17.595,-99.707
66.845,-0.0,-99.707
66.85,11.73,-93.842
66.855,23.46,-87.977
66.86,41.056,-87.977
66.865,46.921,-82.111
66.87,58.651,-82.111
66.875,70.381,-82.111
66.88,82.111,-82.111
66.885,87.977,-82.111
66.89,99.707,-76.246
66.895,111.437,-70.381
66.9,123.167,-70.381
66.905,134.897,-64.516
66.91,146.628,-64.516
66.915,152.493,-64.516
66.92,164.223,-64.516
66.925,170.088,-64.516
66.93,181.818,-58.651
66.935,187.683,-58.651
66.94,193.548,-58.651
66.94500000000001,199.413,-58.651
66.95,205.279,-52.786
66.955,211.144,-58.651
66.96000000000001,217.009,-52.786
66.965,222.874,-52.786
66.97,222.874,-46.921
66.975,228.739,-46.921
66.98,234.604,-46.921
66.985,234.604,-46.921
66.99,234.604,-46.921
66.995,234.604,-46.921
67.0,240.469,-46.921
67.005,240.469,-46.921
67.01,240.469,-52.786
67.015,240.469,-46.921
67.02,240.469,-52.786
67.025,240.469,-52.786
67.03,240.469,-52.786
67.035,240.469,-52.786
67.04,240.469,-52.786
67.045,240.469,-52.786
67.05,240.469,-58.651
67.055,240.469,-58.651
67.06,234.604,-58.651
67.065,234.604,-58.651
67.07000000000001,234.604,-58.651
67.075,234.604,-64.516
67.08,234.604,-64.516
67.08500000000001,234.604,-64.516
67.09,228.739,-64.516
67.095,228.739,-64.516
67.1,222.874,-64.516
67.105,217.009,-70.381
67.11,211.144,-70.381
67.115,205.279,-70.381
67.12,193.548,-70.381
67.125,187.683,-70.381
67.13,175.953,-70.381
67.135,164.223,-70.381
67.14,152.493,-70.381
67.145,140.762,-70.381
67.15,129.032,-70.381
67.155,117.302,-70.381
67.16,105.572,-70.381
67.165,87.977,-70.381
67.17,76.246,-70.381
67.175,58.651,-70.381
67.18,41.056,-70.381
67.185,29.326,-70.381
67.19,11.73,-70.381
67.19500000000001,-5.865,-70.381
67.2,-23.46,-70.381
67.205,-35.191,-70.381
67.21000000000001,-46.921,-70.381
67.215,-64.516,-70.381
67.22,-87.977,-70.381
67.225,-105.572,-70.381
67.23,-105.572,-70.381
67.235,-82.111,-70.381
67.24,-46.921,-70.381
67.245,-23.46,-70.381
67.25,-35.191,-70.381
67.255,-70.381,-70.381
67.26,-99.707,-70.381
67.265,-111.437,-70.381
67.27,-123.167,-70.381
67.275,-134.897,-76.246
67.28,-129.032,-76.246
67.285,-117.302,-76.246
67.29,-111.437,-76.246
67.295,-117.302,-76.246
67.3,-117.302,-82.111
67.305,-123.167,-82.111
67.31,-129.032,-82.111
67.315,-123.167,-87.977
67.32000000000001,-111.437,-87.977
67.325,-105.572,-93.842
67.33,-99.707,-93.842
67.33500000000001,-99.707,-99.707
67.34,-93.842,-105.572
67.345,-87.977,-111.437
67.35,-82.111,-117.302
67.355,-82.111,-123.167
67.36,-82.111,-129.032
67.365,-76.246,-129.032
67.37,-76.246,-134.897
67.375,-76.246,-140.762
67.38,-76.246,-146.628
67.385,-70.381,-146.628
67.39,-70.381,-152.493
67.395,-70.381,-158.358
67.4,-70.381,-158.358
67.405,-70.381,-158.358
67.41,-70.381,-158.358
67.415,-70.381,-158.358
67.42,-64.516,-152.493
67.425,-64.516,-158.358
67.43,-64.516,-158.358
67.435,-64.516,-158.358
67.44,-64.516,-164.223
67.44500000000001,-58.651,-164.223
67.45,-58.651,-158.358
67.455,-58.651,-146.628
67.46000000000001,-58.651,-140.762
67.465,-58.651,-134.897
67.47,-58.651,-129.032
67.475,-58.651,-123.167
67.48,-52.786,-111.437
67.485,-52.786,-105.572
67.49,-52.786,-93.842
67.495,-52.786,-82.111
67.5,-52.786,-64.516
67.505,-52.786,-58.651
67.51,-52.786,-52.786
67.515,-58.651,-35.191
67.52,-58.651,5.865
67.525,-58.651,46.921
67.53,-58.651,70.381
67.535,-58.651,87.977
67.54,-58.651,93.842
67.545,-58.651,105.572
67.55,-58.651,117.302
67.555,-58.651,129.032
67.56,-58.651,140.762
67.565,-58.651,158.358
67.57000000000001,-58.651,175.953
67.575,-58.651,193.548
67.58,-58.651,205.279
67.58500000000001,-58.651,222.874
67.59,-58.651,234.604
67.595,-52.786,246.334
67.6,-58.651,263.93
67.605,-58.651,275.66
67.61,-52.786,293.255
67.615,-52.786,304.985
67.62,-58.651,316.715
67.625,-58.651,322.581
67.63,-58.651,328.446
67.635,-64.516,340.176
67.64,-64.516,346.041
67.645,-70.381,351.906
67.65,-70.381,357.771
67.655,-76.246,357.771
67.66,-76.246,363.636
67.665,-82.111,369.501
67.67,-82.111,375.366
67.675,-82.111,375.366
67.68,-82.111,369.501
67.685,-82.111,375.366
67.69,-82.111,369.501
67.69500000000001,-82.111,369.501
67.7,-82.111,363.636
67.705,-82.111,357.771
67.71000000000001,-87.977,351.906
67.715,-87.977,346.041
67.72,-87.977,334.311
67.725,-87.977,322.581
67.73,-93.842,310.85
67.735,-99.707,299.12
67.74,-99.707,287.39
67.745,-111.437,269.795
67.75,-111.437,252.199
67.755,-117.302,234.604
67.76,-123.167,217.009
67.765,-129.032,187.683
67.77,-129.032,164.223
67.775,-129.032,140.762
67.78,-129.032,117.302
67.785,-129.032,87.977
67.79,-134.897,52.786
67.795,-129.032,23.46
67.8,-129.032,-11.73
67.805,-129.032,-52.786
67.81,-129.032,-93.842
67.815,-123.167,-111.437
67.82000000000001,-123.167,-105.572
67.825,-117.302,-70.381
67.83,-111.437,-35.191
67.83500000000001,-111.437,-11.73
67.84,-105.572,-23.46
67.845,-111.437,-41.056
67.85,-111.437,-76.246
67.855,-117.302,-117.302
67.86,-117.302,-158.358
67.865,-117.302,-164.223
67.87,-111.437,-140.762
67.875,-111.437,-117.302
67.88,-105.572,-105.572
67.885,-99.707,-105.572
67.89,-99.707,-117.302
67.895,-99.707,-129.032
67.9,-93.842,-123.167
67.905,-87.977,-117.302
67.91,-76.246,-111.437
67.915,-64.516,-105.572
67.92,-52.786,-111.437
67.925,-41.056,-117.302
67.93,-23.46,-117.302
67.935,-0.0,-111.437
67.94,23.46,-105.572
67.94500000000001,46.921,-105.572
67.95,58.651,-99.707
67.955,70.381,-99.707
67.96000000000001,76.246,-93.842
67.965,87.977,-93.842
67.97,99.707,-93.842
67.975,111.437,-99.707
67.98,129.032,-93.842
67.985,146.628,-93.842
67.99,164.223,-93.842
67.995,175.953,-93.842
68.0,187.683,-93.842
68.005,193.548,-93.842
68.01,205.279,-87.977
68.015,211.144,-82.111
68.02,222.874,-82.111
68.025,228.739,-76.246
68.03,240.469,-70.381
68.035,240.469,-64.516
68.04,246.334,-64.516
68.045,258.064,-64.516
68.05,258.064,-64.516
68.055,263.93,-58.651
68.06,269.795,-58.651
68.065,269.795,-58.651
68.07000000000001,275.66,-58.651
68.075,275.66,-58.651
68.08,275.66,-58.651
68.08500000000001,281.525,-58.651
68.09,281.525,-58.651
68.095,287.39,-58.651
68.1,287.39,-52.786
68.105,293.255,-58.651
68.11,293.255,-52.786
68.115,293.255,-52.786
68.12,293.255,-52.786
68.125,293.255,-52.786
68.13,287.39,-52.786
68.135,281.525,-52.786
68.14,281.525,-52.786
68.145,275.66,-52.786
68.15,269.795,-52.786
68.155,263.93,-52.786
68.16,258.064,-52.786
68.165,252.199,-52.786
68.17,240.469,-52.786
68.175,228.739,-52.786
68.18,217.009,-52.786
68.185,205.279,-52.786
68.19,187.683,-52.786
68.19500000000001,175.953,-52.786
68.2,158.358,-52.786
68.205,146.628,-52.786
68.21000000000001,129.032,-52.786
68.215,111.437,-58.651
68.22,93.842,-58.651
68.225,76.246,-58.651
68.23,58.651,-58.651
68.235,41.056,-58.651
68.24,23.46,-58.651
68.245,5.865,-58.651
68.25,-11.73,-58.651
68.255,-29.326,-64.516
68.26,-52.786,-64.516
68.265,-76.246,-64.516
68.27,-87.977,-64.516
68.275,-82.111,-64.516
68.28,-58.651,-64.516
68.285,-41.056,-70.381
68.29,-41.056,-70.381
68.295,-64.516,-70.381
68.3,-82.111,-70.381
68.305,-93.842,-70.381
68.31,-105.572,-70.381
68.315,-111.437,-70.381
68.32000000000001,-105.572,-70.381
68.325,-99.707,-70.381
68.33,-99.707,-76.246
68.33500000000001,-105.572,-76.246
68.34,-105.572,-76.246
68.345,-105.572,-76.246
68.35000000000001,-99.707,-82.111
68.355,-93.842,-82.111
68.36,-87.977,-87.977
68.365,-87.977,-87.977
68.37,-82.111,-87.977
68.375,-76.246,-93.842
68.38,-76.246,-105.572
68.385,-70.381,-111.437
68.39,-64.516,-117.302
68.395,-64.516,-123.167
68.4,-58.651,-129.032
68.405,-58.651,-140.762
68.41,-58.651,-146.628
68.415,-52.786,-152.493
68.42,-52.786,-158.358
68.425,-52.786,-164.223
68.43,-58.651,-170.088
68.435,-58.651,-175.953
68.44,-58.651,-175.953
68.44500000000001,-58.651,-170.088
68.45,-58.651,-170.088
68.455,-58.651,-164.223
68.46000000000001,-64.516,-164.223
68.465,-64.516,-158.358
68.47,-64.516,-164.223
68.47500000000001,-64.516,-170.088
68.48,-64.516,-170.088
68.485,-64.516,-158.358
68.49,-64.516,-140.762
68.495,-64.516,-123.167
68.5,-64.516,-111.437
68.505,-64.516,-105.572
68.51,-64.516,-105.572
68.515,-58.651,-99.707
68.52,-58.651,-93.842
68.525,-58.651,-87.977
68.53,-58.651,-70.381
68.535,-58.651,-46.921
68.54,-58.651,-41.056
68.545,-58.651,-41.056
68.55,-58.651,-5.865
68.555,-52.786,41.056
68.56,-58.651,82.111
68.565,-58.651,99.707
68.57000000000001,-52.786,105.572
68.575,-58.651,117.302
68.58,-58.651,123.167
68.58500000000001,-58.651,129.032
68.59,-58.651,140.762
68.595,-58.651,164.223
68.60000000000001,-58.651,187.683
68.605,-58.651,205.279
68.61,-58.651,222.874
68.615,-64.516,240.469
68.62,-64.516,252.199
68.625,-64.516,269.795
68.63,-64.516,287.39
68.635,-64.516,299.12
68.64,-64.516,310.85
68.645,-64.516,322.581
68.65,-70.381,328.446
68.655,-70.381,340.176
68.66,-70.381,346.041
68.665,-70.381,357.771
68.67,-70.381,363.636
68.675,-70.381,369.501
68.68,-70.381,369.501
68.685,-76.246,375.366
68.69,-76.246,381.232
68.69500000000001,-76.246,381.232
68.7,-76.246,387.097
68.705,-76.246,387.097
68.71000000000001,-76.246,387.097
68.715,-76.246,387.097
68.72,-76.246,387.097
68.72500000000001,-76.246,381.232
68.73,-76.246,375.366
68.735,-70.381,363.636
68.74,-70.381,357.771
68.745,-70.381,340.176
68.75,-70.381,328.446
68.755,-76.246,310.85
68.76,-76.246,299.12
68.765,-76.246,281.525
68.77,-76.246,258.064
68.775,-82.111,234.604
68.78,-82.111,217.009
68.785,-82.111,187.683
68.79,-87.977,164.223
68.795,-93.842,140.762
68.8,-93.842,111.437
68.805,-99.707,82.111
68.81,-105.572,58.651
68.815,-117.302,29.326
68.82000000000001,-123.167,5.865
68.825,-129.032,-17.595
68.83,-134.897,-46.921
68.83500000000001,-134.897,-70.381
68.84,-134.897,-87.977
68.845,-134.897,-105.572
68.85000000000001,-134.897,-111.437
68.855,-134.897,-117.302
68.86,-129.032,-111.437
68.865,-129.032,-93.842
68.87,-129.032,-52.786
68.875,-123.167,5.865
68.88,-123.167,41.056
68.885,-117.302,23.46
68.89,-105.572,-23.46
68.895,-99.707,-64.516
68.9,-87.977,-111.437
68.905,-87.977,-158.358
68.91,-87.977,-175.953
68.915,-93.842,-158.358
68.92,-99.707,-134.897
68.925,-99.707,-117.302
68.93,-93.842,-111.437
68.935,-87.977,-123.167
68.94,-87.977,-134.897
68.94500000000001,-82.111,-123.167
68.95,-76.246,-111.437
68.955,-70.381,-99.707
68.96000000000001,-70.381,-93.842
68.965,-58.651,-93.842
68.97,-52.786,-87.977
68.97500000000001,-41.056,-87.977
68.98,-23.46,-87.977
68.985,-5.865,-87.977
68.99,11.73,-87.977
68.995,23.46,-87.977
69.0,35.191,-87.977
69.005,41.056,-82.111
69.01,52.786,-82.111
69.015,58.651,-82.111
69.02,70.381,-76.246
69.025,76.246,-70.381
69.03,87.977,-70.381
69.035,93.842,-64.516
69.04,105.572,-64.516
69.045,117.302,-64.516
69.05,129.032,-64.516
69.055,140.762,-64.516
69.06,146.628,-64.516
69.065,158.358,-64.516
69.07000000000001,170.088,-58.651
69.075,175.953,-58.651
69.08,181.818,-58.651
69.08500000000001,187.683,-58.651
69.09,193.548,-52.786
69.095,199.413,-52.786
69.10000000000001,205.279,-52.786
69.105,211.144,-46.921
69.11,217.009,-46.921
69.115,217.009,-46.921
69.12,222.874,-46.921
69.125,228.739,-41.056
69.13,228.739,-41.056
69.135,234.604,-41.056
69.14,228.739,-41.056
69.145,234.604,-41.056
69.15,228.739,-41.056
69.155,228.739,-35.191
69.16,228.739,-41.056
69.165,228.739,-41.056
69.17,228.739,-41.056
69.175,228.739,-35.191
69.18,228.739,-41.056
69.185,228.739,-41.056
69.19,228.739,-41.056
69.19500000000001,228.739,-41.056
69.2,228.739,-41.056
69.205,228.739,-41.056
69.21000000000001,222.874,-41.056
69.215,222.874,-41.056
69.22,222.874,-41.056
69.22500000000001,222.874,-41.056
69.23,217.009,-41.056
69.235,217.009,-46.921
69.24,217.009,-46.921
69.245,211.144,-46.921
69.25,211.144,-46.921
69.255,205.279,-46.921
69.26,199.413,-46.921
69.265,199.413,-52.786
69.27,193.548,-52.786
69.275,181.818,-52.786
69.28,175.953,-52.786
69.285,164.223,-52.786
69.29,158.358,-52.786
69.295,146.628,-52.786
69.3,134.897,-58.651
69.305,123.167,-58.651
69.31,111.437,-58.651
69.315,99.707,-58.651
69.32000000000001,87.977,-58.651
69.325,70.381,-58.651
69.33,58.651,-64.516
69.33500000000001,41.056,-64.516
69.34,29.326,-64.516
69.345,11.73,-64.516
69.35000000000001,-5.865,-64.516
69.355,-29.326,-64.516
69.36,-52.786,-64.516
69.365,-70.381,-64.516
69.37,-87.977,-64.516
69.375,-87.977,-64.516
69.38,-70.381,-64.516
69.385,-35.191,-64.516
69.39,-11.73,-64.516
69.395,-23.46,-64.516
69.4,-52.786,-64.516
69.405,-76.246,-64.516
69.41,-93.842,-64.516
69.415,-105.572,-64.516
69.42,-111.437,-70.381
69.425,-111.437,-70.381
69.43,-111.437,-70.381
69.435,-105.572,-70.381
69.44,-99.707,-76.246
69.44500000000001,-99.707,-76.246
69.45,-105.572,-76.246
69.455,-111.437,-76.246
69.46000000000001,-105.572,-76.246
69.465,-99.707,-82.111
69.47,-93.842,-82.111
69.47500000000001,-87.977,-87.977
69.48,-82.111,-87.977
69.485,-76.246,-93.842
69.49,-70.381,-99.707
69.495,-64.516,-111.437
69.5,-58.651,-117.302
69.505,-58.651,-123.167
69.51,-52.786,-129.032
69.515,-52.786,-140.762
69.52,-46.921,-146.628
69.525,-46.921,-158.358
69.53,-46.921,-164.223
69.535,-46.921,-170.088
69.54,-46.921,-175.953
69.545,-46.921,-181.818
69.55,-46.921,-181.818
69.555,-46.921,-187.683
69.56,-52.786,-187.683
69.565,-52.786,-187.683
69.57000000000001,-46.921,-181.818
69.575,-52.786,-175.953
69.58,-52.786,-175.953
69.58500000000001,-52.786,-170.088
69.59,-52.786,-170.088
69.595,-52.786,-170.088
69.60000000000001,-52.786,-164.223
69.605,-52.786,-152.493
69.61,-52.786,-134.897
69.615,-58.651,-117.302
69.62,-58.651,-111.437
69.625,-58.651,-111.437
69.63,-58.651,-111.437
69.635,-58.651,-99.707
69.64,-58.651,-87.977
69.645,-64.516,-70.381
69.65,-64.516,-52.786
69.655,-64.516,-41.056
69.66,-64.516,-29.326
69.665,-70.381,5.865
69.67,-70.381,52.786
69.675,-70.381,93.842
69.68,-70.381,117.302
69.685,-70.381,123.167
69.69,-70.381,129.032
69.69500000000001,-70.381,140.762
69.7,-70.381,152.493
69.705,-70.381,164.223
69.71000000000001,-70.381,175.953
69.715,-70.381,199.413
69.72,-64.516,222.874
69.72500000000001,-64.516,240.469
69.73,-70.381,258.064
69.735,-70.381,275.66
69.74,-70.381,293.255
69.745,-70.381,304.985
69.75,-70.381,322.581
69.755,-70.381,334.311
69.76,-70.381,351.906
69.765,-76.246,357.771
69.77,-76.246,363.636
69.775,-76.246,375.366
69.78,-82.111,381.232
69.785,-82.111,387.097
69.79,-82.111,392.962
69.795,-87.977,398.827
69.8,-87.977,404.692
69.805,-87.977,404.692
69.81,-87.977,404.692
69.815,-87.977,404.692
69.82000000000001,-93.842,404.692
69.825,-87.977,404.692
69.83,-87.977,404.692
69.83500000000001,-87.977,398.827
69.84,-87.977,392.962
69.845,-87.977,381.232
69.85000000000001,-87.977,363.636
69.855,-87.977,351.906
69.86,-87.977,328.446
69.865,-87.977,310.85
69.87,-93.842,287.39
69.875,-93.842,269.795
69.88,-99.707,252.199
69.885,-99.707,222.874
69.89,-105.572,193.548
69.895,-111.437,164.223
69.9,-117.302,134.897
69.905,-123.167,105.572
69.91,-123.167,76.246
69.915,-129.032,46.921
69.92,-129.032,17.595
69.925,-129.032,-11.73
69.93,-134.897,-46.921
69.935,-129.032,-82.111
69.94,-129.032,-111.437
69.94500000000001,-129.032,-117.302
69.95,-123.167,-99.707
69.955,-117.302,-46.921
69.96000000000001,-111.437,11.73
69.965,-105.572,29.326
69.97,-99.707,-5.865
69.97500000000001,-93.842,-41.056
69.98,-87.977,-93.842
69.985,-82.111,-146.628
69.99,-87.977,-187.683
69.995,-87.977,-187.683
70.0,-87.977,-152.493
70.005,-93.842,-129.032
70.01,-93.842,-123.167
70.015,-87.977,-129.032
70.02,-87.977,-140.762
70.025,-87.977,-146.628
70.03,-87.977,-129.032
70.035,-82.111,-111.437
70.04,-76.246,-111.437
70.045,-76.246,-105.572
70.05,-64.516,-105.572
70.055,-58.651,-105.572
70.06,-52.786,-105.572
70.065,-35.191,-99.707
70.07000000000001,-23.46,-93.842
70.075,-5.865,-93.842
70.08,11.73,-93.842
70.08500000000001,23.46,-87.977
70.09,35.191,-82.111
70.095,41.056,-82.111
70.10000000000001,46.921,-82.111
70.105,52.786,-76.246
70.11,64.516,-70.381
70.115,70.381,-76.246
70.12,82.111,-76.246
70.125,93.842,-82.111
70.13,105.572,-82.111
70.135,117.302,-82.111
70.14,129.032,-76.246
70.145,140.762,-76.246
70.15,146.628,-76.246
70.155,152.493,-76.246
70.16,164.223,-70.381
70.165,170.088,-70.381
70.17,175.953,-64.516
70.175,181.818,-64.516
70.18,187.683,-64.516
70.185,193.548,-58.651
70.19,199.413,-58.651
70.19500000000001,205.279,-58.651
70.2,211.144,-52.786
70.205,217.009,-58.651
70.21000000000001,222.874,-52.786
70.215,222.874,-58.651
70.22,228.739,-58.651
70.22500000000001,228.739,-58.651
70.23,228.739,-52.786
70.235,234.604,-52.786
70.24,240.469,-58.651
70.245,240.469,-58.651
70.25,246.334,-58.651
70.255,252.199,-52.786
70.26,252.199,-52.786
70.265,258.064,-52.786
70.27,258.064,-52.786
70.275,258.064,-52.786
70.28,258.064,-52.786
70.285,258.064,-52.786
70.29,258.064,-52.786
70.295,258.064,-52.786
70.3,258.064,-52.786
70.305,258.064,-52.786
70.31,252.199,-46.921
70.315,246.334,-46.921
70.32000000000001,246.334,-46.921
70.325,240.469,-46.921
70.33,234.604,-46.921
70.33500000000001,228.739,-46.921
70.34,217.009,-46.921
70.345,211.144,-52.786
70.35000000000001,205.279,-52.786
70.355,193.548,-52.786
70.36,181.818,-52.786
70.365,170.088,-52.786
70.37,152.493,-52.786
70.375,134.897,-52.786
70.38,117.302,-52.786
70.385,99.707,-58.651
70.39,82.111,-58.651
70.395,64.516,-58.651
70.4,41.056,-64.516
70.405,29.326,-58.651
70.41,11.73,-64.516
70.415,-11.73,-64.516
70.42,-41.056,-64.516
70.425,-64.516,-64.516
70.43,-87.977,-64.516
70.435,-105.572,-70.381
70.44,-93.842,-70.381
70.44500000000001,-64.516,-70.381
70.45,-52.786,-70.381
70.455,-58.651,-70.381
70.46000000000001,-82.111,-70.381
70.465,-105.572,-76.246
70.47,-117.302,-76.246
70.47500000000001,-129.032,-76.246
70.48,-134.897,-76.246
70.485,-134.897,-82.111
70.49,-123.167,-82.111
70.495,-123.167,-82.111
70.5,-117.302,-82.111
70.505,-117.302,-87.977
70.51,-117.302,-87.977
70.515,-117.302,-93.842
70.52,-111.437,-93.842
70.525,-99.707,-99.707
70.53,-93.842,-105.572
70.535,-93.842,-105.572
70.54,-82.111,-111.437
70.545,-82.111,-117.302
70.55,-76.246,-129.032
70.555,-70.381,-140.762
70.56,-70.381,-146.628
70.565,-64.516,-152.493
70.57000000000001,-64.516,-158.358
70.575,-64.516,-164.223
70.58,-64.516,-170.088
70.58500000000001,-58.651,-175.953
70.59,-58.651,-175.953
70.595,-64.516,-181.818
70.60000000000001,-64.516,-181.818
70.605,-64.516,-187.683
70.61,-64.516,-187.683
70.615,-64.516,-181.818
70.62,-64.516,-181.818
70.625,-64.516,-175.953
70.63,-64.516,-170.088
70.635,-64.516,-170.088
70.64,-64.516,-170.088
70.645,-64.516,-170.088
70.65,-64.516,-164.223
70.655,-64.516,-152.493
70.66,-64.516,-134.897
70.665,-64.516,-117.302
70.67,-64.516,-99.707
70.675,-64.516,-87.977
70.68,-64.516,-82.111
70.685,-64.516,-87.977
70.69,-64.516,-87.977
70.69500000000001,-64.516,-82.111
70.7,-64.516,-64.516
70.705,-64.516,-41.056
70.71000000000001,-70.381,-17.595
70.715,-70.381,0.0
70.72,-70.381,23.46
70.72500000000001,-70.381,64.516
70.73,-70.381,111.437
70.735,-70.381,140.762
70.74,-76.246,146.628
70.745,-76.246,152.493
70.75,-76.246,158.358
70.755,-70.381,164.223
70.76,-70.381,175.953
70.765,-70.381,193.548
70.77,-70.381,211.144
70.775,-70.381,228.739
70.78,-76.246,252.199
70.785,-76.246,269.795
70.79,-76.246,281.525
70.795,-70.381,299.12
70.8,-76.246,316.715
70.805,-70.381,328.446
70.81,-70.381,346.041
70.815,-70.381,357.771
70.82000000000001,-70.381,363.636
70.825,-76.246,369.501
70.83,-76.246,375.366
70.83500000000001,-76.246,387.097
70.84,-76.246,392.962
70.845,-76.246,398.827
70.85000000000001,-76.246,404.692
70.855,-82.111,404.692
70.86,-82.111,404.692
70.865,-82.111,404.692
70.87,-87.977,404.692
70.875,-87.977,410.557
70.88,-87.977,404.692
70.885,-87.977,398.827
70.89,-93.842,392.962
70.895,-93.842,381.232
70.9,-93.842,363.636
70.905,-93.842,351.906
70.91,-93.842,334.311
70.915,-99.707,316.715
70.92,-99.707,299.12
70.925,-99.707,275.66
70.93,-105.572,252.199
70.935,-105.572,234.604
70.94,-105.572,205.279
70.94500000000001,-105.572,181.818
70.95,-111.437,152.493
70.955,-111.437,123.167
70.96000000000001,-111.437,93.842
70.965,-111.437,64.516
70.97,-111.437,35.191
70.97500000000001,-111.437,5.865
70.98,-111.437,-29.326
70.985,-111.437,-58.651
70.99,-111.437,-82.111
70.995,-111.437,-105.572
71.0,-105.572,-123.167
71.005,-105.572,-134.897
71.01,-105.572,-117.302
71.015,-99.707,-70.381
71.02,-99.707,-17.595
71.025,-93.842,17.595
71.03,-87.977,5.865
71.035,-87.977,-23.46
71.04,-93.842,-64.516
71.045,-99.707,-117.302
71.05,-105.572,-158.358
71.055,-111.437,-175.953
71.06,-111.437,-158.358
71.065,-105.572,-134.897
71.07000000000001,-99.707,-117.302
71.075,-93.842,-111.437
71.08,-87.977,-117.302
71.08500000000001,-82.111,-129.032
71.09,-76.246,-134.897
71.095,-76.246,-129.032
71.10000000000001,-64.516,-117.302
71.105,-52.786,-105.572
71.11,-41.056,-105.572
71.115,-17.595,-105.572
71.12,-0.0,-111.437
71.125,11.73,-111.437
71.13,29.326,-105.572
71.135,41.056,-105.572
71.14,52.786,-105.572
71.145,64.516,-99.707
71.15,76.246,-99.707
71.155,87.977,-99.707
71.16,93.842,-93.842
71.165,105.572,-87.977
71.17,123.167,-76.246
71.175,129.032,-76.246
71.18,140.762,-76.246
71.185,152.493,-76.246
71.19,164.223,-76.246
71.19500000000001,175.953,-82.111
71.2,181.818,-82.111
71.205,193.548,-82.111
71.21000000000001,199.413,-76.246
71.215,205.279,-76.246
71.22,211.144,-76.246
71.22500000000001,217.009,-70.381
71.23,222.874,-70.381
71.235,228.739,-70.381
71.24,234.604,-64.516
71.245,240.469,-64.516
71.25,240.469,-58.651
71.255,240.469,-58.651
71.26,240.469,-58.651
71.265,240.469,-58.651
71.27,246.334,-58.651
71.275,246.334,-52.786
71.28,246.334,-58.651
71.285,246.334,-58.651
71.29,246.334,-58.651
71.295,246.334,-58.651
71.3,246.334,-58.651
71.305,246.334,-58.651
71.31,240.469,-58.651
71.315,240.469,-58.651
71.32000000000001,240.469,-58.651
71.325,240.469,-58.651
71.33,234.604,-58.651
71.33500000000001,234.604,-58.651
71.34,234.604,-58.651
71.345,234.604,-58.651
71.35000000000001,228.739,-58.651
71.355,228.739,-58.651
71.36,228.739,-58.651
71.365,222.874,-58.651
71.37,217.009,-58.651
71.375,211.144,-58.651
71.38,211.144,-58.651
71.385,199.413,-58.651
71.39,193.548,-58.651
71.395,187.683,-58.651
71.4,175.953,-58.651
71.405,170.088,-58.651
71.41,158.358,-58.651
71.415,146.628,-58.651
71.42,134.897,-58.651
71.425,123.167,-58.651
71.43,111.437,-58.651
71.435,93.842,-58.651
71.44,82.111,-58.651
71.44500000000001,58.651,-58.651
71.45,41.056,-58.651
71.455,23.46,-58.651
71.46000000000001,-0.0,-58.651
71.465,-23.46,-58.651
71.47,-46.921,-58.651
71.47500000000001,-76.246,-64.516
71.48,-99.707,-64.516
71.485,-105.572,-64.516
71.49,-93.842,-70.381
71.495,-70.381,-64.516
71.5,-64.516,-70.381
71.505,-70.381,-70.381
71.51,-87.977,-70.381
71.515,-105.572,-70.381
71.52,-117.302,-70.381
71.525,-129.032,-70.381
71.53,-129.032,-76.246
71.535,-123.167,-76.246
71.54,-123.167,-82.111
71.545,-117.302,-82.111
71.55,-117.302,-82.111
71.555,-117.302,-82.111
71.56,-111.437,-82.111
71.565,-105.572,-87.977
71.57000000000001,-99.707,-93.842
71.575,-93.842,-93.842
71.58,-87.977,-99.707
71.58500000000001,-82.111,-99.707
71.59,-82.111,-111.437
71.595,-76.246,-117.302
71.60000000000001,-70.381,-123.167
71.605,-70.381,-129.032
71.61,-64.516,-140.762
71.615,-64.516,-140.762
71.62,-64.516,-152.493
71.625,-58.651,-158.358
71.63,-58.651,-164.223
71.635,-58.651,-170.088
71.64,-58.651,-170.088
71.645,-58.651,-175.953
71.65,-58.651,-181.818
71.655,-58.651,-175.953
71.66,-58.651,-175.953
71.665,-58.651,-175.953
71.67,-58.651,-175.953
71.675,-58.651,-170.088
71.68,-58.651,-170.088
71.685,-64.516,-170.088
71.69,-64.516,-170.088
71.69500000000001,-64.516,-164.223
71.7,-64.516,-158.358
71.705,-64.516,-140.762
71.71000000000001,-64.516,-123.167
71.715,-64.516,-105.572
71.72,-64.516,-93.842
71.72500000000001,-70.381,-87.977
71.73,-70.381,-93.842
71.735,-70.381,-87.977
71.74,-70.381,-82.111
71.745,-70.381,-70.381
71.75,-70.381,-46.921
71.755,-70.381,-29.326
71.76,-70.381,-11.73
71.765,-70.381,17.595
71.77,-76.246,64.516
71.775,-76.246,105.572
71.78,-76.246,129.032
71.785,-76.246,134.897
71.79,-76.246,140.762
71.795,-76.246,152.493
71.8,-76.246,158.358
71.805,-76.246,170.088
71.81,-76.246,187.683
71.815,-76.246,205.279
71.82000000000001,-76.246,222.874
71.825,-76.246,246.334
71.83,-76.246,263.93
71.83500000000001,-70.381,275.66
71.84,-76.246,293.255
71.845,-70.381,310.85
71.85000000000001,-70.381,322.581
71.855,-76.246,340.176
71.86,-76.246,351.906
71.865,-70.381,363.636
71.87,-70.381,369.501
71.875,-76.246,375.366
71.88,-76.246,387.097
71.885,-76.246,392.962
71.89,-76.246,398.827
71.895,-76.246,404.692
71.9,-76.246,404.692
71.905,-76.246,404.692
71.91,-82.111,404.692
71.915,-82.111,404.692
71.92,-82.111,404.692
71.925,-82.111,404.692
71.93,-87.977,404.692
71.935,-87.977,404.692
71.94,-93.842,392.962
71.94500000000001,-93.842,381.232
71.95,-99.707,363.636
71.955,-105.572,346.041
71.96000000000001,-105.572,322.581
71.965,-111.437,304.985
71.97,-111.437,281.525
71.97500000000001,-117.302,258.064
71.98,-117.302,234.604
71.985,-123.167,211.144
71.99,-123.167,181.818
71.995,-129.032,152.493
72.0,-129.032,123.167
72.005,-129.032,93.842
72.01,-129.032,58.651
72.015,-129.032,29.326
72.02,-129.032,-5.865
72.025,-129.032,-41.056
72.03,-129.032,-76.246
72.035,-129.032,-105.572
72.04,-123.167,-123.167
72.045,-117.302,-123.167
72.05,-111.437,-87.977
72.055,-99.707,-29.326
72.06,-99.707,5.865
72.065,-105.572,0.0
72.07000000000001,-111.437,-41.056
72.075,-117.302,-76.246
72.08,-117.302,-117.302
72.08500000000001,-111.437,-152.493
72.09,-111.437,-170.088
72.095,-105.572,-158.358
72.10000000000001,-105.572,-129.032
72.105,-99.707,-111.437
72.11,-93.842,-99.707
72.115,-87.977,-105.572
72.12,-82.111,-111.437
72.125,-70.381,-117.302
72.13,-58.651,-117.302
72.135,-41.056,-117.302
72.14,-29.326,-117.302
72.145,-11.73,-111.437
72.15,5.865,-111.437
72.155,29.326,-111.437
72.16,46.921,-117.302
72.165,64.516,-117.302
72.17,76.246,-111.437
72.175,82.111,-111.437
72.18,87.977,-105.572
72.185,99.707,-99.707
72.19,105.572,-99.707
72.19500000000001,117.302,-93.842
72.2,129.032,-93.842
72.205,140.762,-93.842
72.21000000000001,152.493,-93.842
72.215,164.223,-93.842
72.22,175.953,-93.842
72.22500000000001,187.683,-93.842
72.23,199.413,-93.842
72.235,205.279,-93.842
72.24,217.009,-93.842
72.245,222.874,-87.977
72.25,228.739,-87.977
72.255,234.604,-87.977
72.26,240.469,-82.111
72.265,246.334,-82.111
72.27,252.199,-82.111
72.275,263.93,-76.246
72.28,263.93,-70.381
72.285,263.93,-70.381
72.29,269.795,-64.516
72.295,269.795,-64.516
72.3,269.795,-64.516
72.305,275.66,-64.516
72.31,275.66,-64.516
72.315,275.66,-64.516
72.32000000000001,281.525,-64.516
72.325,281.525,-64.516
72.33,281.525,-64.516
72.33500000000001,281.525,-70.381
72.34,281.525,-70.381
72.345,275.66,-64.516
72.35000000000001,275.66,-64.516
72.355,275.66,-64.516
72.36,269.795,-64.516
72.365,269.795,-64.516
72.37,263.93,-64.516
72.375,263.93,-64.516
72.38,258.064,-64.516
72.385,252.199,-64.516
72.39,246.334,-64.516
72.395,240.469,-64.516
72.4,234.604,-64.516
72.405,222.874,-64.516
72.41,217.009,-64.516
72.415,205.279,-64.516
72.42,193.548,-64.516
72.425,181.818,-64.516
72.43,170.088,-64.516
72.435,152.493,-64.516
72.44,134.897,-64.516
72.44500000000001,117.302,-64.516
72.45,99.707,-64.516
72.455,76.246,-64.516
72.46000000000001,52.786,-64.516
72.465,29.326,-64.516
72.47,11.73,-64.516
72.47500000000001,-5.865,-64.516
72.48,-29.326,-64.516
72.485,-52.786,-64.516
72.49,-82.111,-64.516
72.495,-105.572,-64.516
72.5,-123.167,-64.516
72.505,-123.167,-64.516
72.51,-93.842,-70.381
72.515,-52.786,-70.381
72.52,-41.056,-70.381
72.525,-58.651,-70.381
72.53,-87.977,-70.381
72.535,-105.572,-70.381
72.54,-117.302,-70.381
72.545,-129.032,-70.381
72.55,-140.762,-76.246
72.555,-134.897,-76.246
72.56,-123.167,-76.246
72.565,-117.302,-76.246
72.57000000000001,-123.167,-82.111
72.575,-123.167,-82.111
72.58,-123.167,-87.977
72.58500000000001,-123.167,-87.977
72.59,-117.302,-87.977
72.595,-111.437,-93.842
72.60000000000001,-105.572,-99.707
72.605,-105.572,-105.572
72.61,-99.707,-105.572
72.615,-93.842,-111.437
72.62,-87.977,-117.302
72.625,-82.111,-129.032
72.63,-82.111,-134.897
72.635,-76.246,-140.762
72.64,-70.381,-140.762
72.645,-70.381,-146.628
72.65,-70.381,-152.493
72.655,-64.516,-158.358
72.66,-64.516,-164.223
72.665,-58.651,-170.088
72.67,-58.651,-170.088
72.675,-58.651,-164.223
72.68,-52.786,-164.223
72.685,-58.651,-164.223
72.69,-58.651,-158.358
72.69500000000001,-52.786,-152.493
72.7,-58.651,-152.493
72.705,-58.651,-152.493
72.71000000000001,-58.651,-152.493
72.715,-58.651,-152.493
72.72,-58.651,-146.628
72.72500000000001,-58.651,-129.032
72.73,-58.651,-111.437
72.735,-58.651,-93.842
72.74,-58.651,-82.111
72.745,-58.651,-76.246
72.75,-58.651,-76.246
72.755,-58.651,-82.111
72.76,-58.651,-87.977
72.765,-58.651,-82.111
72.77,-58.651,-64.516
72.775,-58.651,-52.786
72.78,-58.651,-29.326
72.785,-64.516,-17.595
72.79,-64.516,-11.73
72.795,-70.381,23.46
72.8,-70.381,82.111
72.805,-70.381,117.302
72.81,-70.381,134.897
72.815,-70.381,134.897
72.82000000000001,-70.381,140.762
72.825,-70.381,146.628
72.83,-70.381,158.358
72.83500000000001,-70.381,170.088
72.84,-70.381,187.683
72.845,-70.381,211.144
72.85000000000001,-70.381,228.739
72.855,-70.381,246.334
72.86,-70.381,263.93
72.865,-70.381,281.525
72.87,-70.381,293.255
72.875,-70.381,304.985
72.88,-64.516,322.581
72.885,-64.516,334.311
72.89,-70.381,340.176
72.895,-70.381,351.906
72.9,-70.381,357.771
72.905,-70.381,369.501
72.91,-76.246,375.366
72.915,-76.246,387.097
72.92,-82.111,392.962
72.925,-82.111,398.827
72.93,-87.977,398.827
72.935,-87.977,398.827
72.94,-87.977,398.827
72.94500000000001,-87.977,404.692
72.95,-87.977,404.692
72.955,-87.977,404.692
72.96000000000001,-87.977,404.692
72.965,-87.977,404.692
72.97,-87.977,398.827
72.97500000000001,-87.977,387.097
72.98,-87.977,375.366
72.985,-93.842,363.636
72.99,-93.842,346.041
72.995,-99.707,334.311
73.0,-99.707,316.715
73.005,-99.707,299.12
73.01,-105.572,275.66
73.015,-111.437,252.199
73.02,-117.302,234.604
73.025,-117.302,211.144
73.03,-123.167,187.683
73.035,-129.032,158.358
73.04,-129.032,129.032
73.045,-134.897,99.707
73.05,-134.897,64.516
73.055,-140.762,29.326
73.06,-140.762,-5.865
73.065,-140.762,-35.191
73.07000000000001,-140.762,-64.516
73.075,-140.762,-93.842
73.08,-134.897,-117.302
73.08500000000001,-134.897,-140.762
73.09,-129.032,-140.762
73.095,-123.167,-117.302
73.10000000000001,-117.302,-64.516
73.105,-105.572,-11.73
73.11,-99.707,11.73
73.115,-99.707,-5.865
73.12,-99.707,-41.056
73.125,-99.707,-82.111
73.13,-105.572,-134.897
73.135,-99.707,-175.953
73.14,-99.707,-175.953
73.145,-93.842,-158.358
73.15,-93.842,-129.032
73.155,-93.842,-117.302
73.16,-87.977,-111.437
73.165,-87.977,-123.167
73.17,-82.111,-129.032
73.175,-76.246,-134.897
73.18,-64.516,-134.897
73.185,-52.786,-134.897
73.19,-46.921,-129.032
73.19500000000001,-35.191,-117.302
73.2,-17.595,-117.302
73.205,5.865,-117.302
73.21000000000001,29.326,-123.167
73.215,41.056,-117.302
73.22,58.651,-117.302
73.22500000000001,64.516,-117.302
73.23,70.381,-117.302
73.235,76.246,-111.437
73.24,82.111,-105.572
73.245,93.842,-99.707
73.25,105.572,-93.842
73.255,117.302,-93.842
73.26,134.897,-93.842
73.265,146.628,-87.977
73.27,158.358,-87.977
73.275,170.088,-93.842
73.28,175.953,-93.842
73.285,187.683,-93.842
73.29,193.548,-87.977
73.295,199.413,-82.111
73.3,205.279,-82.111
73.305,211.144,-82.111
73.31,217.009,-82.111
73.315,222.874,-76.246
73.32000000000001,228.739,-76.246
73.325,234.604,-76.246
73.33,240.469,-70.381
73.33500000000001,246.334,-70.381
73.34,252.199,-70.381
73.345,258.064,-64.516
73.35000000000001,258.064,-64.516
73.355,263.93,-64.516
73.36,263.93,-64.516
73.365,263.93,-58.651
73.37,269.795,-64.516
73.375,269.795,-58.651
73.38,275.66,-64.516
73.385,275.66,-64.516
73.39,275.66,-64.516
73.395,275.66,-64.516
73.4,275.66,-64.516
73.405,275.66,-64.516
73.41,275.66,-64.516
73.415,269.795,-64.516
73.42,269.795,-58.651
73.425,269.795,-64.516
73.43,263.93,-64.516
73.435,263.93,-64.516
73.44,263.93,-58.651
73.44500000000001,258.064,-58.651
73.45,252.199,-58.651
73.455,246.334,-58.651
73.46000000000001,240.469,-58.651
73.465,234.604,-58.651
73.47,222.874,-58.651
73.47500000000001,217.009,-58.651
73.48,205.279,-58.651
73.485,193.548,-58.651
73.49,181.818,-58.651
73.495,170.088,-58.651
73.5,152.493,-58.651
73.505,140.762,-58.651
73.51,123.167,-58.651
73.515,105.572,-58.651
73.52,82.111,-58.651
73.525,64.516,-58.651
73.53,41.056,-58.651
73.535,23.46,-58.651
73.54,-0.0,-58.651
73.545,-29.326,-58.651
73.55,-52.786,-64.516
73.555,-82.111,-64.516
73.56,-105.572,-64.516
73.565,-123.167,-64.516
73.57000000000001,-123.167,-64.516
73.575,-93.842,-64.516
73.58,-64.516,-64.516
73.58500000000001,-52.786,-64.516
73.59,-70.381,-64.516
73.595,-93.842,-64.516
73.60000000000001,-111.437,-64.516
73.605,-117.302,-70.381
73.61,-134.897,-70.381
73.615,-146.628,-70.381
73.62,-140.762,-70.381
73.625,-123.167,-76.246
73.63,-117.302,-76.246
73.635,-117.302,-76.246
73.64,-123.167,-82.111
73.645,-129.032,-82.111
73.65,-129.032,-82.111
73.655,-117.302,-87.977
73.66,-111.437,-87.977
73.665,-105.572,-93.842
73.67,-99.707,-99.707
73.675,-93.842,-99.707
73.68,-87.977,-105.572
73.685,-82.111,-111.437
73.69,-76.246,-123.167
73.69500000000001,-70.381,-129.032
73.7,-64.516,-134.897
73.705,-64.516,-134.897
73.71000000000001,-64.516,-140.762
73.715,-64.516,-146.628
73.72,-58.651,-152.493
73.72500000000001,-58.651,-158.358
73.73,-58.651,-158.358
73.735,-58.651,-164.223
73.74,-58.651,-170.088
73.745,-58.651,-170.088
73.75,-58.651,-170.088
73.755,-58.651,-170.088
73.76,-58.651,-170.088
73.765,-58.651,-164.223
73.77,-58.651,-170.088
73.775,-58.651,-170.088
73.78,-58.651,-175.953
73.785,-58.651,-170.088
73.79,-58.651,-164.223
73.795,-58.651,-146.628
73.8,-64.516,-134.897
73.805,-64.516,-123.167
73.81,-64.516,-111.437
73.815,-64.516,-105.572
73.82000000000001,-64.516,-111.437
73.825,-64.516,-111.437
73.83,-70.381,-105.572
73.83500000000001,-64.516,-93.842
73.84,-70.381,-70.381
73.845,-70.381,-52.786
73.85000000000001,-70.381,-41.056
73.855,-76.246,0.0
73.86,-76.246,41.056
73.865,-76.246,76.246
73.87,-76.246,93.842
73.875,-76.246,99.707
73.88,-76.246,111.437
73.885,-76.246,117.302
73.89,-70.381,129.032
73.895,-70.381,140.762
73.9,-64.516,152.493
73.905,-64.516,175.953
73.91,-58.651,199.413
73.915,-58.651,217.009
73.92,-58.651,234.604
73.925,-52.786,252.199
73.93,-52.786,263.93
73.935,-52.786,281.525
73.94,-52.786,293.255
73.94500000000001,-52.786,310.85
73.95,-58.651,322.581
73.955,-58.651,334.311
73.96000000000001,-58.651,340.176
73.965,-64.516,351.906
73.97,-64.516,357.771
73.97500000000001,-64.516,369.501
73.98,-70.381,375.366
73.985,-76.246,381.232
73.99,-76.246,387.097
73.995,-76.246,392.962
74.0,-82.111,392.962
74.005,-82.111,398.827
74.01,-82.111,398.827
74.015,-82.111,404.692
74.02,-82.111,404.692
74.025,-82.111,404.692
74.03,-87.977,404.692
74.035,-87.977,404.692
74.04,-87.977,404.692
74.045,-87.977,398.827
74.05,-87.977,392.962
74.055,-87.977,381.232
74.06,-93.842,369.501
74.065,-93.842,357.771
74.07000000000001,-99.707,334.311
74.075,-99.707,316.715
74.08,-105.572,293.255
74.08500000000001,-105.572,269.795
74.09,-111.437,246.334
74.095,-117.302,222.874
74.10000000000001,-117.302,193.548
74.105,-117.302,164.223
74.11,-117.302,134.897
74.115,-123.167,93.842
74.12,-123.167,58.651
74.125,-123.167,17.595
74.13,-129.032,-29.326
74.135,-123.167,-70.381
74.14,-123.167,-105.572
74.145,-123.167,-134.897
74.15,-117.302,-134.897
74.155,-111.437,-99.707
74.16,-105.572,-29.326
74.165,-99.707,23.46
74.17,-93.842,11.73
74.175,-93.842,-29.326
74.18,-93.842,-70.381
74.185,-93.842,-134.897
74.19,-93.842,-181.818
74.19500000000001,-93.842,-199.413
74.2,-93.842,-175.953
74.205,-93.842,-146.628
74.21000000000001,-87.977,-123.167
74.215,-87.977,-123.167
74.22,-82.111,-140.762
74.22500000000001,-82.111,-152.493
74.23,-76.246,-152.493
74.235,-70.381,-146.628
74.24,-64.516,-134.897
74.245,-58.651,-129.032
74.25,-46.921,-129.032
74.255,-29.326,-123.167
74.26,-11.73,-123.167
74.265,5.865,-123.167
74.27,11.73,-117.302
74.275,23.46,-117.302
74.28,29.326,-111.437
74.285,35.191,-105.572
74.29,41.056,-99.707
74.295,46.921,-99.707
74.3,52.786,-93.842
74.305,64.516,-87.977
74.31,76.246,-87.977
74.315,82.111,-87.977
74.32000000000001,93.842,-82.111
74.325,99.707,-82.111
74.33,111.437,-82.111
74.33500000000001,123.167,-82.111
74.34,129.032,-76.246
74.345,140.762,-70.381
74.35000000000001,146.628,-70.381
74.355,152.493,-70.381
74.36,158.358,-64.516
74.365,170.088,-64.516
74.37,175.953,-64.516
74.375,181.818,-58.651
74.38,187.683,-52.786
74.385,193.548,-46.921
74.39,199.413,-46.921
74.395,205.279,-46.921
74.4,211.144,-41.056
74.405,211.144,-41.056
74.41,217.009,-41.056
74.415,222.874,-41.056
74.42,222.874,-41.056
74.425,222.874,-41.056
74.43,222.874,-41.056
74.435,222.874,-41.056
74.44,228.739,-41.056
74.44500000000001,228.739,-41.056
74.45,228.739,-41.056
74.455,228.739,-41.056
74.46000000000001,228.739,-41.056
74.465,234.604,-41.056
74.47,234.604,-41.056
74.47500000000001,234.604,-41.056
74.48,234.604,-41.056
74.485,234.604,-41.056
74.49,234.604,-41.056
74.495,234.604,-41.056
74.5,234.604,-41.056
74.505,234.604,-41.056
74.51,234.604,-41.056
74.515,234.604,-41.056
74.52,228.739,-41.056
74.525,228.739,-41.056
74.53,222.874,-41.056
74.535,222.874,-41.056
74.54,222.874,-41.056
74.545,217.009,-41.056
74.55,211.144,-41.056
74.555,205.279,-41.056
74.56,199.413,-41.056
74.565,193.548,-41.056
74.57000000000001,187.683,-41.056
74.575,175.953,-41.056
74.58,170.088,-41.056
74.58500000000001,158.358,-41.056
74.59,146.628,-41.056
74.595,134.897,-41.056
74.60000000000001,123.167,-46.921
74.605,111.437,-46.921
74.61,93.842,-46.921
74.615,82.111,-46.921
74.62,70.381,-46.921
74.625,52.786,-52.786
74.63,41.056,-52.786
74.635,23.46,-52.786
74.64,11.73,-52.786
74.645,-0.0,-58.651
74.65,-11.73,-58.651
74.655,-29.326,-58.651
74.66,-35.191,-58.651
74.665,-46.921,-58.651
74.67,-52.786,-58.651
74.675,-58.651,-64.516
74.68,-70.381,-64.516
74.685,-93.842,-64.516
74.69,-111.437,-70.381
74.69500000000001,-105.572,-70.381
74.7,-76.246,-70.381
74.705,-41.056,-70.381
74.71000000000001,-23.46,-70.381
74.715,-35.191,-76.246
74.72,-76.246,-76.246
74.72500000000001,-111.437,-76.246
74.73,-129.032,-82.111
74.735,-134.897,-82.111
74.74,-134.897,-82.111
74.745,-129.032,-82.111
74.75,-123.167,-87.977
74.755,-123.167,-87.977
74.76,-117.302,-87.977
74.765,-117.302,-87.977
74.77,-123.167,-93.842
74.775,-117.302,-93.842
74.78,-111.437,-93.842
74.785,-99.707,-99.707
74.79,-93.842,-99.707
74.795,-87.977,-105.572
74.8,-82.111,-111.437
74.805,-76.246,-117.302
74.81,-76.246,-123.167
74.815,-70.381,-129.032
74.82000000000001,-70.381,-140.762
74.825,-70.381,-140.762
74.83,-64.516,-146.628
74.83500000000001,-64.516,-158.358
74.84,-64.516,-158.358
74.845,-64.516,-170.088
74.85000000000001,-64.516,-170.088
74.855,-64.516,-175.953
74.86,-64.516,-175.953
74.865,-64.516,-181.818
74.87,-64.516,-181.818
74.875,-70.381,-181.818
74.88,-70.381,-181.818
74.885,-70.381,-175.953
74.89,-70.381,-175.953
74.895,-70.381,-181.818
74.9,-70.381,-181.818
74.905,-70.381,-187.683
74.91,-70.381,-181.818
74.915,-64.516,-170.088
74.92,-64.516,-146.628
74.925,-64.516,-129.032
74.93,-64.516,-123.167
74.935,-64.516,-129.032
74.94,-64.516,-123.167
74.94500000000001,-64.516,-111.437
74.95,-64.516,-93.842
74.955,-58.651,-70.381
74.96000000000001,-58.651,-41.056
74.965,-58.651,-29.326
74.97,-64.516,-11.73
74.97500000000001,-64.516,29.326
74.98,-64.516,76.246
74.985,-64.516,111.437
74.99,-64.516,129.032
74.995,-64.516,134.897
75.0,-64.516,146.628
75.005,-64.516,152.493
75.01,-70.381,170.088
75.015,-70.381,181.818
75.02,-70.381,199.413
75.025,-70.381,222.874
75.03,-76.246,240.469
75.035,-76.246,263.93
75.04,-76.246,281.525
75.045,-76.246,293.255
75.05,-76.246,310.85
75.055,-76.246,328.446
75.06,-76.246,346.041
75.065,-70.381,357.771
75.07000000000001,-70.381,375.366
75.075,-76.246,381.232
75.08,-76.246,392.962
75.08500000000001,-76.246,398.827
75.09,-76.246,410.557
75.095,-82.111,416.422
75.10000000000001,-82.111,422.287
75.105,-82.111,428.152
75.11,-87.977,428.152
75.115,-87.977,428.152
75.12,-87.977,434.017
75.125,-93.842,434.017
75.13,-93.842,434.017
75.135,-99.707,428.152
75.14,-99.707,422.287
75.145,-105.572,416.422
75.15,-105.572,404.692
75.155,-111.437,381.232
75.16,-111.437,363.636
75.165,-111.437,334.311
75.17,-117.302,310.85
75.175,-123.167,281.525
75.18,-134.897,258.064
75.185,-140.762,228.739
75.19,-146.628,193.548
75.19500000000001,-146.628,164.223
75.2,-152.493,123.167
75.205,-152.493,87.977
75.21000000000001,-152.493,52.786
75.215,-152.493,23.46
75.22,-152.493,-17.595
75.22500000000001,-146.628,-58.651
75.23,-146.628,-93.842
75.235,-140.762,-123.167
75.24,-134.897,-129.032
75.245,-129.032,-105.572
75.25,-117.302,-46.921
75.255,-111.437,11.73
75.26,-105.572,5.865
75.265,-99.707,-29.326
75.27,-99.707,-64.516
75.275,-105.572,-117.302
75.28,-111.437,-170.088
75.285,-111.437,-199.413
75.29,-105.572,-193.548
75.295,-105.572,-158.358
75.3,-99.707,-129.032
75.305,-93.842,-117.302
75.31,-82.111,-123.167
75.315,-76.246,-129.032
75.32000000000001,-58.651,-117.302
75.325,-46.921,-105.572
75.33,-29.326,-105.572
75.33500000000001,-11.73,-99.707
75.34,5.865,-99.707
75.345,23.46,-93.842
75.35000000000001,41.056,-99.707
75.355,46.921,-99.707
75.36,52.786,-105.572
75.365,58.651,-105.572
75.37,64.516,-105.572
75.375,70.381,-99.707
75.38,82.111,-93.842
75.385,87.977,-87.977
75.39,99.707,-82.111
75.395,111.437,-76.246
75.4,129.032,-70.381
75.405,140.762,-70.381
75.41,152.493,-70.381
75.415,164.223,-70.381
75.42,175.953,-70.381
75.425,181.818,-70.381
75.43,193.548,-70.381
75.435,199.413,-70.381
75.44,211.144,-70.381
75.44500000000001,222.874,-64.516
75.45,228.739,-64.516
75.455,234.604,-64.516
75.46000000000001,240.469,-64.516
75.465,246.334,-58.651
75.47,252.199,-58.651
75.47500000000001,258.064,-52.786
75.48,258.064,-52.786
75.485,263.93,-52.786
75.49,269.795,-52.786
75.495,275.66,-52.786
75.5,275.66,-52.786
75.505,275.66,-52.786
75.51,281.525,-52.786
75.515,281.525,-52.786
75.52,281.525,-52.786
75.525,281.525,-52.786
75.53,287.39,-52.786
75.535,287.39,-58.651
75.54,287.39,-58.651
75.545,281.525,-58.651
75.55,281.525,-58.651
75.555,281.525,-58.651
75.56,281.525,-58.651
75.565,275.66,-58.651
75.57000000000001,269.795,-58.651
75.575,269.795,-58.651
75.58,263.93,-58.651
75.58500000000001,252.199,-58.651
75.59,246.334,-58.651
75.595,234.604,-58.651
75.60000000000001,222.874,-58.651
75.605,211.144,-64.516
75.61,199.413,-64.516
75.615,187.683,-64.516
75.62,170.088,-64.516
75.625,152.493,-64.516
75.63,134.897,-64.516
75.635,123.167,-64.516
75.64,105.572,-64.516
75.645,87.977,-64.516
75.65,64.516,-64.516
75.655,46.921,-64.516
75.66,29.326,-70.381
75.665,5.865,-64.516
75.67,-11.73,-70.381
75.675,-35.191,-70.381
75.68,-52.786,-70.381
75.685,-70.381,-70.381
75.69,-87.977,-64.516
75.69500000000001,-105.572,-70.381
75.7,-117.302,-70.381
75.705,-111.437,-64.516
75.71000000000001,-93.842,-64.516
75.715,-64.516,-64.516
75.72,-58.651,-64.516
75.72500000000001,-70.381,-64.516
75.73,-87.977,-64.516
75.735,-105.572,-64.516
75.74,-117.302,-64.516
75.745,-129.032,-70.381
75.75,-134.897,-70.381
75.755,-129.032,-70.381
75.76,-117.302,-70.381
75.765,-117.302,-70.381
75.77,-123.167,-70.381
75.775,-123.167,-76.246
75.78,-117.302,-76.246
75.785,-117.302,-76.246
75.79,-105.572,-82.111
75.795,-99.707,-82.111
75.8,-87.977,-82.111
75.805,-82.111,-87.977
75.81,-76.246,-87.977
75.815,-70.381,-93.842
75.82000000000001,-64.516,-99.707
75.825,-58.651,-105.572
75.83,-58.651,-111.437
75.83500000000001,-58.651,-117.302
75.84,-52.786,-123.167
75.845,-52.786,-129.032
75.85000000000001,-52.786,-134.897
75.855,-52.786,-140.762
75.86,-52.786,-140.762
75.865,-52.786,-146.628
75.87,-52.786,-152.493
75.875,-52.786,-158.358
75.88,-52.786,-158.358
75.885,-52.786,-164.223
75.89,-58.651,-164.223
75.895,-58.651,-164.223
75.9,-58.651,-164.223
75.905,-58.651,-158.358
75.91,-58.651,-158.358
75.915,-58.651,-164.223
75.92,-58.651,-164.223
75.925,-58.651,-164.223
75.93,-58.651,-158.358
75.935,-58.651,-152.493
75.94,-58.651,-140.762
75.94500000000001,-58.651,-129.032
75.95,-58.651,-111.437
75.955,-58.651,-111.437
75.96000000000001,-58.651,-117.302
75.965,-64.516,-111.437
75.97,-64.516,-105.572
75.97500000000001,-64.516,-93.842
75.98,-64.516,-76.246
75.985,-64.516,-46.921
75.99,-64.516,-35.191
75.995,-70.381,-5.865
76.0,-70.381,35.191
76.005,-70.381,76.246
76.01,-70.381,105.572
76.015,-64.516,117.302
76.02,-64.516,123.167
76.025,-70.381,129.032
76.03,-70.381,140.762
76.035,-70.381,152.493
76.04,-70.381,170.088
76.045,-70.381,187.683
76.05,-70.381,211.144
76.055,-70.381,234.604
76.06,-70.381,252.199
76.065,-70.381,263.93
76.07000000000001,-70.381,281.525
76.075,-70.381,299.12
76.08,-76.246,310.85
76.08500000000001,-76.246,328.446
76.09,-76.246,340.176
76.095,-76.246,351.906
76.10000000000001,-76.246,363.636
76.105,-82.111,369.501
76.11,-87.977,381.232
76.115,-87.977,387.097
76.12,-87.977,387.097
76.125,-93.842,392.962
76.13,-93.842,398.827
76.135,-93.842,398.827
76.14,-93.842,404.692
76.145,-93.842,404.692
76.15,-93.842,404.692
76.155,-93.842,404.692
76.16,-93.842,410.557
76.165,-93.842,410.557
76.17,-93.842,410.557
76.175,-93.842,404.692
76.18,-99.707,392.962
76.185,-99.707,381.232
76.19,-105.572,369.501
76.19500000000001,-105.572,357.771
76.2,-111.437,340.176
76.205,-117.302,322.581
76.21000000000001,-117.302,304.985
76.215,-117.302,281.525
76.22,-123.167,258.064
76.22500000000001,-129.032,228.739
76.23,-134.897,205.279
76.235,-140.762,175.953
76.24,-140.762,146.628
76.245,-146.628,105.572
76.25,-140.762,70.381
76.255,-140.762,29.326
76.26,-140.762,-17.595
76.265,-140.762,-58.651
76.27,-134.897,-99.707
76.275,-129.032,-134.897
76.28,-123.167,-146.628
76.285,-117.302,-129.032
76.29,-105.572,-70.381
76.295,-99.707,0.0
76.3,-93.842,23.46
76.305,-93.842,-11.73
76.31,-99.707,-46.921
76.315,-99.707,-99.707
76.32000000000001,-105.572,-152.493
76.325,-105.572,-193.548
76.33,-105.572,-193.548
76.33500000000001,-99.707,-164.223
76.34,-93.842,-134.897
76.345,-87.977,-123.167
76.35000000000001,-82.111,-134.897
76.355,-76.246,-146.628
76.36,-64.516,-158.358
76.365,-58.651,-152.493
76.37,-41.056,-140.762
76.375,-23.46,-134.897
76.38,-5.865,-134.897
76.385,5.865,-129.032
76.39,23.46,-129.032
76.395,41.056,-129.032
76.4,46.921,-123.167
76.405,58.651,-123.167
76.41,64.516,-117.302
76.415,70.381,-111.437
76.42,82.111,-105.572
76.425,87.977,-99.707
76.43,99.707,-93.842
76.435,105.572,-87.977
76.44,117.302,-87.977
76.44500000000001,129.032,-87.977
76.45,140.762,-87.977
76.455,152.493,-82.111
76.46000000000001,164.223,-82.111
76.465,175.953,-82.111
76.47,181.818,-76.246
76.47500000000001,193.548,-76.246
76.48,199.413,-70.381
76.485,205.279,-70.381
76.49,211.144,-64.516
76.495,217.009,-64.516
76.5,222.874,-64.516
76.505,228.739,-58.651
76.51,234.604,-58.651
76.515,240.469,-58.651
76.52,246.334,-58.651
76.525,246.334,-52.786
76.53,252.199,-52.786
76.535,252.199,-52.786
76.54,252.199,-52.786
76.545,252.199,-46.921
76.55,252.199,-46.921
76.555,258.064,-46.921
76.56,258.064,-46.921
76.565,263.93,-46.921
76.57000000000001,263.93,-52.786
76.575,263.93,-52.786
76.58,263.93,-52.786
76.58500000000001,263.93,-58.651
76.59,263.93,-58.651
76.595,263.93,-58.651
76.60000000000001,263.93,-58.651
76.605,263.93,-58.651
76.61,263.93,-58.651
76.615,263.93,-64.516
76.62,263.93,-64.516
76.625,258.064,-64.516
76.63,258.064,-64.516
76.635,252.199,-64.516
76.64,246.334,-70.381
76.645,246.334,-70.381
76.65,240.469,-70.381
76.655,228.739,-70.381
76.66,222.874,-70.381
76.665,211.144,-70.381
76.67,199.413,-76.246
76.675,187.683,-76.246
76.68,175.953,-76.246
76.685,158.358,-76.246
76.69,146.628,-76.246
76.69500000000001,129.032,-76.246
76.7,111.437,-76.246
76.705,93.842,-76.246
76.71000000000001,76.246,-76.246
76.715,52.786,-76.246
76.72,35.191,-76.246
76.72500000000001,11.73,-76.246
76.73,-0.0,-76.246
76.735,-17.595,-76.246
76.74,-41.056,-76.246
76.745,-64.516,-76.246
76.75,-87.977,-76.246
76.755,-105.572,-76.246
76.76,-123.167,-76.246
76.765,-123.167,-76.246
76.77,-93.842,-76.246
76.775,-64.516,-76.246
76.78,-52.786,-76.246
76.785,-76.246,-76.246
76.79,-99.707,-76.246
76.795,-117.302,-76.246
76.8,-134.897,-76.246
76.805,-140.762,-76.246
76.81,-152.493,-76.246
76.815,-146.628,-76.246
76.82000000000001,-129.032,-76.246
76.825,-123.167,-76.246
76.83,-123.167,-76.246
76.83500000000001,-129.032,-82.111
76.84,-140.762,-82.111
76.845,-134.897,-82.111
76.85000000000001,-129.032,-82.111
76.855,-117.302,-87.977
76.86,-105.572,-87.977
76.865,-99.707,-93.842
76.87,-93.842,-93.842
76.875,-87.977,-99.707
76.88,-82.111,-105.572
76.885,-76.246,-111.437
76.89,-70.381,-111.437
76.895,-64.516,-117.302
76.9,-58.651,-123.167
76.905,-58.651,-123.167
76.91,-58.651,-129.032
76.915,-52.786,-129.032
76.92,-52.786,-134.897
76.925,-52.786,-134.897
76.93,-52.786,-140.762
76.935,-52.786,-140.762
76.94,-52.786,-146.628
76.94500000000001,-52.786,-146.628
76.95,-52.786,-146.628
76.955,-52.786,-152.493
76.96000000000001,-58.651,-146.628
76.965,-58.651,-146.628
76.97,-58.651,-146.628
76.97500000000001,-58.651,-152.493
76.98,-58.651,-158.358
76.985,-58.651,-158.358
76.99,-58.651,-158.358
76.995,-58.651,-146.628
77.0,-58.651,-134.897
77.005,-58.651,-117.302
77.01,-58.651,-105.572
77.015,-58.651,-93.842
77.02,-58.651,-93.842
77.025,-58.651,-105.572
77.03,-58.651,-105.572
77.035,-58.651,-99.707
77.04,-58.651,-87.977
77.045,-64.516,-76.246
77.05,-64.516,-52.786
77.055,-64.516,-35.191
77.06,-70.381,-11.73
77.065,-70.381,23.46
77.07000000000001,-70.381,64.516
77.075,-70.381,99.707
77.08,-76.246,117.302
77.08500000000001,-76.246,123.167
77.09,-76.246,129.032
77.095,-76.246,134.897
77.10000000000001,-82.111,146.628
77.105,-82.111,158.358
77.11,-82.111,175.953
77.115,-76.246,193.548
77.12,-76.246,211.144
77.125,-76.246,228.739
77.13,-76.246,246.334
77.135,-70.381,263.93
77.14,-70.381,275.66
77.145,-70.381,293.255
77.15,-70.381,310.85
77.155,-70.381,322.581
77.16,-70.381,334.311
77.165,-70.381,346.041
77.17,-76.246,351.906
77.175,-76.246,363.636
77.18,-82.111,369.501
77.185,-82.111,381.232
77.19,-87.977,387.097
77.19500000000001,-93.842,387.097
77.2,-93.842,392.962
77.205,-93.842,392.962
77.21000000000001,-93.842,404.692
77.215,-99.707,404.692
77.22,-99.707,404.692
77.22500000000001,-99.707,410.557
77.23,-99.707,410.557
77.235,-99.707,416.422
77.24,-99.707,416.422
77.245,-105.572,410.557
77.25,-105.572,404.692
77.255,-111.437,392.962
77.26,-111.437,375.366
77.265,-117.302,357.771
77.27,-123.167,340.176
77.275,-129.032,322.581
77.28,-134.897,299.12
77.285,-134.897,275.66
77.29,-140.762,252.199
77.295,-146.628,222.874
77.3,-146.628,193.548
77.305,-152.493,164.223
77.31,-146.628,129.032
77.315,-146.628,93.842
77.32000000000001,-146.628,58.651
77.325,-140.762,29.326
77.33,-140.762,-5.865
77.33500000000001,-134.897,-41.056
77.34,-134.897,-70.381
77.345,-129.032,-105.572
77.35000000000001,-123.167,-134.897
77.355,-117.302,-140.762
77.36,-111.437,-123.167
77.365,-105.572,-82.111
77.37,-105.572,-23.46
77.375,-99.707,5.865
77.38,-93.842,-11.73
77.385,-93.842,-41.056
77.39,-99.707,-82.111
77.395,-99.707,-129.032
77.4,-99.707,-170.088
77.405,-93.842,-187.683
77.41,-87.977,-175.953
77.415,-82.111,-140.762
77.42,-82.111,-117.302
77.425,-82.111,-105.572
77.43,-82.111,-117.302
77.435,-82.111,-123.167
77.44,-76.246,-129.032
77.44500000000001,-76.246,-134.897
77.45,-70.381,-134.897
77.455,-58.651,-134.897
77.46000000000001,-52.786,-123.167
77.465,-41.056,-123.167
77.47,-23.46,-123.167
77.47500000000001,-11.73,-129.032
77.48,-5.865,-134.897
77.485,17.595,-140.762
77.49,46.921,-134.897
77.495,64.516,-129.032
77.5,76.246,-117.302
77.505,87.977,-111.437
77.51,93.842,-105.572
77.515,99.707,-99.707
77.52,111.437,-99.707
77.525,123.167,-99.707
77.53,134.897,-99.707
77.535,146.628,-99.707
77.54,164.223,-93.842
77.545,175.953,-93.842
77.55,193.548,-87.977
77.555,205.279,-87.977
77.56,217.009,-82.111
77.565,222.874,-82.111
77.57000000000001,234.604,-82.111
77.575,240.469,-76.246
77.58,246.334,-76.246
77.58500000000001,252.199,-76.246
77.59,263.93,-70.381
77.595,269.795,-70.381
77.60000000000001,275.66,-64.516
77.605,281.525,-58.651
77.61,287.39,-58.651
77.615,293.255,-58.651
77.62,293.255,-58.651
77.625,299.12,-58.651
77.63,299.12,-58.651
77.635,299.12,-58.651
77.64,299.12,-58.651
77.645,299.12,-58.651
77.65,304.985,-58.651
77.655,310.85,-58.651
77.66,310.85,-58.651
77.665,310.85,-58.651
77.67,310.85,-58.651
77.675,310.85,-58.651
77.68,310.85,-58.651
77.685,310.85,-58.651
77.69,304.985,-58.651
77.69500000000001,304.985,-58.651
77.7,299.12,-58.651
77.705,293.255,-58.651
77.71000000000001,287.39,-58.651
77.715,275.66,-58.651
77.72,269.795,-58.651
77.72500000000001,258.064,-58.651
77.73,246.334,-58.651
77.735,234.604,-58.651
77.74,222.874,-58.651
77.745,211.144,-58.651
77.75,193.548,-58.651
77.755,175.953,-58.651
77.76,158.358,-64.516
77.765,140.762,-64.516
77.77,123.167,-64.516
77.775,105.572,-64.516
77.78,82.111,-64.516
77.785,58.651,-64.516
77.79,35.191,-64.516
77.795,11.73,-64.516
77.8,-11.73,-64.516
77.805,-29.326,-64.516
77.81,-46.921,-64.516
77.815,-64.516,-64.516
77.82000000000001,-70.381,-64.516
77.825,-87.977,-70.381
77.83,-105.572,-70.381
77.83500000000001,-123.167,-70.381
77.84,-123.167,-70.381
77.845,-99.707,-70.381
77.85000000000001,-64.516,-70.381
77.855,-41.056,-70.381
77.86,-46.921,-70.381
77.865,-76.246,-76.246
77.87,-105.572,-70.381
77.875,-129.032,-70.381
77.88,-146.628,-76.246
77.885,-152.493,-76.246
77.89,-152.493,-76.246
77.895,-140.762,-76.246
77.9,-123.167,-76.246
77.905,-111.437,-76.246
77.91,-123.167,-76.246
77.915,-140.762,-82.111
77.92,-152.493,-87.977
77.925,-146.628,-87.977
77.93,-134.897,-87.977
77.935,-123.167,-93.842
77.94,-117.302,-99.707
77.94500000000001,-111.437,-99.707
77.95,-105.572,-105.572
77.955,-99.707,-105.572
77.96000000000001,-93.842,-111.437
77.965,-87.977,-117.302
77.97,-82.111,-117.302
77.97500000000001,-76.246,-117.302
77.98,-76.246,-123.167
77.985,-70.381,-123.167
77.99,-70.381,-129.032
77.995,-64.516,-129.032
78.0,-64.516,-129.032
78.005,-64.516,-129.032
78.01,-64.516,-134.897
78.015,-64.516,-134.897
78.02,-64.516,-134.897
78.025,-64.516,-140.762
78.03,-64.516,-140.762
78.035,-64.516,-140.762
78.04,-64.516,-140.762
78.045,-64.516,-140.762
78.05,-64.516,-146.628
78.055,-64.516,-152.493
78.06,-64.516,-158.358
78.065,-64.516,-158.358
78.07000000000001,-64.516,-140.762
78.075,-64.516,-129.032
78.08,-64.516,-123.167
78.08500000000001,-64.516,-111.437
78.09,-64.516,-105.572
78.095,-58.651,-111.437
78.10000000000001,-58.651,-111.437
78.105,-58.651,-111.437
78.11,-58.651,-99.707
78.115,-58.651,-82.111
78.12,-58.651,-64.516
78.125,-58.651,-46.921
78.13,-58.651,-29.326
78.135,-58.651,-11.73
78.14,-58.651,17.595
78.145,-58.651,58.651
78.15,-58.651,93.842
78.155,-58.651,117.302
78.16,-58.651,129.032
78.165,-58.651,134.897
78.17,-64.516,140.762
78.175,-64.516,152.493
78.18,-64.516,164.223
78.185,-64.516,181.818
78.19,-70.381,193.548
78.19500000000001,-70.381,217.009
78.2,-70.381,234.604
78.205,-70.381,252.199
78.21000000000001,-70.381,269.795
78.215,-70.381,281.525
78.22,-70.381,299.12
78.22500000000001,-70.381,310.85
78.23,-70.381,328.446
78.235,-70.381,340.176
78.24,-76.246,351.906
78.245,-76.246,357.771
78.25,-76.246,369.501
78.255,-82.111,375.366
78.26,-82.111,381.232
78.265,-82.111,387.097
78.27,-87.977,392.962
78.275,-87.977,398.827
78.28,-87.977,404.692
78.285,-87.977,410.557
78.29,-93.842,410.557
78.295,-93.842,410.557
78.3,-99.707,416.422
78.305,-99.707,422.287
78.31,-99.707,422.287
78.315,-105.572,422.287
78.32000000000001,-105.572,422.287
78.325,-111.437,410.557
78.33,-117.302,404.692
78.33500000000001,-117.302,387.097
78.34,-123.167,375.366
78.345,-123.167,357.771
78.35000000000001,-129.032,334.311
78.355,-129.032,310.85
78.36,-129.032,287.39
78.365,-134.897,258.064
78.37,-134.897,222.874
78.375,-134.897,193.548
78.38,-134.897,158.358
78.385,-134.897,123.167
78.39,-134.897,82.111
78.395,-129.032,46.921
78.4,-129.032,5.865
78.405,-129.032,-41.056
78.41,-123.167,-82.111
78.415,-117.302,-117.302
78.42,-111.437,-140.762
78.425,-105.572,-129.032
78.43,-99.707,-76.246
78.435,-99.707,-11.73
78.44,-99.707,5.865
78.44500000000001,-105.572,-17.595
78.45,-105.572,-58.651
78.455,-111.437,-99.707
78.46000000000001,-111.437,-152.493
78.465,-111.437,-193.548
78.47,-105.572,-193.548
78.47500000000001,-93.842,-164.223
78.48,-87.977,-134.897
78.485,-82.111,-117.302
78.49,-70.381,-117.302
78.495,-58.651,-123.167
78.5,-41.056,-129.032
78.505,-23.46,-129.032
78.51,-5.865,-129.032
78.515,5.865,-123.167
78.52,17.595,-117.302
78.525,23.46,-117.302
78.53,35.191,-117.302
78.535,41.056,-123.167
78.54,46.921,-123.167
78.545,58.651,-123.167
78.55,70.381,-117.302
78.555,82.111,-117.302
78.56,87.977,-111.437
78.565,99.707,-105.572
78.57000000000001,111.437,-99.707
78.575,123.167,-93.842
78.58,134.897,-87.977
78.58500000000001,146.628,-87.977
78.59,158.358,-87.977
78.595,170.088,-82.111
78.60000000000001,175.953,-82.111
78.605,187.683,-82.111
78.61,199.413,-76.246
78.615,205.279,-76.246
78.62,211.144,-70.381
78.625,217.009,-70.381
78.63,222.874,-64.516
78.635,234.604,-64.516
78.64,240.469,-64.516
78.645,240.469,-58.651
78.65,246.334,-58.651
78.655,252.199,-58.651
78.66,258.064,-52.786
78.665,263.93,-52.786
78.67,263.93,-52.786
78.675,263.93,-46.921
78.68,269.795,-46.921
78.685,269.795,-46.921
78.69,275.66,-46.921
78.69500000000001,275.66,-46.921
78.7,275.66,-46.921
78.705,281.525,-46.921
78.71000000000001,281.525,-46.921
78.715,281.525,-52.786
78.72,287.39,-52.786
78.72500000000001,287.39,-52.786
78.73,287.39,-52.786
78.735,281.525,-52.786
78.74,281.525,-52.786
78.745,281.525,-52.786
78.75,275.66,-52.786
78.755,275.66,-52.786
78.76,269.795,-52.786
78.765,263.93,-52.786
78.77,258.064,-52.786
78.775,246.334,-52.786
78.78,240.469,-58.651
78.785,228.739,-58.651
78.79,217.009,-58.651
78.795,205.279,-58.651
78.8,193.548,-58.651
78.805,181.818,-64.516
78.81,164.223,-64.516
78.815,146.628,-64.516
78.82000000000001,129.032,-64.516
78.825,111.437,-64.516
78.83,93.842,-64.516
78.83500000000001,70.381,-70.381
78.84,52.786,-70.381
78.845,29.326,-70.381
78.85000000000001,5.865,-70.381
78.855,-17.595,-70.381
78.86,-29.326,-70.381
78.865,-46.921,-70.381
78.87,-64.516,-70.381
78.875,-70.381,-70.381
78.88,-87.977,-70.381
78.885,-99.707,-70.381
78.89,-117.302,-70.381
78.895,-129.032,-70.381
78.9,-129.032,-70.381
78.905,-105.572,-70.381
78.91,-64.516,-70.381
78.915,-41.056,-70.381
78.92,-46.921,-70.381
78.925,-70.381,-70.381
78.93,-93.842,-70.381
78.935,-117.302,-70.381
78.94,-140.762,-76.246
78.94500000000001,-152.493,-76.246
78.95,-152.493,-76.246
78.955,-140.762,-76.246
78.96000000000001,-117.302,-76.246
78.965,-111.437,-76.246
78.97,-117.302,-76.246
78.97500000000001,-134.897,-76.246
78.98,-146.628,-76.246
78.985,-146.628,-82.111
78.99,-134.897,-82.111
78.995,-123.167,-82.111
79.0,-117.302,-82.111
79.005,-111.437,-87.977
79.01,-99.707,-87.977
79.015,-93.842,-93.842
79.02,-87.977,-99.707
79.025,-82.111,-105.572
79.03,-76.246,-111.437
79.035,-76.246,-117.302
79.04,-70.381,-117.302
79.045,-70.381,-123.167
79.05,-64.516,-129.032
79.055,-64.516,-129.032
79.06,-70.381,-134.897
79.065,-70.381,-140.762
79.07000000000001,-70.381,-146.628
79.075,-70.381,-146.628
79.08,-70.381,-152.493
79.08500000000001,-70.381,-152.493
79.09,-70.381,-152.493
79.095,-70.381,-152.493
79.10000000000001,-70.381,-152.493
79.105,-76.246,-146.628
79.11,-70.381,-146.628
79.115,-70.381,-146.628
79.12,-70.381,-152.493
79.125,-70.381,-158.358
79.13,-70.381,-164.223
79.135,-70.381,-164.223
79.14,-64.516,-164.223
79.145,-70.381,-152.493
79.15,-64.516,-134.897
79.155,-64.516,-123.167
79.16,-64.516,-111.437
79.165,-64.516,-99.707
79.17,-64.516,-93.842
79.175,-64.516,-99.707
79.18,-64.516,-99.707
79.185,-64.516,-87.977
79.19,-64.516,-70.381
79.19500000000001,-64.516,-58.651
79.2,-64.516,-41.056
79.205,-70.381,-17.595
79.21000000000001,-70.381,0.0
79.215,-64.516,29.326
79.22,-64.516,70.381
79.22500000000001,-64.516,99.707
79.23,-64.516,117.302
79.235,-64.516,129.032
79.24,-64.516,134.897
79.245,-58.651,146.628
79.25,-64.516,158.358
79.255,-58.651,170.088
79.26,-64.516,187.683
79.265,-64.516,205.279
79.27,-64.516,228.739
79.275,-64.516,246.334
79.28,-64.516,263.93
79.285,-70.381,281.525
79.29,-70.381,293.255
79.295,-70.381,310.85
79.3,-76.246,328.446
79.305,-82.111,346.041
79.31,-82.111,351.906
79.315,-82.111,363.636
79.32000000000001,-87.977,375.366
79.325,-87.977,381.232
79.33,-87.977,392.962
79.33500000000001,-87.977,398.827
79.34,-87.977,410.557
79.345,-87.977,416.422
79.35000000000001,-93.842,422.287
79.355,-93.842,428.152
79.36,-93.842,428.152
79.365,-93.842,434.017
79.37,-99.707,434.017
79.375,-99.707,434.017
79.38,-105.572,428.152
79.385,-105.572,428.152
79.39,-111.437,428.152
79.395,-117.302,416.422
79.4,-117.302,398.827
79.405,-123.167,381.232
79.41,-129.032,363.636
79.415,-129.032,340.176
79.42,-129.032,316.715
79.425,-134.897,293.255
79.43,-140.762,269.795
79.435,-140.762,240.469
79.44,-140.762,205.279
79.44500000000001,-140.762,164.223
79.45,-140.762,129.032
79.455,-134.897,93.842
79.46000000000001,-134.897,52.786
79.465,-134.897,17.595
79.47,-129.032,-23.46
79.47500000000001,-123.167,-70.381
79.48,-117.302,-111.437
79.485,-111.437,-129.032
79.49,-99.707,-117.302
79.495,-93.842,-76.246
79.5,-87.977,-17.595
79.505,-87.977,-11.73
79.51,-87.977,-41.056
79.515,-93.842,-76.246
79.52,-93.842,-129.032
79.525,-93.842,-175.953
79.53,-87.977,-205.279
79.535,-87.977,-199.413
79.54,-87.977,-170.088
79.545,-87.977,-146.628
79.55,-82.111,-134.897
79.555,-82.111,-134.897
79.56,-70.381,-140.762
79.565,-64.516,-140.762
79.57000000000001,-52.786,-134.897
79.575,-41.056,-123.167
79.58,-29.326,-117.302
79.58500000000001,-23.46,-117.302
79.59,-11.73,-117.302
79.595,5.865,-117.302
79.60000000000001,23.46,-123.167
79.605,29.326,-123.167
79.61,41.056,-123.167
79.615,46.921,-117.302
79.62,52.786,-111.437
79.625,58.651,-111.437
79.63,70.381,-105.572
79.635,82.111,-99.707
79.64,93.842,-93.842
79.645,105.572,-87.977
79.65,123.167,-87.977
79.655,134.897,-82.111
79.66,146.628,-82.111
79.665,158.358,-82.111
79.67,170.088,-82.111
79.675,175.953,-76.246
79.68,187.683,-70.381
79.685,193.548,-70.381
79.69,199.413,-70.381
79.69500000000001,211.144,-64.516
79.7,217.009,-64.516
79.705,222.874,-64.516
79.71000000000001,228.739,-58.651
79.715,234.604,-58.651
79.72,240.469,-52.786
79.72500000000001,246.334,-52.786
79.73,246.334,-46.921
79.735,252.199,-46.921
79.74,258.064,-46.921
79.745,258.064,-46.921
79.75,263.93,-41.056
79.755,263.93,-41.056
79.76,263.93,-41.056
79.765,263.93,-41.056
79.77,263.93,-41.056
79.775,263.93,-41.056
79.78,263.93,-41.056
79.785,269.795,-41.056
79.79,269.795,-46.921
79.795,269.795,-46.921
79.8,263.93,-46.921
79.805,263.93,-46.921
79.81,263.93,-46.921
79.815,263.93,-46.921
79.82000000000001,258.064,-41.056
79.825,258.064,-46.921
79.83,252.199,-46.921
79.83500000000001,246.334,-46.921
79.84,240.469,-46.921
79.845,240.469,-46.921
79.85000000000001,228.739,-46.921
79.855,222.874,-46.921
79.86,217.009,-46.921
79.865,211.144,-46.921
79.87,199.413,-46.921
79.875,187.683,-46.921
79.88,181.818,-52.786
79.885,164.223,-52.786
79.89,152.493,-52.786
79.895,134.897,-52.786
79.9,123.167,-52.786
79.905,105.572,-58.651
79.91,87.977,-58.651
79.915,70.381,-58.651
79.92,46.921,-58.651
79.925,29.326,-64.516
79.93,-0.0,-64.516
79.935,-17.595,-64.516
79.94,-41.056,-64.516
79.94500000000001,-64.516,-70.381
79.95,-87.977,-70.381
79.955,-111.437,-70.381
79.96000000000001,-117.302,-70.381
79.965,-99.707,-76.246
79.97,-76.246,-76.246
79.97500000000001,-64.516,-82.111
79.98,-82.111,-82.111
79.985,-99.707,-82.111
79.99,-111.437,-82.111
79.995,-129.032,-82.111
80.0,-134.897,-87.977
80.005,-134.897,-87.977
80.01,-129.032,-87.977
80.015,-129.032,-87.977
80.02,-140.762,-87.977
80.025,-129.032,-87.977
80.03,-123.167,-87.977
80.035,-123.167,-87.977
80.04,-111.437,-93.842
80.045,-111.437,-93.842
80.05,-105.572,-99.707
80.055,-93.842,-105.572
80.06,-87.977,-105.572
80.065,-82.111,-111.437
80.07000000000001,-76.246,-117.302
80.075,-70.381,-129.032
80.08,-64.516,-134.897
80.08500000000001,-64.516,-140.762
80.09,-64.516,-146.628
80.095,-64.516,-152.493
80.10000000000001,-64.516,-158.358
80.105,-64.516,-164.223
80.11,-64.516,-164.223
80.115,-64.516,-170.088
80.12,-64.516,-175.953
80.125,-64.516,-175.953
80.13,-64.516,-175.953
80.135,-64.516,-175.953
80.14,-64.516,-175.953
80.145,-64.516,-170.088
80.15,-64.516,-164.223
80.155,-64.516,-158.358
80.16,-64.516,-158.358
80.165,-64.516,-158.358
80.17,-64.516,-164.223
80.175,-64.516,-164.223
80.18,-64.516,-152.493
80.185,-64.516,-134.897
80.19,-64.516,-117.302
80.19500000000001,-64.516,-105.572
80.2,-64.516,-93.842
80.205,-64.516,-87.977
80.21000000000001,-64.516,-87.977
80.215,-64.516,-82.111
80.22,-64.516,-70.381
80.22500000000001,-64.516,-46.921
80.23,-64.516,-29.326
80.235,-70.381,-23.46
80.24,-70.381,0.0
80.245,-64.516,17.595
80.25,-70.381,29.326
80.255,-70.381,58.651
80.26,-64.516,105.572
80.265,-64.516,134.897
80.27,-70.381,146.628
80.275,-64.516,152.493
80.28,-64.516,152.493
80.285,-64.516,158.358
80.29,-64.516,170.088
80.295,-64.516,181.818
80.3,-64.516,193.548
80.305,-70.381,211.144
80.31,-70.381,228.739
80.315,-70.381,240.469
80.32000000000001,-70.381,258.064
80.325,-70.381,269.795
80.33,-70.381,281.525
80.33500000000001,-70.381,293.255
80.34,-70.381,310.85
80.345,-76.246,322.581
80.35000000000001,-70.381,328.446
80.355,-76.246,340.176
80.36,-76.246,346.041
80.365,-76.246,351.906
80.37,-76.246,363.636
80.375,-82.111,369.501
80.38,-82.111,375.366
80.385,-82.111,381.232
80.39,-82.111,387.097
80.395,-82.111,392.962
80.4,-87.977,398.827
80.405,-87.977,398.827
80.41,-87.977,398.827
80.415,-87.977,398.827
80.42,-87.977,398.827
80.425,-93.842,404.692
80.43,-93.842,398.827
80.435,-99.707,392.962
80.44,-105.572,387.097
80.44500000000001,-105.572,375.366
80.45,-111.437,363.636
80.455,-111.437,351.906
80.46000000000001,-111.437,334.311
80.465,-117.302,316.715
80.47,-117.302,293.255
80.47500000000001,-117.302,269.795
80.48,-117.302,246.334
80.485,-123.167,217.009
80.49,-123.167,187.683
80.495,-123.167,158.358
80.5,-123.167,123.167
80.505,-123.167,87.977
80.51,-123.167,52.786
80.515,-123.167,17.595
80.52,-123.167,-17.595
80.525,-123.167,-46.921
80.53,-123.167,-82.111
80.535,-123.167,-111.437
80.54,-117.302,-140.762
80.545,-117.302,-146.628
80.55,-111.437,-140.762
80.555,-105.572,-99.707
80.56,-99.707,-46.921
80.565,-99.707,0.0
80.57000000000001,-93.842,5.865
80.575,-93.842,-11.73
80.58,-93.842,-46.921
80.58500000000001,-93.842,-93.842
80.59,-87.977,-146.628
80.595,-82.111,-181.818
80.60000000000001,-76.246,-181.818
80.605,-76.246,-158.358
80.61,-70.381,-134.897
80.615,-70.381,-129.032
80.62,-70.381,-129.032
80.625,-70.381,-146.628
80.63,-76.246,-164.223
80.635,-70.381,-164.223
80.64,-70.381,-152.493
80.645,-64.516,-146.628
80.65,-58.651,-146.628
80.655,-52.786,-146.628
80.66,-46.921,-152.493
80.665,-29.326,-152.493
80.67,-17.595,-152.493
80.675,-11.73,-146.628
80.68,-0.0,-140.762
80.685,23.46,-140.762
80.69,41.056,-129.032
80.69500000000001,58.651,-123.167
80.7,64.516,-111.437
80.705,70.381,-105.572
80.71000000000001,76.246,-99.707
80.715,82.111,-99.707
80.72,87.977,-99.707
80.72500000000001,93.842,-93.842
80.73,105.572,-93.842
80.735,117.302,-87.977
80.74,123.167,-87.977
80.745,134.897,-82.111
80.75,146.628,-82.111
80.755,158.358,-76.246
80.76,164.223,-76.246
80.765,175.953,-70.381
80.77,181.818,-70.381
80.775,187.683,-64.516
80.78,199.413,-58.651
80.785,205.279,-58.651
80.79,211.144,-58.651
80.795,217.009,-52.786
80.8,222.874,-52.786
80.805,222.874,-46.921
80.81,228.739,-46.921
80.815,234.604,-41.056
80.82000000000001,240.469,-41.056
80.825,246.334,-35.191
80.83,246.334,-35.191
80.83500000000001,252.199,-35.191
80.84,258.064,-35.191
80.845,258.064,-35.191
80.85000000000001,263.93,-35.191
80.855,263.93,-35.191
80.86,263.93,-35.191
80.865,263.93,-35.191
80.87,263.93,-35.191
80.875,269.795,-35.191
80.88,269.795,-35.191
80.885,269.795,-35.191
80.89,269.795,-35.191
80.895,275.66,-35.191
80.9,275.66,-35.191
80.905,275.66,-35.191
80.91,275.66,-35.191
80.915,275.66,-35.191
80.92,269.795,-35.191
80.925,269.795,-35.191
80.93,269.795,-35.191
80.935,263.93,-41.056
80.94,258.064,-41.056
80.94500000000001,258.064,-41.056
80.95,246.334,-41.056
80.955,240.469,-41.056
80.96000000000001,228.739,-46.921
80.965,222.874,-46.921
80.97,211.144,-46.921
80.97500000000001,199.413,-46.921
80.98,187.683,-46.921
80.985,170.088,-52.786
80.99,152.493,-52.786
80.995,140.762,-52.786
81.0,123.167,-52.786
81.005,105.572,-52.786
81.01,87.977,-52.786
81.015,64.516,-52.786
81.02,52.786,-58.651
81.025,35.191,-58.651
81.03,11.73,-58.651
81.035,-17.595,-64.516
81.04,-41.056,-64.516
81.045,-64.516,-64.516
81.05,-87.977,-64.516
81.055,-111.437,-70.381
81.06,-117.302,-70.381
81.065,-93.842,-70.381
81.07000000000001,-70.381,-70.381
81.075,-64.516,-76.246
81.08,-76.246,-76.246
81.08500000000001,-99.707,-76.246
81.09,-117.302,-76.246
81.095,-134.897,-76.246
81.10000000000001,-152.493,-76.246
81.105,-152.493,-82.111
81.11,-140.762,-82.111
81.115,-140.762,-82.111
81.12,-152.493,-82.111
81.125,-152.493,-82.111
81.13,-146.628,-87.977
81.135,-152.493,-87.977
81.14,-146.628,-87.977
81.145,-140.762,-87.977
81.15,-134.897,-93.842
81.155,-129.032,-93.842
81.16,-117.302,-99.707
81.165,-111.437,-105.572
81.17,-105.572,-111.437
81.175,-99.707,-117.302
81.18,-93.842,-129.032
81.185,-87.977,-134.897
81.19,-82.111,-140.762
81.19500000000001,-82.111,-146.628
81.2,-82.111,-152.493
81.205,-82.111,-152.493
81.21000000000001,-82.111,-158.358
81.215,-76.246,-164.223
81.22,-76.246,-170.088
81.22500000000001,-76.246,-170.088
81.23,-76.246,-175.953
81.235,-76.246,-175.953
81.24,-70.381,-181.818
81.245,-76.246,-175.953
81.25,-70.381,-175.953
81.255,-70.381,-175.953
81.26,-70.381,-175.953
81.265,-64.516,-170.088
81.27,-64.516,-170.088
81.275,-64.516,-175.953
81.28,-64.516,-170.088
81.285,-58.651,-164.223
81.29,-58.651,-152.493
81.295,-58.651,-134.897
81.3,-58.651,-123.167
81.305,-58.651,-117.302
81.31,-58.651,-105.572
81.315,-52.786,-93.842
81.32000000000001,-52.786,-87.977
81.325,-52.786,-87.977
81.33,-52.786,-87.977
81.33500000000001,-52.786,-70.381
81.34,-52.786,-46.921
81.345,-52.786,-23.46
81.35000000000001,-52.786,0.0
81.355,-52.786,23.46
81.36,-52.786,35.191
81.365,-52.786,52.786
81.37,-58.651,87.977
81.375,-58.651,123.167
81.38,-58.651,146.628
81.385,-52.786,158.358
81.39,-58.651,164.223
81.395,-52.786,164.223
81.4,-58.651,175.953
81.405,-58.651,187.683
81.41,-58.651,193.548
81.415,-52.786,211.144
81.42,-58.651,222.874
81.425,-58.651,234.604
81.43,-58.651,252.199
81.435,-58.651,263.93
81.44,-58.651,275.66
81.44500000000001,-58.651,293.255
81.45,-58.651,304.985
81.455,-58.651,322.581
81.46000000000001,-58.651,334.311
81.465,-58.651,340.176
81.47,-64.516,346.041
81.47500000000001,-64.516,351.906
81.48,-64.516,357.771
81.485,-64.516,363.636
81.49,-70.381,369.501
81.495,-70.381,369.501
81.5,-70.381,375.366
81.505,-76.246,381.232
81.51,-76.246,381.232
81.515,-76.246,387.097
81.52,-76.246,387.097
81.525,-76.246,387.097
81.53,-82.111,387.097
81.535,-82.111,387.097
81.54,-82.111,387.097
81.545,-87.977,381.232
81.55,-87.977,375.366
81.555,-93.842,363.636
81.56,-99.707,346.041
81.565,-99.707,328.446
81.57000000000001,-105.572,310.85
81.575,-111.437,287.39
81.58,-111.437,263.93
81.58500000000001,-117.302,240.469
81.59,-123.167,217.009
81.595,-129.032,187.683
81.60000000000001,-129.032,164.223
81.605,-134.897,134.897
81.61,-134.897,111.437
81.615,-134.897,82.111
81.62,-129.032,58.651
81.625,-129.032,29.326
81.63,-129.032,-5.865
81.635,-123.167,-41.056
81.64,-123.167,-76.246
81.645,-117.302,-99.707
81.65,-111.437,-117.302
81.655,-105.572,-99.707
81.66,-99.707,-64.516
81.665,-93.842,-17.595
81.67,-87.977,0.0
81.675,-93.842,-17.595
81.68,-93.842,-46.921
81.685,-93.842,-87.977
81.69,-99.707,-129.032
81.69500000000001,-93.842,-164.223
81.7,-93.842,-181.818
81.705,-87.977,-164.223
81.71000000000001,-82.111,-140.762
81.715,-76.246,-129.032
81.72,-70.381,-123.167
81.72500000000001,-70.381,-129.032
81.73,-70.381,-134.897
81.735,-64.516,-134.897
81.74,-64.516,-123.167
81.745,-58.651,-111.437
81.75,-58.651,-111.437
81.755,-52.786,-111.437
81.76,-46.921,-105.572
81.765,-41.056,-111.437
81.77,-23.46,-111.437
81.775,-23.46,-111.437
81.78,-17.595,-111.437
81.785,-5.865,-111.437
81.79,11.73,-111.437
81.795,35.191,-105.572
81.8,52.786,-105.572
81.805,58.651,-99.707
81.81,64.516,-93.842
81.815,70.381,-87.977
81.82000000000001,76.246,-87.977
81.825,87.977,-82.111
81.83,99.707,-82.111
81.83500000000001,105.572,-82.111
81.84,117.302,-82.111
81.845,129.032,-82.111
81.85000000000001,146.628,-82.111
81.855,158.358,-82.111
81.86,170.088,-82.111
81.865,175.953,-76.246
81.87,187.683,-76.246
81.875,193.548,-76.246
81.88,205.279,-70.381
81.885,211.144,-70.381
81.89,217.009,-70.381
81.895,222.874,-70.381
81.9,234.604,-64.516
81.905,240.469,-64.516
81.91,246.334,-58.651
81.915,252.199,-58.651
81.92,258.064,-58.651
81.925,263.93,-58.651
81.93,269.795,-58.651
81.935,269.795,-58.651
81.94,275.66,-58.651
81.94500000000001,275.66,-58.651
81.95,275.66,-58.651
81.955,275.66,-58.651
81.96000000000001,281.525,-58.651
81.965,281.525,-58.651
81.97,287.39,-58.651
81.97500000000001,287.39,-58.651
81.98,287.39,-52.786
81.985,287.39,-52.786
81.99,287.39,-52.786
81.995,287.39,-52.786
82.0,287.39,-52.786
82.005,287.39,-46.921
82.01,281.525,-46.921
82.015,281.525,-46.921
82.02,275.66,-46.921
82.025,269.795,-46.921
82.03,263.93,-46.921
82.035,258.064,-46.921
82.04,252.199,-46.921
82.045,240.469,-46.921
82.05,228.739,-46.921
82.055,217.009,-46.921
82.06,199.413,-46.921
82.065,187.683,-46.921
82.07000000000001,170.088,-46.921
82.075,152.493,-46.921
82.08,134.897,-46.921
82.08500000000001,111.437,-46.921
82.09,93.842,-46.921
82.095,76.246,-46.921
82.10000000000001,52.786,-46.921
82.105,35.191,-46.921
82.11,11.73,-46.921
82.115,-5.865,-46.921
82.12,-23.46,-46.921
82.125,-35.191,-52.786
82.13,-58.651,-52.786
82.135,-82.111,-52.786
82.14,-105.572,-52.786
82.145,-117.302,-52.786
82.15,-111.437,-52.786
82.155,-82.111,-52.786
82.16,-46.921,-52.786
82.165,-23.46,-58.651
82.17,-41.056,-52.786
82.175,-70.381,-58.651
82.18,-93.842,-58.651
82.185,-111.437,-58.651
82.19,-123.167,-64.516
82.19500000000001,-134.897,-64.516
82.2,-134.897,-64.516
82.205,-123.167,-64.516
82.21000000000001,-105.572,-64.516
82.215,-105.572,-64.516
82.22,-117.302,-70.381
82.22500000000001,-129.032,-70.381
82.23,-129.032,-70.381
82.235,-129.032,-70.381
82.24,-117.302,-76.246
82.245,-105.572,-76.246
82.25,-99.707,-76.246
82.255,-99.707,-82.111
82.26,-93.842,-82.111
82.265,-87.977,-87.977
82.27,-82.111,-93.842
82.275,-76.246,-93.842
82.28,-70.381,-99.707
82.285,-64.516,-105.572
82.29,-64.516,-105.572
82.295,-58.651,-111.437
82.3,-58.651,-117.302
82.305,-58.651,-117.302
82.31,-58.651,-123.167
82.315,-58.651,-129.032
82.32000000000001,-58.651,-134.897
82.325,-58.651,-134.897
82.33,-58.651,-140.762
82.33500000000001,-58.651,-146.628
82.34,-64.516,-152.493
82.345,-64.516,-152.493
82.35000000000001,-64.516,-158.358
82.355,-64.516,-158.358
82.36,-64.516,-158.358
82.365,-64.516,-152.493
82.37,-64.516,-152.493
82.375,-64.516,-152.493
82.38,-64.516,-158.358
82.385,-64.516,-158.358
82.39,-64.516,-152.493
82.395,-64.516,-140.762
82.4,-64.516,-129.032
82.405,-64.516,-117.302
82.41,-64.516,-105.572
82.415,-64.516,-99.707
82.42,-64.516,-93.842
82.425,-64.516,-99.707
82.43,-64.516,-99.707
82.435,-64.516,-93.842
82.44,-64.516,-76.246
82.44500000000001,-64.516,-52.786
82.45,-64.516,-35.191
82.455,-64.516,-17.595
82.46000000000001,-64.516,0.0
82.465,-64.516,17.595
82.47,-64.516,52.786
82.47500000000001,-58.651,82.111
82.48,-58.651,111.437
82.485,-58.651,129.032
82.49,-58.651,134.897
82.495,-52.786,140.762
82.5,-52.786,146.628
82.505,-52.786,158.358
82.51,-52.786,164.223
82.515,-52.786,175.953
82.52,-52.786,193.548
82.525,-52.786,205.279
82.53,-52.786,222.874
82.535,-58.651,234.604
82.54,-58.651,246.334
82.545,-58.651,258.064
82.55,-58.651,275.66
82.555,-58.651,287.39
82.56,-58.651,299.12
82.565,-58.651,310.85
82.57000000000001,-58.651,322.581
82.575,-58.651,322.581
82.58,-58.651,328.446
82.58500000000001,-58.651,334.311
82.59,-58.651,340.176
82.595,-58.651,346.041
82.60000000000001,-58.651,351.906
82.605,-58.651,351.906
82.61,-64.516,357.771
82.615,-64.516,357.771
82.62,-64.516,363.636
82.625,-64.516,369.501
82.63,-64.516,369.501
82.635,-64.516,369.501
82.64,-64.516,363.636
82.645,-64.516,363.636
82.65,-64.516,363.636
82.655,-64.516,357.771
82.66,-64.516,351.906
82.665,-70.381,340.176
82.67,-70.381,328.446
82.675,-76.246,316.715
82.68,-76.246,299.12
82.685,-82.111,287.39
82.69,-82.111,263.93
82.69500000000001,-82.111,246.334
82.7,-87.977,228.739
82.705,-93.842,205.279
82.71000000000001,-99.707,187.683
82.715,-105.572,164.223
82.72,-111.437,140.762
82.72500000000001,-111.437,117.302
82.73,-111.437,82.111
82.735,-117.302,52.786
82.74,-117.302,23.46
82.745,-117.302,-5.865
82.75,-117.302,-41.056
82.755,-117.302,-70.381
82.76,-111.437,-99.707
82.765,-111.437,-111.437
82.77,-111.437,-93.842
82.775,-105.572,-70.381
82.78,-99.707,-35.191
82.785,-99.707,-23.46
82.79,-93.842,-29.326
82.795,-87.977,-46.921
82.8,-82.111,-76.246
82.805,-76.246,-111.437
82.81,-76.246,-140.762
82.815,-70.381,-146.628
82.82000000000001,-76.246,-134.897
82.825,-76.246,-117.302
82.83,-76.246,-105.572
82.83500000000001,-76.246,-105.572
82.84,-76.246,-111.437
82.845,-70.381,-117.302
82.85000000000001,-70.381,-105.572
82.855,-70.381,-93.842
82.86,-70.381,-93.842
82.865,-64.516,-87.977
82.87,-58.651,-87.977
82.875,-58.651,-87.977
82.88,-52.786,-82.111
82.885,-46.921,-82.111
82.89,-35.191,-82.111
82.895,-29.326,-82.111
82.9,-17.595,-82.111
82.905,-11.73,-76.246
82.91,-0.0,-70.381
82.915,17.595,-70.381
82.92,35.191,-70.381
82.925,46.921,-70.381
82.93,58.651,-64.516
82.935,58.651,-64.516
82.94,64.516,-64.516
82.94500000000001,70.381,-64.516
82.95,82.111,-70.381
82.955,93.842,-70.381
82.96000000000001,99.707,-64.516
82.965,111.437,-64.516
82.97,123.167,-64.516
82.97500000000001,134.897,-64.516
82.98,146.628,-64.516
82.985,152.493,-58.651
82.99,164.223,-58.651
82.995,175.953,-58.651
83.0,181.818,-52.786
83.005,187.683,-52.786
83.01,199.413,-52.786
83.015,205.279,-52.786
83.02,211.144,-46.921
83.025,217.009,-46.921
83.03,222.874,-46.921
83.035,228.739,-41.056
83.04,234.604,-41.056
83.045,234.604,-41.056
83.05,240.469,-41.056
83.055,240.469,-41.056
83.06,240.469,-46.921
83.065,246.334,-46.921
83.07000000000001,246.334,-46.921
83.075,246.334,-46.921
83.08,246.334,-46.921
83.08500000000001,252.199,-46.921
83.09,252.199,-46.921
83.095,252.199,-46.921
83.10000000000001,252.199,-46.921
83.105,252.199,-46.921
83.11,252.199,-46.921
83.115,252.199,-46.921
83.12,246.334,-46.921
83.125,246.334,-46.921
83.13,246.334,-46.921
83.135,240.469,-46.921
83.14,234.604,-46.921
83.145,234.604,-46.921
83.15,228.739,-46.921
83.155,222.874,-46.921
83.16,217.009,-46.921
83.165,211.144,-46.921
83.17,205.279,-46.921
83.175,199.413,-46.921
83.18,187.683,-46.921
83.185,181.818,-46.921
83.19,170.088,-46.921
83.19500000000001,164.223,-46.921
83.2,152.493,-46.921
83.205,140.762,-52.786
83.21000000000001,129.032,-52.786
83.215,117.302,-52.786
83.22,105.572,-52.786
83.22500000000001,93.842,-52.786
83.23,82.111,-52.786
83.235,64.516,-52.786
83.24,52.786,-52.786
83.245,35.191,-52.786
83.25,23.46,-52.786
83.255,5.865,-52.786
83.26,-5.865,-52.786
83.265,-17.595,-52.786
83.27,-29.326,-52.786
83.275,-41.056,-52.786
83.28,-52.786,-58.651
83.285,-64.516,-58.651
83.29,-70.381,-58.651
83.295,-70.381,-58.651
83.3,-52.786,-58.651
83.305,-23.46,-58.651
83.31,-5.865,-58.651
83.315,-0.0,-58.651
83.32000000000001,-17.595,-58.651
83.325,-29.326,-58.651
83.33,-41.056,-58.651
83.33500000000001,-58.651,-58.651
83.34,-82.111,-64.516
83.345,-93.842,-64.516
83.35000000000001,-99.707,-64.516
83.355,-87.977,-64.516
83.36,-70.381,-64.516
83.365,-82.111,-64.516
83.37,-93.842,-70.381
83.375,-105.572,-70.381
83.38,-105.572,-70.381
83.385,-99.707,-70.381
83.39,-99.707,-70.381
83.395,-93.842,-70.381
83.4,-87.977,-76.246
83.405,-87.977,-76.246
83.41,-87.977,-76.246
83.415,-82.111,-82.111
83.42,-76.246,-82.111
83.425,-70.381,-87.977
83.43,-64.516,-87.977
83.435,-64.516,-87.977
83.44,-58.651,-87.977
83.44500000000001,-58.651,-93.842
83.45,-52.786,-99.707
83.455,-52.786,-99.707
83.46000000000001,-52.786,-105.572
83.465,-46.921,-111.437
83.47,-46.921,-111.437
83.47500000000001,-46.921,-117.302
83.48,-46.921,-117.302
83.485,-46.921,-123.167
83.49,-46.921,-123.167
83.495,-46.921,-129.032
83.5,-46.921,-129.032
83.505,-46.921,-129.032
83.51,-46.921,-134.897
83.515,-46.921,-134.897
83.52,-46.921,-134.897
83.525,-46.921,-134.897
83.53,-46.921,-129.032
83.535,-41.056,-129.032
83.54,-41.056,-123.167
83.545,-41.056,-123.167
83.55,-41.056,-117.302
83.555,-35.191,-123.167
83.56,-35.191,-123.167
83.565,-35.191,-117.302
83.57000000000001,-35.191,-105.572
83.575,-35.191,-93.842
83.58,-35.191,-87.977
83.58500000000001,-35.191,-82.111
83.59,-35.191,-76.246
83.595,-29.326,-64.516
83.60000000000001,-35.191,-58.651
83.605,-29.326,-52.786
83.61,-29.326,-52.786
83.615,-29.326,-58.651
83.62,-29.326,-58.651
83.625,-29.326,-52.786
83.63,-23.46,-46.921
83.635,-23.46,-41.056
83.64,-23.46,-35.191
83.645,-23.46,-29.326
83.65,-17.595,-29.326
83.655,-17.595,-11.73
83.66,-17.595,23.46
83.665,-17.595,58.651
83.67,-11.73,76.246
83.675,-11.73,82.111
83.68,-5.865,87.977
83.685,-5.865,93.842
83.69,-5.865,99.707
83.69500000000001,-5.865,105.572
83.7,-5.865,117.302
83.705,-5.865,129.032
83.71000000000001,-5.865,146.628
83.715,-5.865,158.358
83.72,-5.865,170.088
83.72500000000001,-5.865,181.818
83.73,-0.0,187.683
83.735,-0.0,199.413
83.74,-0.0,205.279
83.745,-0.0,217.009
83.75,-0.0,222.874
83.755,-0.0,228.739
83.76,-0.0,234.604
83.765,-0.0,240.469
83.77,5.865,246.334
83.775,5.865,252.199
83.78,5.865,258.064
83.785,5.865,263.93
83.79,5.865,269.795
83.795,-0.0,269.795
83.8,5.865,275.66
83.805,5.865,275.66
83.81,-0.0,275.66
83.815,-0.0,275.66
83.82000000000001,-0.0,275.66
83.825,-0.0,275.66
83.83,-0.0,275.66
83.83500000000001,-5.865,269.795
83.84,-5.865,269.795
83.845,-5.865,263.93
83.85000000000001,-5.865,258.064
83.855,-5.865,252.199
83.86,-5.865,252.199
83.865,-5.865,246.334
83.87,-5.865,234.604
83.875,-5.865,228.739
83.88,-5.865,217.009
83.885,-5.865,211.144
83.89,-5.865,199.413
83.895,-0.0,187.683
83.9,-0.0,181.818
83.905,-0.0,170.088
83.91,-0.0,158.358
83.915,5.865,152.493
83.92,5.865,140.762
83.925,11.73,129.032
83.93,11.73,123.167
83.935,11.73,111.437
83.94,11.73,105.572
83.94500000000001,11.73,93.842
83.95,11.73,87.977
83.955,11.73,76.246
83.96000000000001,11.73,58.651
83.965,11.73,41.056
83.97,11.73,17.595
83.97500000000001,11.73,-5.865
83.98,11.73,-41.056
83.985,5.865,-70.381
83.99,5.865,-87.977
83.995,11.73,-93.842
84.0,11.73,-82.111
84.005,17.595,-70.381
84.01,17.595,-58.651
84.015,17.595,-41.056
84.02,17.595,-35.191
84.025,23.46,-35.191
84.03,23.46,-41.056
84.035,23.46,-46.921
84.04,29.326,-46.921
84.045,29.326,-41.056
84.05,29.326,-41.056
84.055,29.326,-35.191
84.06,35.191,-35.191
84.065,35.191,-23.46
84.07000000000001,35.191,-23.46
84.075,35.191,-23.46
84.08,35.191,-17.595
84.08500000000001,41.056,-17.595
84.09,41.056,-11.73
84.095,46.921,-11.73
84.10000000000001,46.921,-5.865
84.105,52.786,-11.73
84.11,52.786,-11.73
84.115,52.786,-5.865
84.12,52.786,-11.73
84.125,52.786,-11.73
84.13,58.651,-11.73
84.135,58.651,-11.73
84.14,58.651,-11.73
84.145,58.651,-11.73
84.15,58.651,-11.73
84.155,58.651,-11.73
84.16,58.651,-11.73
84.165,52.786,-11.73
84.17,52.786,-11.73
84.175,52.786,-11.73
84.18,41.056,-17.595
84.185,35.191,-17.595
84.19,29.326,-17.595
84.19500000000001,29.326,-17.595
84.2,23.46,-17.595
84.205,23.46,-17.595
84.21000000000001,17.595,-17.595
84.215,11.73,-17.595
84.22,5.865,-17.595
84.22500000000001,5.865,-17.595
84.23,-0.0,-17.595
84.235,-5.865,-17.595
84.24,-5.865,-17.595
84.245,-11.73,-17.595
84.25,-17.595,-17.595
84.255,-23.46,-17.595
84.26,-29.326,-17.595
84.265,-35.191,-17.595
84.27,-35.191,-11.73
84.275,-41.056,-11.73
84.28,-41.056,-11.73
84.285,-46.921,-11.73
84.29,-46.921,-11.73
84.295,-46.921,-11.73
84.3,-46.921,-11.73
84.305,-46.921,-11.73
84.31,-46.921,-11.73
84.315,-46.921,-11.73
84.32000000000001,-41.056,-11.73
84.325,-41.056,-11.73
84.33,-41.056,-11.73
84.33500000000001,-41.056,-11.73
84.34,-35.191,-11.73
84.345,-35.191,-11.73
84.35000000000001,-29.326,-11.73
84.355,-29.326,-11.73
84.36,-23.46,-11.73
84.365,-17.595,-11.73
84.37,-5.865,-5.865
84.375,-0.0,-11.73
84.38,5.865,-11.73
84.385,11.73,-11.73
84.39,23.46,-5.865
84.395,35.191,-5.865
84.4,46.921,-11.73
84.405,58.651,-5.865
84.41,70.381,-5.865
84.415,82.111,-5.865
84.42,87.977,-5.865
84.425,93.842,-5.865
84.43,93.842,-5.865
84.435,93.842,-5.865
84.44,87.977,-5.865
84.44500000000001,76.246,-5.865
84.45,70.381,-5.865
84.455,64.516,-5.865
84.46000000000001,58.651,-5.865
84.465,52.786,-5.865
84.47,46.921,-5.865
84.47500000000001,41.056,-5.865
84.48,35.191,-5.865
84.485,35.191,-11.73
84.49,35.191,-5.865
84.495,29.326,-11.73
84.5,29.326,-11.73
84.505,29.326,-11.73
84.51,29.326,-11.73
84.515,29.326,-11.73
84.52,23.46,-11.73
84.525,23.46,-11.73
84.53,23.46,-11.73
84.535,23.46,-11.73
84.54,23.46,-11.73
84.545,23.46,-11.73
84.55,23.46,-11.73
84.555,23.46,-11.73
84.56,23.46,-11.73
84.565,23.46,-17.595
84.57000000000001,23.46,-17.595
84.575,23.46,-17.595
84.58,23.46,-17.595
84.58500000000001,23.46,-17.595
84.59,23.46,-17.595
84.595,17.595,-17.595
84.60000000000001,17.595,-11.73
84.605,17.595,-11.73
84.61,17.595,-11.73
84.615,11.73,-11.73
84.62,11.73,-17.595
84.625,11.73,-11.73
84.63,5.865,-17.595
84.635,5.865,-17.595
84.64,5.865,-17.595
84.645,5.865,-17.595
84.65,5.865,-17.595
84.655,-0.0,-17.595
84.66,-0.0,-17.595
84.665,-0.0,-17.595
84.67,-5.865,-17.595
84.675,-5.865,-17.595
84.68,-5.865,-17.595
84.685,-5.865,-17.595
84.69,-5.865,-17.595
84.69500000000001,-5.865,-17.595
84.7,-11.73,-17.595
84.705,-11.73,-17.595
84.71000000000001,-11.73,-17.595
84.715,-11.73,-17.595
84.72,-11.73,-23.46
84.72500000000001,-11.73,-23.46
84.73,-11.73,-23.46
84.735,-11.73,-23.46
84.74,-11.73,-23.46
84.745,-11.73,-23.46
84.75,-11.73,-29.326
84.755,-11.73,-29.326
84.76,-11.73,-29.326
84.765,-11.73,-29.326
84.77,-17.595,-29.326
84.775,-11.73,-29.326
84.78,-11.73,-29.326
84.785,-11.73,-35.191
84.79,-11.73,-35.191
84.795,-11.73,-35.191
84.8,-11.73,-35.191
84.805,-11.73,-35.191
84.81,-11.73,-35.191
84.815,-11.73,-35.191
84.82000000000001,-11.73,-35.191
84.825,-11.73,-41.056
84.83,-11.73,-41.056
84.83500000000001,-5.865,-41.056
84.84,-5.865,-41.056
84.845,-5.865,-46.921
84.85000000000001,-5.865,-46.921
84.855,-5.865,-46.921
84.86,-5.865,-46.921
84.865,-0.0,-46.921
84.87,-0.0,-52.786
84.875,-0.0,-52.786
84.88,-0.0,-58.651
84.885,-0.0,-58.651
84.89,-0.0,-58.651
84.895,5.865,-64.516
84.9,5.865,-64.516
84.905,5.865,-70.381
84.91,5.865,-70.381
84.915,5.865,-76.246
84.92,5.865,-76.246
84.925,5.865,-82.111
84.93,5.865,-87.977
84.935,5.865,-87.977
84.94,5.865,-93.842
84.94500000000001,-0.0,-99.707
84.95,-0.0,-99.707
84.955,-0.0,-105.572
84.96000000000001,-0.0,-105.572
84.965,-0.0,-105.572
84.97,-0.0,-105.572
84.97500000000001,-0.0,-99.707
84.98,-0.0,-99.707
84.985,-0.0,-93.842
84.99,-0.0,-87.977
84.995,-0.0,-87.977
85.0,-0.0,-82.111
85.005,-0.0,-76.246
85.01,-0.0,-70.381
85.015,-0.0,-64.516
85.02,-0.0,-64.516
85.025,5.865,-58.651
85.03,5.865,-58.651
85.035,5.865,-52.786
85.04,5.865,-46.921
85.045,5.865,-46.921
85.05,11.73,-41.056
85.055,11.73,-35.191
85.06,11.73,-35.191
85.065,11.73,-23.46
85.07000000000001,11.73,-5.865
85.075,17.595,17.595
85.08,17.595,46.921
85.08500000000001,11.73,70.381
85.09,17.595,82.111
85.095,17.595,87.977
85.10000000000001,11.73,93.842
85.105,11.73,99.707
85.11,11.73,111.437
85.115,11.73,123.167
85.12,11.73,134.897
85.125,11.73,146.628
85.13,5.865,158.358
85.135,5.865,170.088
85.14,5.865,175.953
85.145,5.865,181.818
85.15,5.865,193.548
85.155,5.865,199.413
85.16,5.865,199.413
85.165,-0.0,205.279
85.17,-0.0,205.279
85.175,-0.0,211.144
85.18,-0.0,205.279
85.185,-0.0,211.144
85.19,-0.0,211.144
85.19500000000001,-0.0,211.144
85.2,-0.0,211.144
85.205,-0.0,205.279
85.21000000000001,-0.0,199.413
85.215,5.865,193.548
85.22,5.865,187.683
85.22500000000001,5.865,181.818
85.23,5.865,175.953
85.235,5.865,170.088
85.24,5.865,152.493
85.245,5.865,123.167
85.25,5.865,52.786
85.255,5.865,-52.786
85.26,5.865,-158.358
85.265,5.865,-134.897
85.27,5.865,-70.381
85.275,5.865,-41.056
85.28,5.865,-41.056
85.285,5.865,-41.056
85.29,5.865,-17.595
85.295,5.865,11.73
85.3,5.865,23.46
85.305,5.865,23.46
85.31,5.865,11.73
85.315,5.865,-11.73
85.32000000000001,5.865,-23.46
85.325,5.865,-35.191
85.33,5.865,-29.326
85.33500000000001,5.865,-11.73
85.34,-0.0,0.0
85.345,5.865,0.0
85.35000000000001,5.865,-5.865
85.355,5.865,-11.73
85.36,5.865,-11.73
85.365,5.865,-5.865
85.37,5.865,-5.865
85.375,5.865,0.0
85.38,5.865,0.0
85.385,5.865,5.865
85.39,5.865,5.865
85.395,5.865,5.865
85.4,5.865,0.0
85.405,5.865,0.0
85.41,-0.0,0.0
85.415,5.865,0.0
85.42,5.865,5.865
85.425,5.865,5.865
85.43,5.865,5.865
85.435,5.865,0.0
85.44,5.865,5.865
85.44500000000001,5.865,5.865
85.45,5.865,5.865
85.455,5.865,5.865
85.46000000000001,5.865,5.865
85.465,5.865,5.865
85.47,5.865,5.865
85.47500000000001,5.865,5.865
85.48,5.865,5.865
85.485,5.865,5.865
85.49,5.865,5.865
85.495,5.865,5.865
85.5,5.865,5.865
85.505,5.865,5.865
85.51,5.865,5.865
85.515,5.865,5.865
85.52,11.73,5.865
85.525,5.865,5.865
85.53,11.73,5.865
85.535,5.865,5.865
85.54,5.865,5.865
85.545,5.865,5.865
85.55,5.865,5.865
85.555,-0.0,5.865
85.56,-0.0,5.865
85.565,-0.0,5.865
85.57000000000001,-0.0,5.865
85.575,-0.0,5.865
85.58,-0.0,5.865
85.58500000000001,-0.0,5.865
85.59,-0.0,5.865
85.595,-0.0,5.865
85.60000000000001,-5.865,5.865
85.605,-0.0,5.865
85.61,-0.0,5.865
85.615,-0.0,5.865
85.62,-0.0,0.0
85.625,-0.0,0.0
85.63,-0.0,0.0
85.635,-0.0,0.0
85.64,-0.0,0.0
85.645,5.865,0.0
85.65,5.865,0.0
85.655,5.865,0.0
85.66,5.865,0.0
85.665,5.865,0.0
85.67,5.865,0.0
85.675,5.865,0.0
85.68,5.865,0.0
85.685,5.865,0.0
85.69,5.865,0.0
85.69500000000001,5.865,0.0
85.7,5.865,-5.865
85.705,-0.0,-5.865
85.71000000000001,-0.0,-5.865
85.715,-0.0,-5.865
85.72,-0.0,-5.865
85.72500000000001,-5.865,-5.865
85.73,-5.865,-5.865
85.735,-5.865,-5.865
85.74,-5.865,-5.865
85.745,-0.0,-5.865
85.75,-0.0,-5.865
85.755,-5.865,-5.865
85.76,-5.865,-5.865
85.765,-5.865,-5.865
85.77,-0.0,-5.865
85.775,-5.865,-5.865
85.78,-0.0,-5.865
85.785,-0.0,-5.865
85.79,-0.0,-5.865
85.795,-0.0,-5.865
85.8,-0.0,-5.865
85.805,-0.0,-5.865
85.81,-0.0,-5.865
85.815,-0.0,-11.73
85.82000000000001,-0.0,-11.73
85.825,-0.0,-5.865
85.83,-0.0,-5.865
85.83500000000001,-0.0,-5.865
85.84,-0.0,-5.865
85.845,-0.0,-5.865
85.85000000000001,-0.0,-5.865
85.855,-0.0,-5.865
85.86,-0.0,-5.865
85.865,-0.0,-5.865
85.87,-0.0,-5.865
85.875,-0.0,-5.865
85.88,-0.0,-5.865
85.885,-0.0,-5.865
85.89,-0.0,-5.865
85.895,-0.0,0.0
85.9,-0.0,0.0
85.905,-0.0,0.0
85.91,-0.0,0.0
85.915,-0.0,0.0
85.92,-0.0,0.0
85.925,-5.865,0.0
85.93,-0.0,0.0
85.935,-0.0,0.0
85.94,-0.0,0.0
85.94500000000001,-0.0,0.0
85.95,-0.0,0.0
85.955,-0.0,0.0
85.96000000000001,-0.0,0.0
85.965,-0.0,0.0
85.97,-0.0,0.0
85.97500000000001,-0.0,0.0
85.98,-0.0,0.0
85.985,-0.0,0.0
85.99,-0.0,0.0
85.995,-0.0,0.0
86.0,-0.0,0.0
86.005,-0.0,0.0
86.01,-0.0,0.0
86.015,-0.0,0.0
86.02,-0.0,0.0
86.025,-0.0,0.0
86.03,-0.0,0.0
86.035,-0.0,0.0
86.04,-0.0,0.0
86.045,-0.0,0.0
86.05,-0.0,0.0
86.055,-0.0,0.0
86.06,5.865,0.0
86.065,-0.0,0.0
86.07000000000001,-0.0,0.0
86.075,-0.0,0.0
86.08,5.865,0.0
86.08500000000001,5.865,0.0
86.09,5.865,0.0
86.095,5.865,0.0
86.10000000000001,-0.0,0.0
86.105,-0.0,0.0
86.11,5.865,0.0
86.115,5.865,5.865
86.12,5.865,5.865
86.125,5.865,5.865
86.13,5.865,5.865
86.135,5.865,5.865
86.14,5.865,5.865
86.145,5.865,5.865
86.15,5.865,5.865
86.155,5.865,5.865
86.16,5.865,5.865
86.165,-0.0,5.865
86.17,5.865,5.865
86.175,5.865,5.865
86.18,-0.0,5.865
86.185,-0.0,5.865
86.19,5.865,5.865
86.19500000000001,-0.0,5.865
86.2,5.865,5.865
86.205,-0.0,5.865
86.21000000000001,-0.0,5.865
86.215,-0.0,5.865
86.22,-0.0,5.865
86.22500000000001,-0.0,5.865
86.23,-0.0,5.865
86.235,5.865,5.865
86.24,-0.0,5.865
86.245,-0.0,5.865
86.25,-0.0,5.865
86.255,-0.0,5.865
86.26,-0.0,5.865
86.265,-0.0,5.865
86.27,-0.0,5.865
86.275,-0.0,5.865
86.28,-0.0,5.865
86.285,-0.0,5.865
86.29,-0.0,5.865
86.295,-0.0,5.865
86.3,-0.0,5.865
86.305,-0.0,5.865
86.31,-0.0,5.865
86.315,-0.0,5.865
86.32000000000001,-0.0,5.865
86.325,-0.0,5.865
86.33,-0.0,5.865
86.33500000000001,-0.0,5.865
86.34,-0.0,5.865
86.345,-0.0,5.865
86.35000000000001,-0.0,5.865
86.355,-0.0,5.865
86.36,-0.0,5.865
86.365,-0.0,5.865
86.37,-0.0,5.865
86.375,-0.0,5.865
86.38,-0.0,5.865
86.385,-0.0,5.865
86.39,-0.0,5.865
86.395,-0.0,5.865
86.4,-0.0,5.865
86.405,-0.0,5.865
86.41,-0.0,5.865
86.415,-0.0,5.865
86.42,-0.0,5.865
86.425,-0.0,5.865
86.43,-0.0,5.865
86.435,-0.0,5.865
86.44,-0.0,5.865
86.44500000000001,-0.0,5.865
86.45,-0.0,5.865
86.455,-0.0,5.865
86.46000000000001,-0.0,5.865
86.465,-0.0,5.865
86.47,-0.0,5.865
86.47500000000001,-0.0,5.865
86.48,5.865,5.865
86.485,-0.0,5.865
86.49,5.865,5.865
86.495,-0.0,5.865
86.5,-0.0,5.865
86.505,-0.0,5.865
86.51,-0.0,5.865
86.515,5.865,5.865
86.52,5.865,5.865
86.525,-0.0,5.865
86.53,-0.0,5.865
86.535,-0.0,5.865
86.54,-0.0,5.865
86.545,5.865,5.865
86.55,-0.0,5.865
86.555,-0.0,5.865
86.56,-0.0,5.865
86.565,5.865,5.865
86.57000000000001,-0.0,5.865
86.575,-0.0,5.865
86.58,-0.0,5.865
86.58500000000001,-0.0,5.865
86.59,-0.0,5.865
86.595,-0.0,5.865
86.60000000000001,-0.0,5.865
86.605,-0.0,5.865
86.61,5.865,5.865
86.615,-0.0,5.865
86.62,-0.0,5.865
86.625,-0.0,5.865
86.63,-0.0,5.865
86.635,5.865,5.865
86.64,5.865,5.865
86.645,5.865,5.865
86.65,-0.0,5.865
86.655,5.865,5.865
86.66,5.865,5.865
86.665,5.865,5.865
86.67,5.865,5.865
86.675,5.865,5.865
86.68,5.865,5.865
86.685,5.865,5.865
86.69,5.865,5.865
86.69500000000001,-0.0,5.865
86.7,5.865,5.865
86.705,-0.0,5.865
86.71000000000001,-0.0,5.865
86.715,-0.0,5.865
86.72,-0.0,5.865
86.72500000000001,-0.0,5.865
86.73,5.865,5.865
86.735,-0.0,5.865
86.74,-0.0,5.865
86.745,5.865,5.865
86.75,-0.0,0.0
86.755,-0.0,0.0
86.76,-0.0,5.865
86.765,-0.0,0.0
86.77,-0.0,0.0
86.775,-0.0,0.0
86.78,-0.0,0.0
86.785,-0.0,0.0
86.79,-0.0,0.0
86.795,-0.0,0.0
86.8,5.865,0.0
86.805,-0.0,0.0
86.81,-0.0,0.0
86.815,-0.0,0.0
86.82000000000001,-0.0,0.0
86.825,-0.0,0.0
86.83,-0.0,0.0
86.83500000000001,-0.0,0.0
86.84,-0.0,0.0
86.845,-0.0,0.0
86.85000000000001,-0.0,0.0
86.855,-0.0,0.0
86.86,-0.0,0.0
86.865,-0.0,0.0
86.87,-0.0,0.0
86.875,-0.0,0.0
86.88,-0.0,0.0
86.885,-0.0,0.0
86.89,-0.0,0.0
86.895,-0.0,0.0
86.9,-0.0,0.0
86.905,-0.0,0.0
86.91,-0.0,0.0
86.915,-0.0,0.0
86.92,-0.0,0.0
86.925,-0.0,0.0
86.93,-0.0,0.0
86.935,-0.0,0.0
86.94,-0.0,0.0
86.94500000000001,-0.0,0.0
86.95,-0.0,0.0
86.955,-0.0,0.0
86.96000000000001,-0.0,0.0
86.965,-0.0,0.0
86.97,-0.0,0.0
86.97500000000001,-0.0,0.0
86.98,-0.0,0.0
86.985,-0.0,0.0
86.99,-0.0,0.0
86.995,-0.0,0.0
87.0,-0.0,0.0
87.005,-0.0,0.0
87.01,-0.0,0.0
87.015,-0.0,0.0
87.02,5.865,0.0
87.025,-0.0,0.0
87.03,-0.0,0.0
87.035,-0.0,0.0
87.04,-0.0,0.0
87.045,-0.0,0.0
87.05,-0.0,0.0
87.055,-0.0,0.0
87.06,-0.0,0.0
87.065,5.865,0.0
87.07000000000001,-0.0,0.0
87.075,-0.0,0.0
87.08,-0.0,0.0
87.08500000000001,-0.0,0.0
87.09,-0.0,0.0
87.095,-0.0,0.0
87.10000000000001,-0.0,0.0
87.105,-0.0,0.0
87.11,-0.0,0.0
87.115,-0.0,0.0
87.12,-0.0,0.0
87.125,-0.0,0.0
87.13,-0.0,0.0
87.135,-0.0,0.0
87.14,-0.0,0.0
87.145,-0.0,0.0
87.15,-0.0,0.0
87.155,-0.0,0.0
87.16,-0.0,0.0
87.165,-0.0,0.0
87.17,-0.0,0.0
87.175,-0.0,0.0
87.18,-0.0,0.0
87.185,-0.0,5.865
87.19,-0.0,5.865
87.19500000000001,-0.0,5.865
87.2,-0.0,5.865
87.205,-0.0,5.865
87.21000000000001,-0.0,0.0
87.215,-0.0,5.865
87.22,-0.0,5.865
87.22500000000001,-0.0,5.865
87.23,-0.0,0.0
87.235,-0.0,0.0
87.24,-0.0,0.0
87.245,-0.0,0.0
87.25,-0.0,0.0
87.255,-0.0,0.0
87.26,-0.0,0.0
87.265,-0.0,5.865
87.27,-0.0,5.865
87.275,-0.0,0.0
87.28,-0.0,0.0
87.285,-0.0,0.0
87.29,-0.0,5.865
87.295,-0.0,0.0
87.3,-0.0,5.865
87.305,-0.0,0.0
87.31,-0.0,5.865
87.315,-0.0,5.865
87.32000000000001,-0.0,5.865
87.325,-0.0,0.0
87.33,-0.0,5.865
87.33500000000001,-0.0,5.865
87.34,-0.0,5.865
87.345,-0.0,5.865
87.35000000000001,-0.0,5.865
87.355,-0.0,5.865
87.36,-0.0,0.0
87.365,-0.0,0.0
87.37,-0.0,0.0
87.375,-0.0,0.0
87.38,-0.0,0.0
87.385,-0.0,0.0
87.39,-0.0,0.0
87.395,-0.0,0.0
87.4,-0.0,0.0
87.405,-0.0,0.0
87.41,-0.0,0.0
87.415,-0.0,0.0
87.42,-0.0,0.0
87.425,-0.0,0.0
87.43,-0.0,0.0
87.435,-0.0,0.0
87.44,-0.0,0.0
87.44500000000001,-5.865,0.0
87.45,-5.865,0.0
87.455,-0.0,0.0
87.46000000000001,-0.0,0.0
87.465,-5.865,0.0
87.47,-0.0,0.0
87.47500000000001,-0.0,0.0
87.48,-0.0,0.0
87.485,-0.0,0.0
87.49,-0.0,0.0
87.495,-0.0,0.0
87.5,-0.0,0.0
87.505,-0.0,0.0
87.51,-0.0,0.0
87.515,-0.0,0.0
87.52,-0.0,0.0
87.525,-0.0,0.0
87.53,-0.0,0.0
87.535,-0.0,0.0
87.54,-0.0,0.0
87.545,-0.0,0.0
87.55,-0.0,0.0
87.555,-0.0,0.0
87.56,-0.0,0.0
87.565,-0.0,0.0
87.57000000000001,-0.0,0.0
87.575,-0.0,0.0
87.58,-0.0,0.0
87.58500000000001,-0.0,0.0
87.59,-0.0,0.0
87.595,-0.0,0.0
87.60000000000001,-0.0,0.0
87.605,-0.0,0.0
87.61,-0.0,0.0
87.615,-0.0,0.0
87.62,-0.0,0.0
87.625,-0.0,0.0
87.63,-0.0,0.0
87.635,-0.0,0.0
87.64,-0.0,0.0
87.645,-0.0,0.0
87.65,-0.0,0.0
87.655,-0.0,0.0
87.66,-0.0,0.0
87.665,-0.0,0.0
87.67,-0.0,0.0
87.675,-0.0,0.0
87.68,-0.0,0.0
87.685,-0.0,0.0
87.69,-0.0,0.0
87.69500000000001,-0.0,0.0
87.7,-0.0,0.0
87.705,-0.0,0.0
87.71000000000001,-0.0,0.0
87.715,-0.0,0.0
87.72,-0.0,0.0
87.72500000000001,-0.0,0.0
87.73,-0.0,0.0
87.735,-0.0,0.0
87.74,-0.0,0.0
87.745,-0.0,0.0
87.75,-0.0,0.0
87.755,-0.0,0.0
87.76,-0.0,0.0
87.765,-0.0,0.0
87.77,-5.865,0.0
87.775,-0.0,0.0
87.78,-0.0,0.0
87.785,-5.865,0.0
87.79,-0.0,0.0
87.795,-0.0,0.0
87.8,-0.0,0.0
87.805,-0.0,0.0
87.81,-5.865,0.0
87.815,-5.865,0.0
87.82000000000001,-0.0,0.0
87.825,-0.0,0.0
87.83,-0.0,0.0
87.83500000000001,-0.0,0.0
87.84,-0.0,0.0
87.845,-0.0,0.0
87.85000000000001,-0.0,0.0
87.855,-0.0,0.0
87.86,-0.0,0.0
87.865,-0.0,0.0
87.87,-0.0,0.0
87.875,-0.0,0.0
87.88,-0.0,0.0
87.885,-0.0,0.0
87.89,-0.0,0.0
87.895,-0.0,0.0
87.9,-0.0,0.0
87.905,-0.0,0.0
87.91,-0.0,0.0
87.915,-0.0,0.0
87.92,-0.0,0.0
87.925,-0.0,0.0
87.93,-0.0,0.0
87.935,-0.0,0.0
87.94,-0.0,0.0
87.94500000000001,-0.0,0.0
87.95,-0.0,0.0
87.955,-0.0,0.0
87.96000000000001,-0.0,0.0
87.965,-0.0,0.0
87.97,-0.0,0.0
87.97500000000001,-0.0,0.0
87.98,-0.0,0.0
87.985,-0.0,0.0
87.99,-0.0,0.0
87.995,-0.0,0.0
88.0,-0.0,0.0
88.005,-0.0,0.0
88.01,-0.0,0.0
88.015,-0.0,0.0
88.02,-0.0,0.0
88.025,-0.0,0.0
88.03,-0.0,0.0
88.035,-0.0,0.0
88.04,-0.0,0.0
88.045,-0.0,0.0
88.05,-0.0,0.0
88.055,-0.0,0.0
88.06,-0.0,0.0
88.065,-0.0,0.0
88.07000000000001,-0.0,0.0
88.075,-0.0,0.0
88.08,-0.0,0.0
88.08500000000001,-0.0,0.0
88.09,-0.0,0.0
88.095,-0.0,0.0
88.10000000000001,-0.0,0.0
88.105,-0.0,0.0
88.11,-0.0,0.0
88.115,-0.0,0.0
88.12,-0.0,0.0
88.125,-0.0,0.0
88.13,-0.0,0.0
88.135,-0.0,0.0
88.14,-0.0,0.0
88.145,-0.0,0.0
88.15,-0.0,0.0
88.155,-0.0,0.0
88.16,-0.0,0.0
88.165,-0.0,0.0
88.17,-0.0,0.0
88.175,-0.0,0.0
88.18,-0.0,0.0
88.185,-0.0,0.0
88.19,-0.0,0.0
88.19500000000001,-0.0,0.0
88.2,-0.0,5.865
88.205,-0.0,0.0
88.21000000000001,-0.0,0.0
88.215,-0.0,0.0
88.22,-0.0,0.0
88.22500000000001,-0.0,0.0
88.23,-0.0,0.0
88.235,-0.0,0.0
88.24,-0.0,0.0
88.245,-0.0,0.0
88.25,-0.0,0.0
88.255,-0.0,0.0
88.26,-0.0,5.865
88.265,-0.0,0.0
88.27,-0.0,0.0
88.275,-0.0,0.0
88.28,-0.0,0.0
88.285,-0.0,0.0
88.29,-0.0,0.0
88.295,-0.0,0.0
88.3,-0.0,0.0
88.305,-0.0,0.0
88.31,-0.0,0.0
88.315,-0.0,0.0
88.32000000000001,-0.0,0.0
88.325,-0.0,0.0
88.33,-0.0,0.0
88.33500000000001,-0.0,0.0
88.34,-0.0,5.865
88.345,-0.0,0.0
88.35000000000001,-0.0,0.0
88.355,-0.0,0.0
88.36,-0.0,0.0
88.365,-0.0,0.0
88.37,-0.0,0.0
88.375,-0.0,5.865
88.38,-0.0,0.0
88.385,-0.0,0.0
88.39,-0.0,5.865
88.395,-0.0,0.0
88.4,5.865,0.0
88.405,5.865,5.865
88.41,5.865,0.0
88.415,-0.0,0.0
88.42,-0.0,0.0
88.425,-0.0,0.0
88.43,5.865,0.0
88.435,5.865,0.0
88.44,5.865,0.0
88.44500000000001,5.865,0.0
88.45,-0.0,5.865
88.455,-0.0,5.865
88.46000000000001,5.865,5.865
88.465,5.865,0.0
88.47,-0.0,5.865
88.47500000000001,-0.0,0.0
88.48,-0.0,5.865
88.485,5.865,0.0
88.49,5.865,5.865
88.495,5.865,0.0
88.5,5.865,0.0
88.505,5.865,0.0
88.51,-0.0,0.0
88.515,5.865,0.0
88.52,-0.0,5.865
88.525,-0.0,0.0
88.53,-0.0,5.865
88.535,-0.0,5.865
88.54,-0.0,5.865
88.545,-0.0,5.865
88.55,-0.0,5.865
88.555,-0.0,0.0
88.56,-0.0,0.0
88.565,-0.0,0.0
88.57000000000001,-0.0,0.0
88.575,-0.0,0.0
88.58,5.865,0.0
88.58500000000001,-0.0,0.0
88.59,5.865,0.0
88.595,-0.0,0.0
88.60000000000001,5.865,0.0
88.605,-0.0,0.0
88.61,5.865,0.0
88.615,5.865,0.0
88.62,5.865,0.0
88.625,-0.0,0.0
88.63,-0.0,5.865
88.635,-0.0,0.0
88.64,-0.0,0.0
88.645,-0.0,0.0
88.65,-0.0,0.0
88.655,-0.0,0.0
88.66,-0.0,0.0
88.665,-0.0,0.0
88.67,5.865,0.0
88.675,-0.0,0.0
88.68,-0.0,0.0
88.685,-0.0,0.0
88.69,-0.0,0.0
88.69500000000001,-0.0,0.0
88.7,-0.0,0.0
88.705,-0.0,0.0
88.71000000000001,-0.0,0.0
88.715,5.865,0.0
88.72,5.865,0.0
88.72500000000001,-0.0,0.0
88.73,-0.0,0.0
88.735,-0.0,0.0
88.74,-0.0,0.0
88.745,5.865,0.0
88.75,-0.0,0.0
88.755,-0.0,0.0
88.76,-0.0,0.0
88.765,5.865,0.0
88.77,-0.0,0.0
88.775,-0.0,0.0
88.78,-0.0,0.0
88.785,5.865,0.0
88.79,-0.0,0.0
88.795,-0.0,0.0
88.8,-0.0,0.0
88.805,-0.0,0.0
88.81,-0.0,0.0
88.815,-0.0,0.0
88.82000000000001,-0.0,0.0
88.825,-0.0,0.0
88.83,-0.0,0.0
88.83500000000001,-0.0,0.0
88.84,-0.0,0.0
88.845,-0.0,0.0
88.85000000000001,-0.0,0.0
88.855,-0.0,0.0
88.86,-0.0,0.0
88.865,-0.0,0.0
88.87,-0.0,0.0
88.875,-0.0,0.0
88.88,-0.0,0.0
88.885,-0.0,0.0
88.89,-0.0,0.0
88.895,-0.0,0.0
88.9,-0.0,0.0
88.905,-0.0,0.0
88.91,-0.0,0.0
88.915,-0.0,0.0
88.92,-0.0,0.0
88.925,-0.0,0.0
88.93,-0.0,0.0
88.935,-0.0,0.0
88.94,-0.0,0.0
88.94500000000001,-0.0,0.0
88.95,-0.0,0.0
88.955,-0.0,0.0
88.96000000000001,-0.0,0.0
88.965,-0.0,0.0
88.97,-0.0,0.0
88.97500000000001,-0.0,0.0
88.98,-0.0,0.0
88.985,-0.0,0.0
88.99,-0.0,0.0
88.995,-0.0,0.0
89.0,-0.0,0.0
89.005,-0.0,0.0
89.01,-0.0,0.0
89.015,-0.0,0.0
89.02,-0.0,0.0
89.025,-0.0,0.0
89.03,-0.0,0.0
89.035,-0.0,0.0
89.04,-0.0,0.0
89.045,-0.0,0.0
89.05,-0.0,0.0
89.055,-0.0,0.0
89.06,-0.0,0.0
89.065,-0.0,0.0
89.07000000000001,-0.0,0.0
89.075,-0.0,0.0
89.08,-0.0,0.0
89.08500000000001,-0.0,0.0
89.09,-0.0,0.0
89.095,5.865,0.0
89.10000000000001,-0.0,0.0
89.105,5.865,0.0
89.11,5.865,0.0
89.115,-0.0,0.0
89.12,-0.0,0.0
89.125,5.865,0.0
89.13,-0.0,0.0
89.135,5.865,0.0
89.14,-0.0,0.0
89.145,5.865,0.0
89.15,5.865,0.0
89.155,5.865,0.0
89.16,5.865,0.0
89.165,5.865,0.0
89.17,5.865,0.0
89.175,5.865,0.0
89.18,5.865,0.0
89.185,5.865,0.0
89.19,5.865,0.0
89.19500000000001,-0.0,0.0
89.2,5.865,0.0
89.205,5.865,0.0
89.21000000000001,5.865,0.0
89.215,5.865,0.0
89.22,5.865,0.0
89.22500000000001,5.865,0.0
89.23,5.865,0.0
89.235,5.865,0.0
89.24,5.865,0.0
89.245,-0.0,0.0
89.25,-0.0,0.0
89.255,-0.0,0.0
89.26,-0.0,5.865
89.265,-0.0,0.0
89.27,-0.0,5.865
89.275,-0.0,0.0
89.28,-0.0,5.865
89.285,-0.0,0.0
89.29,-0.0,5.865
89.295,-0.0,0.0
89.3,-0.0,0.0
89.305,-0.0,0.0
89.31,-0.0,-5.865
89.315,-0.0,-5.865
89.32000000000001,-5.865,-5.865
89.325,-5.865,-5.865
89.33,-5.865,-11.73
89.33500000000001,-5.865,-11.73
89.34,-5.865,-11.73
89.345,-5.865,-17.595
89.35000000000001,-5.865,-17.595
89.355,-5.865,-17.595
89.36,-11.73,-23.46
89.365,-11.73,-23.46
89.37,-11.73,-23.46
89.375,-11.73,-29.326
89.38,-11.73,-29.326
89.385,-11.73,-29.326
89.39,-17.595,-29.326
89.395,-17.595,-29.326
89.4,-17.595,-29.326
89.405,-17.595,-29.326
89.41,-17.595,-29.326
89.415,-17.595,-29.326
89.42,-17.595,-29.326
89.425,-17.595,-23.46
89.43,-17.595,-23.46
89.435,-17.595,-29.326
89.44,-17.595,-23.46
89.44500000000001,-17.595,-23.46
89.45,-17.595,-23.46
89.455,-17.595,-23.46
89.46000000000001,-17.595,-23.46
89.465,-17.595,-17.595
89.47,-17.595,-17.595
89.47500000000001,-17.595,-17.595
89.48,-17.595,-17.595
89.485,-17.595,-17.595
89.49,-17.595,-17.595
89.495,-17.595,-11.73
89.5,-11.73,-11.73
89.505,-11.73,-11.73
89.51,-11.73,-11.73
89.515,-11.73,-11.73
89.52,-11.73,-11.73
89.525,-11.73,-5.865
89.53,-11.73,-5.865
89.535,-11.73,-11.73
89.54,-11.73,-11.73
89.545,-11.73,-5.865
89.55,-11.73,-5.865
89.555,-11.73,-5.865
89.56,-11.73,-5.865
89.565,-11.73,-5.865
89.57000000000001,-11.73,-5.865
89.575,-11.73,-5.865
89.58,-11.73,-5.865
89.58500000000001,-11.73,-5.865
89.59,-11.73,-5.865
89.595,-11.73,0.0
89.60000000000001,-17.595,5.865
89.605,-17.595,5.865
89.61,-17.595,5.865
89.615,-17.595,5.865
89.62,-17.595,5.865
89.625,-17.595,0.0
89.63,-17.595,0.0
89.635,-17.595,0.0
89.64,-17.595,0.0
89.645,-17.595,0.0
89.65,-17.595,0.0
89.655,-17.595,0.0
89.66,-17.595,0.0
89.665,-17.595,0.0
89.67,-17.595,0.0
89.675,-17.595,0.0
89.68,-17.595,0.0
89.685,-17.595,-5.865
89.69,-17.595,-5.865
89.69500000000001,-17.595,-5.865
89.7,-17.595,-5.865
89.705,-17.595,-5.865
89.71000000000001,-17.595,-5.865
89.715,-17.595,-5.865
89.72,-17.595,-5.865
89.72500000000001,-23.46,-11.73
89.73,-23.46,-11.73
89.735,-23.46,-11.73
89.74,-23.46,-11.73
89.745,-23.46,-11.73
89.75,-23.46,-11.73
89.755,-23.46,-11.73
89.76,-23.46,-11.73
89.765,-23.46,-11.73
89.77,-29.326,-11.73
89.775,-29.326,-11.73
89.78,-29.326,-11.73
89.785,-29.326,-11.73
89.79,-35.191,-11.73
89.795,-35.191,-11.73
89.8,-35.191,-11.73
89.805,-35.191,-11.73
89.81,-41.056,-11.73
89.815,-41.056,-11.73
89.82000000000001,-46.921,-11.73
89.825,-46.921,-11.73
89.83,-46.921,-11.73
89.83500000000001,-52.786,-11.73
89.84,-52.786,-11.73
89.845,-52.786,-5.865
89.85000000000001,-52.786,-5.865
89.855,-58.651,-5.865
89.86,-58.651,-5.865
89.865,-58.651,-5.865
89.87,-58.651,-5.865
89.875,-64.516,-5.865
89.88,-70.381,-5.865
89.885,-70.381,-5.865
89.89,-76.246,-5.865
89.895,-76.246,-5.865
89.9,-76.246,-5.865
89.905,-76.246,-5.865
89.91,-76.246,-5.865
89.915,-76.246,-5.865
89.92,-76.246,-5.865
89.925,-76.246,0.0
89.93,-70.381,0.0
89.935,-64.516,0.0
89.94,-64.516,0.0
89.94500000000001,-52.786,0.0
89.95,-46.921,0.0
89.955,-35.191,0.0
89.96000000000001,-23.46,0.0
89.965,-11.73,0.0
89.97,-0.0,0.0
89.97500000000001,5.865,0.0
89.98,17.595,0.0
89.985,29.326,0.0
89.99,35.191,0.0
89.995,46.921,0.0
90.0,52.786,0.0
90.005,58.651,0.0
90.01,70.381,0.0
90.015,82.111,0.0
90.02,87.977,0.0
90.025,99.707,-5.865
90.03,105.572,0.0
90.035,111.437,-5.865
90.04,123.167,-5.865
90.045,129.032,-5.865
90.05,134.897,-5.865
90.055,140.762,-5.865
90.06,146.628,-5.865
90.065,152.493,-5.865
90.07000000000001,158.358,-5.865
90.075,158.358,-5.865
90.08,164.223,-5.865
90.08500000000001,164.223,-5.865
90.09,170.088,-5.865
90.095,170.088,-5.865
90.10000000000001,175.953,-5.865
90.105,175.953,-5.865
90.11,175.953,-5.865
90.115,175.953,-5.865
90.12,175.953,-5.865
90.125,175.953,-5.865
90.13,175.953,-5.865
90.135,175.953,-5.865
90.14,175.953,-11.73
90.145,170.088,-11.73
90.15,170.088,-5.865
90.155,170.088,-11.73
90.16,164.223,-11.73
90.165,164.223,-11.73
90.17,158.358,-11.73
90.175,158.358,-11.73
90.18,152.493,-11.73
90.185,152.493,-11.73
90.19,146.628,-11.73
90.19500000000001,140.762,-11.73
90.2,134.897,-17.595
90.205,129.032,-17.595
90.21000000000001,129.032,-17.595
90.215,123.167,-17.595
90.22,117.302,-17.595
90.22500000000001,111.437,-17.595
90.23,105.572,-23.46
90.235,99.707,-23.46
90.24,93.842,-23.46
90.245,87.977,-23.46
90.25,82.111,-29.326
90.255,76.246,-29.326
90.26,70.381,-29.326
90.265,58.651,-29.326
90.27,52.786,-29.326
90.275,46.921,-35.191
90.28,41.056,-35.191
90.285,35.191,-35.191
90.29,23.46,-35.191
90.295,17.595,-35.191
90.3,11.73,-35.191
90.305,-0.0,-35.191
90.31,-11.73,-35.191
90.315,-23.46,-41.056
90.32000000000001,-35.191,-41.056
90.325,-41.056,-41.056
90.33,-58.651,-41.056
90.33500000000001,-70.381,-41.056
90.34,-87.977,-41.056
90.345,-93.842,-41.056
90.35000000000001,-93.842,-41.056
90.355,-87.977,-41.056
90.36,-76.246,-41.056
90.365,-76.246,-41.056
90.37,-82.111,-41.056
90.375,-93.842,-41.056
90.38,-111.437,-46.921
90.385,-123.167,-46.921
90.39,-134.897,-46.921
90.395,-140.762,-46.921
90.4,-140.762,-46.921
90.405,-134.897,-46.921
90.41,-129.032,-46.921
90.415,-129.032,-52.786
90.42,-123.167,-52.786
90.425,-123.167,-52.786
90.43,-123.167,-52.786
90.435,-117.302,-52.786
90.44,-111.437,-52.786
90.44500000000001,-105.572,-58.651
90.45,-99.707,-58.651
90.455,-87.977,-58.651
90.46000000000001,-87.977,-58.651
90.465,-82.111,-58.651
90.47,-82.111,-64.516
90.47500000000001,-82.111,-64.516
90.48,-76.246,-70.381
90.485,-76.246,-70.381
90.49,-70.381,-76.246
90.495,-64.516,-76.246
90.5,-64.516,-76.246
90.505,-64.516,-76.246
90.51,-64.516,-82.111
90.515,-58.651,-82.111
90.52,-58.651,-82.111
90.525,-58.651,-87.977
90.53,-58.651,-87.977
90.535,-58.651,-87.977
90.54,-58.651,-87.977
90.545,-58.651,-93.842
90.55,-58.651,-93.842
90.555,-58.651,-93.842
90.56,-58.651,-99.707
90.565,-58.651,-99.707
90.57000000000001,-52.786,-99.707
90.575,-52.786,-105.572
90.58,-52.786,-105.572
90.58500000000001,-52.786,-111.437
90.59,-52.786,-111.437
90.595,-52.786,-111.437
90.60000000000001,-52.786,-111.437
90.605,-52.786,-111.437
90.61,-52.786,-111.437
90.615,-52.786,-111.437
90.62,-52.786,-117.302
90.625,-52.786,-123.167
90.63,-52.786,-129.032
90.635,-52.786,-134.897
90.64,-52.786,-134.897
90.645,-46.921,-129.032
90.65,-46.921,-129.032
90.655,-46.921,-123.167
90.66,-41.056,-123.167
90.665,-41.056,-117.302
90.67,-41.056,-117.302
90.675,-41.056,-123.167
90.68,-35.191,-123.167
90.685,-35.191,-117.302
90.69,-35.191,-105.572
90.69500000000001,-35.191,-82.111
90.7,-35.191,-70.381
90.705,-35.191,-58.651
90.71000000000001,-29.326,-46.921
90.715,-35.191,-29.326
90.72,-29.326,0.0
90.72500000000001,-29.326,35.191
90.73,-35.191,52.786
90.735,-35.191,70.381
90.74,-35.191,82.111
90.745,-35.191,93.842
90.75,-35.191,105.572
90.755,-35.191,123.167
90.76,-35.191,140.762
90.765,-35.191,158.358
90.77,-35.191,175.953
90.775,-41.056,193.548
90.78,-41.056,211.144
90.785,-41.056,228.739
90.79,-41.056,246.334
90.795,-41.056,263.93
90.8,-41.056,281.525
90.805,-41.056,293.255
90.81,-46.921,310.85
90.815,-46.921,322.581
90.82000000000001,-52.786,334.311
90.825,-52.786,346.041
90.83,-52.786,357.771
90.83500000000001,-58.651,369.501
90.84,-58.651,375.366
90.845,-58.651,381.232
90.85000000000001,-64.516,387.097
90.855,-64.516,392.962
90.86,-70.381,398.827
90.865,-70.381,404.692
90.87,-76.246,404.692
90.875,-82.111,398.827
90.88,-82.111,398.827
90.885,-87.977,398.827
90.89,-87.977,398.827
90.895,-93.842,398.827
90.9,-99.707,392.962
90.905,-105.572,387.097
90.91,-105.572,375.366
90.915,-111.437,363.636
90.92,-117.302,351.906
90.925,-123.167,328.446
90.93,-129.032,310.85
90.935,-134.897,287.39
90.94,-140.762,263.93
90.94500000000001,-140.762,240.469
90.95,-152.493,217.009
90.955,-152.493,193.548
90.96000000000001,-152.493,170.088
90.965,-158.358,140.762
90.97,-158.358,111.437
90.97500000000001,-158.358,82.111
90.98,-152.493,52.786
90.985,-146.628,17.595
90.99,-140.762,-23.46
90.995,-134.897,-64.516
91.0,-129.032,-93.842
91.005,-117.302,-93.842
91.01,-111.437,-70.381
91.015,-111.437,-41.056
91.02,-111.437,-17.595
91.025,-111.437,-17.595
91.03,-111.437,-41.056
91.035,-105.572,-76.246
91.04,-99.707,-117.302
91.045,-93.842,-146.628
91.05,-87.977,-146.628
91.055,-82.111,-134.897
91.06,-76.246,-123.167
91.065,-76.246,-123.167
91.07000000000001,-70.381,-140.762
91.075,-58.651,-146.628
91.08,-46.921,-123.167
91.08500000000001,-41.056,-111.437
91.09,-23.46,-111.437
91.095,-17.595,-111.437
91.10000000000001,-11.73,-111.437
91.105,5.865,-117.302
91.11,35.191,-117.302
91.115,46.921,-117.302
91.12,58.651,-111.437
91.125,64.516,-111.437
91.13,76.246,-105.572
91.135,87.977,-99.707
91.14,99.707,-93.842
91.145,111.437,-93.842
91.15,129.032,-93.842
91.155,140.762,-93.842
91.16,158.358,-93.842
91.165,170.088,-93.842
91.17,181.818,-87.977
91.175,193.548,-82.111
91.18,205.279,-82.111
91.185,211.144,-82.111
91.19,222.874,-76.246
91.19500000000001,228.739,-76.246
91.2,240.469,-70.381
91.205,246.334,-70.381
91.21000000000001,252.199,-64.516
91.215,258.064,-64.516
91.22,263.93,-58.651
91.22500000000001,269.795,-58.651
91.23,269.795,-52.786
91.235,275.66,-52.786
91.24,281.525,-46.921
91.245,287.39,-46.921
91.25,293.255,-46.921
91.255,293.255,-46.921
91.26,299.12,-46.921
91.265,304.985,-46.921
91.27,304.985,-46.921
91.275,310.85,-46.921
91.28,304.985,-46.921
91.285,310.85,-46.921
91.29,310.85,-46.921
91.295,310.85,-46.921
91.3,304.985,-46.921
91.305,304.985,-46.921
91.31,304.985,-46.921
91.315,299.12,-46.921
91.32000000000001,299.12,-46.921
91.325,293.255,-52.786
91.33,287.39,-46.921
91.33500000000001,275.66,-52.786
91.34,263.93,-52.786
91.345,252.199,-52.786
91.35000000000001,240.469,-58.651
91.355,228.739,-58.651
91.36,217.009,-58.651
91.365,205.279,-58.651
91.37,193.548,-58.651
91.375,175.953,-58.651
91.38,158.358,-58.651
91.385,140.762,-58.651
91.39,123.167,-64.516
91.395,99.707,-64.516
91.4,70.381,-64.516
91.405,46.921,-64.516
91.41,17.595,-64.516
91.415,-5.865,-64.516
91.42,-29.326,-64.516
91.425,-41.056,-70.381
91.43,-58.651,-70.381
91.435,-70.381,-70.381
91.44,-82.111,-70.381
91.44500000000001,-87.977,-70.381
91.45,-99.707,-70.381
91.455,-111.437,-70.381
91.46000000000001,-129.032,-70.381
91.465,-129.032,-70.381
91.47,-111.437,-70.381
91.47500000000001,-76.246,-70.381
91.48,-52.786,-70.381
91.485,-52.786,-70.381
91.49,-82.111,-76.246
91.495,-117.302,-76.246
91.5,-140.762,-76.246
91.505,-158.358,-76.246
91.51,-164.223,-76.246
91.515,-164.223,-76.246
91.52,-152.493,-76.246
91.525,-134.897,-82.111
91.53,-129.032,-82.111
91.535,-140.762,-82.111
91.54,-158.358,-82.111
91.545,-158.358,-87.977
91.55,-158.358,-87.977
91.555,-146.628,-87.977
91.56,-134.897,-93.842
91.565,-129.032,-93.842
91.57000000000001,-123.167,-99.707
91.575,-117.302,-99.707
91.58,-105.572,-105.572
91.58500000000001,-105.572,-105.572
91.59,-99.707,-111.437
91.595,-99.707,-117.302
91.60000000000001,-93.842,-117.302
91.605,-87.977,-117.302
91.61,-82.111,-123.167
91.615,-82.111,-129.032
91.62,-82.111,-129.032
91.625,-76.246,-134.897
91.63,-76.246,-134.897
91.635,-76.246,-140.762
91.64,-76.246,-140.762
91.645,-76.246,-146.628
91.65,-76.246,-146.628
91.655,-76.246,-146.628
91.66,-76.246,-140.762
91.665,-70.381,-140.762
91.67,-70.381,-140.762
91.675,-70.381,-140.762
91.68,-64.516,-140.762
91.685,-64.516,-146.628
91.69,-64.516,-152.493
91.69500000000001,-64.516,-152.493
91.7,-58.651,-140.762
91.705,-58.651,-134.897
91.71000000000001,-58.651,-123.167
91.715,-58.651,-117.302
91.72,-58.651,-111.437
91.72500000000001,-58.651,-111.437
91.73,-58.651,-117.302
91.735,-58.651,-117.302
91.74,-58.651,-105.572
91.745,-64.516,-82.111
91.75,-64.516,-64.516
91.755,-64.516,-52.786
91.76,-64.516,-29.326
91.765,-70.381,-5.865
91.77,-70.381,11.73
91.775,-70.381,41.056
91.78,-70.381,70.381
91.785,-70.381,93.842
91.79,-70.381,105.572
91.795,-64.516,117.302
91.8,-64.516,129.032
91.805,-64.516,140.762
91.81,-64.516,146.628
91.815,-64.516,158.358
91.82000000000001,-58.651,175.953
91.825,-58.651,193.548
91.83,-58.651,211.144
91.83500000000001,-58.651,228.739
91.84,-58.651,240.469
91.845,-58.651,258.064
91.85000000000001,-58.651,269.795
91.855,-64.516,287.39
91.86,-64.516,304.985
91.865,-64.516,316.715
91.87,-64.516,328.446
91.875,-64.516,340.176
91.88,-70.381,346.041
91.885,-70.381,357.771
91.89,-76.246,363.636
91.895,-76.246,375.366
91.9,-82.111,381.232
91.905,-82.111,387.097
91.91,-82.111,392.962
91.915,-87.977,392.962
91.92,-82.111,398.827
91.925,-82.111,398.827
91.93,-87.977,404.692
91.935,-87.977,404.692
91.94,-87.977,404.692
91.94500000000001,-87.977,404.692
91.95,-87.977,404.692
91.955,-87.977,404.692
91.96000000000001,-87.977,398.827
91.965,-93.842,392.962
91.97,-93.842,381.232
91.97500000000001,-99.707,363.636
91.98,-99.707,351.906
91.985,-99.707,334.311
91.99,-105.572,316.715
91.995,-105.572,299.12
92.0,-105.572,275.66
92.005,-111.437,252.199
92.01,-111.437,222.874
92.015,-117.302,193.548
92.02,-117.302,164.223
92.025,-123.167,134.897
92.03,-123.167,99.707
92.035,-123.167,64.516
92.04,-123.167,23.46
92.045,-123.167,-17.595
92.05,-117.302,-58.651
92.055,-117.302,-99.707
92.06,-111.437,-129.032
92.065,-111.437,-134.897
92.07000000000001,-105.572,-111.437
92.075,-105.572,-52.786
92.08,-111.437,0.0
92.08500000000001,-117.302,17.595
92.09,-117.302,-11.73
92.095,-117.302,-58.651
92.10000000000001,-111.437,-105.572
92.105,-105.572,-152.493
92.11,-99.707,-181.818
92.115,-93.842,-181.818
92.12,-87.977,-152.493
92.125,-82.111,-134.897
92.13,-76.246,-129.032
92.135,-70.381,-134.897
92.14,-58.651,-152.493
92.145,-46.921,-158.358
92.15,-35.191,-158.358
92.155,-23.46,-146.628
92.16,-11.73,-140.762
92.165,5.865,-140.762
92.17,23.46,-140.762
92.175,46.921,-140.762
92.18,64.516,-140.762
92.185,76.246,-134.897
92.19,82.111,-129.032
92.19500000000001,87.977,-129.032
92.2,93.842,-123.167
92.205,105.572,-117.302
92.21000000000001,117.302,-111.437
92.215,129.032,-105.572
92.22,140.762,-99.707
92.22500000000001,152.493,-99.707
92.23,164.223,-99.707
92.235,175.953,-99.707
92.24,187.683,-99.707
92.245,193.548,-93.842
92.25,199.413,-99.707
92.255,211.144,-93.842
92.26,217.009,-93.842
92.265,222.874,-93.842
92.27,228.739,-87.977
92.275,234.604,-87.977
92.28,240.469,-87.977
92.285,246.334,-82.111
92.29,246.334,-82.111
92.295,252.199,-76.246
92.3,258.064,-76.246
92.305,258.064,-76.246
92.31,263.93,-70.381
92.315,263.93,-70.381
92.32000000000001,263.93,-70.381
92.325,269.795,-70.381
92.33,269.795,-64.516
92.33500000000001,269.795,-64.516
92.34,275.66,-64.516
92.345,275.66,-64.516
92.35000000000001,275.66,-64.516
92.355,275.66,-64.516
92.36,275.66,-64.516
92.365,275.66,-70.381
92.37,275.66,-64.516
92.375,269.795,-64.516
92.38,269.795,-64.516
92.385,269.795,-64.516
92.39,269.795,-64.516
92.395,263.93,-64.516
92.4,263.93,-64.516
92.405,258.064,-64.516
92.41,252.199,-64.516
92.415,246.334,-64.516
92.42,246.334,-64.516
92.425,240.469,-64.516
92.43,228.739,-64.516
92.435,222.874,-64.516
92.44,211.144,-64.516
92.44500000000001,205.279,-64.516
92.45,193.548,-64.516
92.455,175.953,-64.516
92.46000000000001,164.223,-58.651
92.465,146.628,-58.651
92.47,134.897,-58.651
92.47500000000001,117.302,-58.651
92.48,99.707,-58.651
92.485,76.246,-58.651
92.49,58.651,-58.651
92.495,35.191,-58.651
92.5,11.73,-58.651
92.505,-5.865,-58.651
92.51,-23.46,-58.651
92.515,-41.056,-58.651
92.52,-52.786,-58.651
92.525,-70.381,-58.651
92.53,-87.977,-58.651
92.535,-111.437,-58.651
92.54,-123.167,-58.651
92.545,-123.167,-58.651
92.55,-93.842,-58.651
92.555,-58.651,-58.651
92.56,-35.191,-58.651
92.565,-46.921,-58.651
92.57000000000001,-76.246,-58.651
92.575,-99.707,-64.516
92.58,-117.302,-58.651
92.58500000000001,-129.032,-64.516
92.59,-140.762,-64.516
92.595,-140.762,-64.516
92.60000000000001,-123.167,-64.516
92.605,-111.437,-64.516
92.61,-105.572,-64.516
92.615,-117.302,-64.516
92.62,-129.032,-70.381
92.625,-129.032,-70.381
92.63,-117.302,-70.381
92.635,-111.437,-76.246
92.64,-105.572,-82.111
92.645,-99.707,-82.111
92.65,-93.842,-82.111
92.655,-87.977,-87.977
92.66,-82.111,-87.977
92.665,-76.246,-93.842
92.67,-70.381,-99.707
92.675,-64.516,-105.572
92.68,-58.651,-105.572
92.685,-58.651,-111.437
92.69,-58.651,-117.302
92.69500000000001,-52.786,-117.302
92.7,-52.786,-117.302
92.705,-52.786,-123.167
92.71000000000001,-52.786,-129.032
92.715,-52.786,-129.032
92.72,-52.786,-134.897
92.72500000000001,-58.651,-140.762
92.73,-58.651,-140.762
92.735,-58.651,-146.628
92.74,-58.651,-146.628
92.745,-58.651,-146.628
92.75,-58.651,-146.628
92.755,-58.651,-152.493
92.76,-58.651,-158.358
92.765,-58.651,-164.223
92.77,-58.651,-164.223
92.775,-58.651,-164.223
92.78,-58.651,-152.493
92.785,-58.651,-134.897
92.79,-58.651,-123.167
92.795,-58.651,-117.302
92.8,-58.651,-111.437
92.805,-58.651,-105.572
92.81,-58.651,-105.572
92.815,-58.651,-111.437
92.82000000000001,-64.516,-105.572
92.825,-64.516,-82.111
92.83,-64.516,-70.381
92.83500000000001,-64.516,-58.651
92.84,-64.516,-29.326
92.845,-64.516,-5.865
92.85000000000001,-64.516,17.595
92.855,-64.516,52.786
92.86,-70.381,82.111
92.865,-64.516,105.572
92.87,-64.516,123.167
92.875,-70.381,129.032
92.88,-70.381,140.762
92.885,-70.381,146.628
92.89,-70.381,158.358
92.895,-70.381,170.088
92.9,-70.381,187.683
92.905,-76.246,205.279
92.91,-70.381,222.874
92.915,-70.381,240.469
92.92,-76.246,252.199
92.925,-76.246,263.93
92.93,-76.246,281.525
92.935,-76.246,293.255
92.94,-76.246,310.85
92.94500000000001,-76.246,322.581
92.95,-76.246,334.311
92.955,-76.246,346.041
92.96000000000001,-76.246,351.906
92.965,-76.246,357.771
92.97,-76.246,369.501
92.97500000000001,-76.246,375.366
92.98,-76.246,381.232
92.985,-76.246,381.232
92.99,-82.111,387.097
92.995,-82.111,387.097
93.0,-82.111,392.962
93.005,-82.111,392.962
93.01,-82.111,392.962
93.015,-82.111,392.962
93.02,-82.111,392.962
93.025,-87.977,392.962
93.03,-87.977,392.962
93.035,-87.977,387.097
93.04,-93.842,375.366
93.045,-93.842,363.636
93.05,-93.842,351.906
93.055,-99.707,340.176
93.06,-105.572,322.581
93.065,-105.572,304.985
93.07000000000001,-105.572,281.525
93.075,-111.437,258.064
93.08,-111.437,234.604
93.08500000000001,-117.302,211.144
93.09,-117.302,187.683
93.095,-123.167,158.358
93.10000000000001,-123.167,129.032
93.105,-129.032,99.707
93.11,-129.032,70.381
93.115,-129.032,35.191
93.12,-129.032,0.0
93.125,-129.032,-35.191
93.13,-129.032,-70.381
93.135,-129.032,-105.572
93.14,-129.032,-134.897
93.145,-129.032,-146.628
93.15,-123.167,-140.762
93.155,-117.302,-105.572
93.16,-117.302,-52.786
93.165,-105.572,-5.865
93.17,-105.572,0.0
93.175,-99.707,-35.191
93.18,-105.572,-76.246
93.185,-111.437,-117.302
93.19,-111.437,-158.358
93.19500000000001,-111.437,-181.818
93.2,-111.437,-175.953
93.205,-105.572,-146.628
93.21000000000001,-99.707,-134.897
93.215,-99.707,-129.032
93.22,-93.842,-134.897
93.22500000000001,-87.977,-140.762
93.23,-82.111,-140.762
93.235,-82.111,-129.032
93.24,-76.246,-123.167
93.245,-64.516,-117.302
93.25,-52.786,-117.302
93.255,-41.056,-123.167
93.26,-17.595,-123.167
93.265,-0.0,-117.302
93.27,11.73,-117.302
93.275,23.46,-111.437
93.28,35.191,-117.302
93.285,46.921,-111.437
93.29,52.786,-105.572
93.295,58.651,-99.707
93.3,70.381,-93.842
93.305,76.246,-93.842
93.31,87.977,-87.977
93.315,99.707,-87.977
93.32000000000001,111.437,-93.842
93.325,129.032,-93.842
93.33,140.762,-99.707
93.33500000000001,152.493,-93.842
93.34,164.223,-93.842
93.345,170.088,-93.842
93.35000000000001,175.953,-93.842
93.355,187.683,-87.977
93.36,193.548,-87.977
93.365,199.413,-82.111
93.37,211.144,-76.246
93.375,217.009,-70.381
93.38,222.874,-64.516
93.385,228.739,-58.651
93.39,234.604,-58.651
93.395,240.469,-58.651
93.4,246.334,-58.651
93.405,252.199,-64.516
93.41,252.199,-64.516
93.415,258.064,-64.516
93.42,263.93,-64.516
93.425,263.93,-64.516
93.43,263.93,-58.651
93.435,263.93,-64.516
93.44,269.795,-64.516
93.44500000000001,269.795,-64.516
93.45,269.795,-58.651
93.455,275.66,-58.651
93.46000000000001,275.66,-64.516
93.465,275.66,-58.651
93.47,281.525,-58.651
93.47500000000001,281.525,-58.651
93.48,281.525,-58.651
93.485,281.525,-58.651
93.49,281.525,-58.651
93.495,275.66,-58.651
93.5,275.66,-58.651
93.505,275.66,-58.651
93.51,269.795,-58.651
93.515,263.93,-58.651
93.52,258.064,-58.651
93.525,252.199,-58.651
93.53,246.334,-58.651
93.535,234.604,-58.651
93.54,228.739,-58.651
93.545,217.009,-58.651
93.55,205.279,-58.651
93.555,193.548,-58.651
93.56,181.818,-58.651
93.565,164.223,-58.651
93.57000000000001,152.493,-58.651
93.575,134.897,-58.651
93.58,117.302,-58.651
93.58500000000001,105.572,-58.651
93.59,87.977,-58.651
93.595,64.516,-58.651
93.60000000000001,46.921,-58.651
93.605,29.326,-58.651
93.61,11.73,-58.651
93.615,-11.73,-58.651
93.62,-23.46,-58.651
93.625,-41.056,-58.651
93.63,-58.651,-58.651
93.635,-82.111,-58.651
93.64,-99.707,-58.651
93.645,-117.302,-58.651
93.65,-117.302,-58.651
93.655,-99.707,-64.516
93.66,-64.516,-64.516
93.665,-46.921,-64.516
93.67,-58.651,-64.516
93.675,-87.977,-64.516
93.68,-111.437,-64.516
93.685,-129.032,-70.381
93.69,-140.762,-70.381
93.69500000000001,-152.493,-70.381
93.7,-152.493,-70.381
93.705,-129.032,-70.381
93.71000000000001,-117.302,-70.381
93.715,-129.032,-76.246
93.72,-146.628,-76.246
93.72500000000001,-146.628,-82.111
93.73,-140.762,-82.111
93.735,-129.032,-87.977
93.74,-123.167,-87.977
93.745,-117.302,-93.842
93.75,-111.437,-93.842
93.755,-105.572,-99.707
93.76,-99.707,-105.572
93.765,-87.977,-105.572
93.77,-82.111,-111.437
93.775,-82.111,-117.302
93.78,-76.246,-123.167
93.785,-76.246,-123.167
93.79,-76.246,-129.032
93.795,-70.381,-134.897
93.8,-70.381,-134.897
93.805,-70.381,-140.762
93.81,-70.381,-140.762
93.815,-70.381,-146.628
93.82000000000001,-70.381,-146.628
93.825,-70.381,-152.493
93.83,-70.381,-152.493
93.83500000000001,-70.381,-152.493
93.84,-70.381,-152.493
93.845,-70.381,-152.493
93.85000000000001,-70.381,-152.493
93.855,-70.381,-158.358
93.86,-70.381,-170.088
93.865,-70.381,-175.953
93.87,-64.516,-170.088
93.875,-64.516,-158.358
93.88,-64.516,-146.628
93.885,-64.516,-134.897
93.89,-64.516,-117.302
93.895,-64.516,-117.302
93.9,-64.516,-123.167
93.905,-64.516,-129.032
93.91,-64.516,-117.302
93.915,-64.516,-105.572
93.92,-70.381,-87.977
93.925,-70.381,-64.516
93.93,-70.381,-46.921
93.935,-70.381,-29.326
93.94,-70.381,0.0
93.94500000000001,-70.381,35.191
93.95,-70.381,64.516
93.955,-70.381,87.977
93.96000000000001,-64.516,99.707
93.965,-64.516,111.437
93.97,-64.516,117.302
93.97500000000001,-64.516,129.032
93.98,-58.651,140.762
93.985,-58.651,158.358
93.99,-58.651,181.818
93.995,-58.651,205.279
94.0,-58.651,222.874
94.005,-58.651,240.469
94.01,-58.651,258.064
94.015,-58.651,275.66
94.02,-58.651,287.39
94.025,-58.651,304.985
94.03,-58.651,322.581
94.035,-58.651,328.446
94.04,-58.651,340.176
94.045,-64.516,351.906
94.05,-64.516,363.636
94.055,-70.381,375.366
94.06,-70.381,387.097
94.065,-76.246,392.962
94.07000000000001,-82.111,398.827
94.075,-82.111,404.692
94.08,-87.977,410.557
94.08500000000001,-87.977,416.422
94.09,-93.842,422.287
94.095,-93.842,428.152
94.10000000000001,-99.707,428.152
94.105,-99.707,428.152
94.11,-99.707,428.152
94.115,-105.572,434.017
94.12,-111.437,434.017
94.125,-111.437,428.152
94.13,-117.302,422.287
94.135,-123.167,410.557
94.14,-123.167,398.827
94.145,-129.032,381.232
94.15,-134.897,357.771
94.155,-134.897,340.176
94.16,-140.762,310.85
94.165,-146.628,281.525
94.17,-152.493,246.334
94.175,-152.493,211.144
94.18,-146.628,181.818
94.185,-146.628,146.628
94.19,-146.628,111.437
94.19500000000001,-146.628,76.246
94.2,-140.762,35.191
94.205,-140.762,-5.865
94.21000000000001,-134.897,-52.786
94.215,-129.032,-93.842
94.22,-123.167,-129.032
94.22500000000001,-111.437,-134.897
94.23,-105.572,-111.437
94.235,-99.707,-52.786
94.24,-99.707,0.0
94.245,-99.707,-11.73
94.25,-111.437,-46.921
94.255,-117.302,-93.842
94.26,-117.302,-146.628
94.265,-117.302,-187.683
94.27,-111.437,-199.413
94.275,-105.572,-175.953
94.28,-93.842,-146.628
94.285,-87.977,-146.628
94.29,-76.246,-146.628
94.295,-64.516,-164.223
94.3,-52.786,-170.088
94.305,-41.056,-152.493
94.31,-23.46,-140.762
94.315,-5.865,-134.897
94.32000000000001,11.73,-134.897
94.325,29.326,-134.897
94.33,41.056,-140.762
94.33500000000001,46.921,-134.897
94.34,52.786,-129.032
94.345,64.516,-123.167
94.35000000000001,70.381,-123.167
94.355,82.111,-111.437
94.36,99.707,-105.572
94.365,111.437,-99.707
94.37,129.032,-93.842
94.375,140.762,-93.842
94.38,146.628,-93.842
94.385,164.223,-93.842
94.39,170.088,-87.977
94.395,181.818,-87.977
94.4,187.683,-87.977
94.405,199.413,-82.111
94.41,205.279,-82.111
94.415,211.144,-82.111
94.42,217.009,-76.246
94.425,222.874,-76.246
94.43,228.739,-70.381
94.435,234.604,-64.516
94.44,234.604,-58.651
94.44500000000001,240.469,-58.651
94.45,240.469,-52.786
94.455,240.469,-52.786
94.46000000000001,246.334,-52.786
94.465,246.334,-46.921
94.47,246.334,-52.786
94.47500000000001,246.334,-46.921
94.48,246.334,-52.786
94.485,246.334,-46.921
94.49,252.199,-46.921
94.495,252.199,-46.921
94.5,252.199,-46.921
94.505,258.064,-46.921
94.51,258.064,-46.921
94.515,258.064,-46.921
94.52,258.064,-46.921
94.525,258.064,-46.921
94.53,258.064,-46.921
94.535,258.064,-46.921
94.54,258.064,-46.921
94.545,252.199,-46.921
94.55,252.199,-46.921
94.555,252.199,-46.921
94.56,246.334,-46.921
94.565,240.469,-46.921
94.57000000000001,240.469,-46.921
94.575,240.469,-46.921
94.58,234.604,-46.921
94.58500000000001,228.739,-46.921
94.59,222.874,-46.921
94.595,217.009,-52.786
94.60000000000001,211.144,-52.786
94.605,199.413,-52.786
94.61,187.683,-58.651
94.615,181.818,-58.651
94.62,170.088,-58.651
94.625,152.493,-58.651
94.63,140.762,-58.651
94.635,129.032,-64.516
94.64,111.437,-64.516
94.645,93.842,-64.516
94.65,76.246,-64.516
94.655,52.786,-64.516
94.66,41.056,-64.516
94.665,23.46,-64.516
94.67,5.865,-64.516
94.675,-11.73,-64.516
94.68,-29.326,-64.516
94.685,-46.921,-64.516
94.69,-58.651,-64.516
94.69500000000001,-70.381,-70.381
94.7,-93.842,-70.381
94.705,-111.437,-70.381
94.71000000000001,-123.167,-70.381
94.715,-117.302,-70.381
94.72,-93.842,-70.381
94.72500000000001,-64.516,-76.246
94.73,-58.651,-76.246
94.735,-87.977,-76.246
94.74,-123.167,-76.246
94.745,-146.628,-76.246
94.75,-158.358,-82.111
94.755,-164.223,-82.111
94.76,-158.358,-82.111
94.765,-152.493,-82.111
94.77,-146.628,-82.111
94.775,-146.628,-87.977
94.78,-152.493,-87.977
94.785,-152.493,-93.842
94.79,-146.628,-99.707
94.795,-140.762,-105.572
94.8,-134.897,-105.572
94.805,-129.032,-105.572
94.81,-117.302,-111.437
94.815,-111.437,-117.302
94.82000000000001,-105.572,-117.302
94.825,-99.707,-123.167
94.83,-93.842,-129.032
94.83500000000001,-87.977,-134.897
94.84,-82.111,-140.762
94.845,-76.246,-146.628
94.85000000000001,-76.246,-146.628
94.855,-70.381,-152.493
94.86,-70.381,-158.358
94.865,-70.381,-158.358
94.87,-70.381,-164.223
94.875,-64.516,-164.223
94.88,-64.516,-164.223
94.885,-64.516,-164.223
94.89,-64.516,-164.223
94.895,-64.516,-164.223
94.9,-64.516,-158.358
94.905,-64.516,-158.358
94.91,-64.516,-164.223
94.915,-64.516,-170.088
94.92,-64.516,-175.953
94.925,-64.516,-170.088
94.93,-64.516,-158.358
94.935,-64.516,-140.762
94.94,-64.516,-129.032
94.94500000000001,-64.516,-117.302
94.95,-64.516,-111.437
94.955,-64.516,-111.437
94.96000000000001,-64.516,-111.437
94.965,-64.516,-99.707
94.97,-64.516,-82.111
94.97500000000001,-64.516,-64.516
94.98,-64.516,-46.921
94.985,-64.516,-29.326
94.99,-64.516,-17.595
94.995,-58.651,11.73
95.0,-58.651,46.921
95.005,-58.651,82.111
95.01,-58.651,105.572
95.015,-64.516,111.437
95.02,-64.516,117.302
95.025,-64.516,123.167
95.03,-64.516,129.032
95.035,-70.381,140.762
95.04,-70.381,152.493
95.045,-70.381,170.088
95.05,-70.381,193.548
95.055,-70.381,211.144
95.06,-70.381,222.874
95.065,-70.381,240.469
95.07000000000001,-70.381,252.199
95.075,-70.381,263.93
95.08,-70.381,281.525
95.08500000000001,-70.381,299.12
95.09,-64.516,304.985
95.095,-64.516,316.715
95.10000000000001,-64.516,322.581
95.105,-64.516,334.311
95.11,-64.516,340.176
95.115,-64.516,351.906
95.12,-64.516,357.771
95.125,-64.516,369.501
95.13,-64.516,375.366
95.135,-64.516,381.232
95.14,-64.516,381.232
95.145,-64.516,387.097
95.15,-64.516,387.097
95.155,-64.516,392.962
95.16,-70.381,398.827
95.165,-70.381,392.962
95.17,-70.381,398.827
95.175,-76.246,392.962
95.18,-76.246,392.962
95.185,-82.111,387.097
95.19,-82.111,381.232
95.19500000000001,-87.977,375.366
95.2,-93.842,363.636
95.205,-93.842,351.906
95.21000000000001,-99.707,340.176
95.215,-105.572,328.446
95.22,-105.572,304.985
95.22500000000001,-111.437,281.525
95.23,-117.302,263.93
95.235,-117.302,240.469
95.24,-123.167,222.874
95.245,-123.167,199.413
95.25,-129.032,175.953
95.255,-129.032,152.493
95.26,-129.032,123.167
95.265,-129.032,93.842
95.27,-123.167,58.651
95.275,-123.167,23.46
95.28,-123.167,-11.73
95.285,-123.167,-46.921
95.29,-123.167,-82.111
95.295,-117.302,-117.302
95.3,-117.302,-140.762
95.305,-117.302,-146.628
95.31,-111.437,-123.167
95.315,-105.572,-82.111
95.32000000000001,-99.707,-41.056
95.325,-93.842,-35.191
95.33,-93.842,-52.786
95.33500000000001,-93.842,-82.111
95.34,-93.842,-117.302
95.345,-93.842,-152.493
95.35000000000001,-93.842,-175.953
95.355,-87.977,-170.088
95.36,-82.111,-164.223
95.365,-82.111,-146.628
95.37,-76.246,-152.493
95.375,-76.246,-164.223
95.38,-76.246,-187.683
95.385,-76.246,-187.683
95.39,-76.246,-170.088
95.395,-76.246,-164.223
95.4,-76.246,-170.088
95.405,-76.246,-175.953
95.41,-64.516,-175.953
95.415,-58.651,-164.223
95.42,-46.921,-152.493
95.425,-41.056,-134.897
95.43,-29.326,-123.167
95.435,-29.326,-117.302
95.44,-17.595,-117.302
95.44500000000001,5.865,-111.437
95.45,35.191,-105.572
95.455,64.516,-105.572
95.46000000000001,76.246,-105.572
95.465,82.111,-99.707
95.47,87.977,-99.707
95.47500000000001,87.977,-99.707
95.48,93.842,-99.707
95.485,105.572,-93.842
95.49,117.302,-87.977
95.495,129.032,-87.977
95.5,146.628,-76.246
95.505,152.493,-70.381
95.51,164.223,-64.516
95.515,175.953,-58.651
95.52,181.818,-58.651
95.525,193.548,-52.786
95.53,199.413,-52.786
95.535,205.279,-52.786
95.54,217.009,-52.786
95.545,222.874,-52.786
95.55,228.739,-52.786
95.555,234.604,-46.921
95.56,240.469,-46.921
95.565,246.334,-46.921
95.57000000000001,252.199,-46.921
95.575,258.064,-46.921
95.58,263.93,-46.921
95.58500000000001,269.795,-46.921
95.59,275.66,-46.921
95.595,281.525,-46.921
95.60000000000001,281.525,-46.921
95.605,281.525,-46.921
95.61,287.39,-46.921
95.61500000000001,287.39,-46.921
95.62,293.255,-46.921
95.625,293.255,-46.921
95.63,293.255,-46.921
95.635,299.12,-46.921
95.64,299.12,-46.921
95.645,293.255,-46.921
95.65,293.255,-46.921
95.655,293.255,-46.921
95.66,293.255,-46.921
95.665,293.255,-46.921
95.67,287.39,-46.921
95.675,281.525,-46.921
95.68,275.66,-46.921
95.685,269.795,-46.921
95.69,258.064,-46.921
95.69500000000001,252.199,-46.921
95.7,240.469,-46.921
95.705,234.604,-46.921
95.71000000000001,222.874,-46.921
95.715,211.144,-46.921
95.72,199.413,-46.921
95.72500000000001,187.683,-46.921
95.73,175.953,-46.921
95.735,158.358,-46.921
95.74000000000001,146.628,-52.786
95.745,129.032,-52.786
95.75,111.437,-52.786
95.755,93.842,-52.786
95.76,76.246,-52.786
95.765,58.651,-52.786
95.77,35.191,-52.786
95.775,17.595,-58.651
95.78,-11.73,-58.651
95.785,-41.056,-58.651
95.79,-64.516,-58.651
95.795,-87.977,-58.651
95.8,-117.302,-58.651
95.805,-123.167,-58.651
95.81,-105.572,-58.651
95.815,-76.246,-58.651
95.82000000000001,-70.381,-58.651
95.825,-87.977,-64.516
95.83,-111.437,-64.516
95.83500000000001,-123.167,-64.516
95.84,-140.762,-64.516
95.845,-158.358,-64.516
95.85000000000001,-158.358,-64.516
95.855,-134.897,-70.381
95.86,-134.897,-70.381
95.86500000000001,-146.628,-70.381
95.87,-146.628,-70.381
95.875,-146.628,-76.246
95.88,-146.628,-76.246
95.885,-134.897,-82.111
95.89,-123.167,-82.111
95.895,-123.167,-87.977
95.9,-117.302,-93.842
95.905,-111.437,-93.842
95.91,-99.707,-99.707
95.915,-93.842,-105.572
95.92,-87.977,-111.437
95.925,-87.977,-123.167
95.93,-82.111,-129.032
95.935,-76.246,-134.897
95.94,-70.381,-134.897
95.94500000000001,-70.381,-140.762
95.95,-70.381,-146.628
95.955,-70.381,-152.493
95.96000000000001,-70.381,-158.358
95.965,-70.381,-158.358
95.97,-70.381,-164.223
95.97500000000001,-70.381,-164.223
95.98,-70.381,-164.223
95.985,-64.516,-164.223
95.99000000000001,-64.516,-164.223
95.995,-64.516,-164.223
96.0,-64.516,-164.223
96.005,-58.651,-170.088
96.01,-58.651,-175.953
96.015,-58.651,-181.818
96.02,-52.786,-181.818
96.025,-52.786,-175.953
96.03,-52.786,-164.223
96.035,-52.786,-152.493
96.04,-52.786,-146.628
96.045,-52.786,-134.897
96.05,-52.786,-117.302
96.055,-52.786,-99.707
96.06,-52.786,-93.842
96.065,-52.786,-93.842
96.07000000000001,-52.786,-93.842
96.075,-52.786,-87.977
96.08,-52.786,-82.111
96.08500000000001,-58.651,-64.516
96.09,-58.651,-58.651
96.095,-52.786,-46.921
96.10000000000001,-58.651,-17.595
96.105,-58.651,29.326
96.11,-58.651,64.516
96.11500000000001,-58.651,76.246
96.12,-58.651,87.977
96.125,-58.651,93.842
96.13,-58.651,99.707
96.135,-58.651,111.437
96.14,-58.651,129.032
96.145,-58.651,140.762
96.15,-58.651,164.223
96.155,-58.651,181.818
96.16,-58.651,205.279
96.165,-58.651,222.874
96.17,-58.651,234.604
96.175,-58.651,252.199
96.18,-58.651,269.795
96.185,-58.651,287.39
96.19,-58.651,299.12
96.19500000000001,-58.651,316.715
96.2,-58.651,328.446
96.205,-58.651,340.176
96.21000000000001,-64.516,351.906
96.215,-58.651,363.636
96.22,-64.516,375.366
96.22500000000001,-64.516,381.232
96.23,-64.516,392.962
96.235,-70.381,398.827
96.24000000000001,-70.381,404.692
96.245,-70.381,410.557
96.25,-76.246,416.422
96.255,-76.246,422.287
96.26,-76.246,428.152
96.265,-82.111,434.017
96.27,-82.111,434.017
96.275,-87.977,434.017
96.28,-87.977,434.017
96.285,-87.977,434.017
96.29,-93.842,428.152
96.295,-93.842,422.287
96.3,-99.707,410.557
96.305,-99.707,398.827
96.31,-105.572,381.232
96.315,-105.572,357.771
96.32000000000001,-111.437,334.311
96.325,-111.437,310.85
96.33,-117.302,287.39
96.33500000000001,-129.032,258.064
96.34,-134.897,228.739
96.345,-140.762,199.413
96.35000000000001,-146.628,164.223
96.355,-146.628,123.167
96.36,-146.628,87.977
96.36500000000001,-152.493,52.786
96.37,-146.628,11.73
96.375,-146.628,-29.326
96.38,-146.628,-64.516
96.385,-140.762,-105.572
96.39,-134.897,-146.628
96.395,-129.032,-164.223
96.4,-123.167,-140.762
96.405,-117.302,-64.516
96.41,-105.572,35.191
96.415,-99.707,70.381
96.42,-87.977,17.595
96.425,-87.977,-35.191
96.43,-82.111,-93.842
96.435,-87.977,-170.088
96.44,-87.977,-211.144
96.44500000000001,-87.977,-211.144
96.45,-87.977,-164.223
96.455,-87.977,-129.032
96.46000000000001,-82.111,-123.167
96.465,-82.111,-140.762
96.47,-76.246,-164.223
96.47500000000001,-64.516,-175.953
96.48,-58.651,-164.223
96.485,-52.786,-146.628
96.49000000000001,-41.056,-140.762
96.495,-23.46,-134.897
96.5,-11.73,-134.897
96.505,5.865,-134.897
96.51,17.595,-129.032
96.515,29.326,-123.167
96.52,41.056,-117.302
96.525,52.786,-111.437
96.53,58.651,-105.572
96.535,64.516,-99.707
96.54,70.381,-93.842
96.545,76.246,-87.977
96.55,82.111,-82.111
96.555,87.977,-82.111
96.56,99.707,-76.246
96.565,105.572,-70.381
96.57000000000001,117.302,-70.381
96.575,129.032,-70.381
96.58,140.762,-70.381
96.58500000000001,146.628,-64.516
96.59,158.358,-64.516
96.595,164.223,-58.651
96.60000000000001,170.088,-58.651
96.605,175.953,-52.786
96.61,181.818,-52.786
96.61500000000001,187.683,-46.921
96.62,193.548,-46.921
96.625,199.413,-46.921
96.63,205.279,-41.056
96.635,205.279,-41.056
96.64,211.144,-35.191
96.645,211.144,-35.191
96.65,217.009,-35.191
96.655,217.009,-35.191
96.66,222.874,-35.191
96.665,222.874,-29.326
96.67,228.739,-29.326
96.675,228.739,-29.326
96.68,234.604,-29.326
96.685,234.604,-29.326
96.69,234.604,-29.326
96.69500000000001,240.469,-29.326
96.7,240.469,-29.326
96.705,240.469,-29.326
96.71000000000001,240.469,-29.326
96.715,246.334,-29.326
96.72,246.334,-29.326
96.72500000000001,246.334,-35.191
96.73,240.469,-29.326
96.735,240.469,-35.191
96.74000000000001,240.469,-35.191
96.745,240.469,-35.191
96.75,234.604,-35.191
96.755,234.604,-35.191
96.76,228.739,-35.191
96.765,228.739,-35.191
96.77,222.874,-35.191
96.775,217.009,-35.191
96.78,217.009,-41.056
96.785,211.144,-41.056
96.79,205.279,-41.056
96.795,199.413,-41.056
96.8,193.548,-41.056
96.805,187.683,-41.056
96.81,175.953,-46.921
96.815,170.088,-46.921
96.82000000000001,158.358,-46.921
96.825,146.628,-46.921
96.83,140.762,-46.921
96.83500000000001,129.032,-52.786
96.84,111.437,-52.786
96.845,99.707,-52.786
96.85000000000001,82.111,-58.651
96.855,70.381,-58.651
96.86,52.786,-58.651
96.86500000000001,35.191,-64.516
96.87,17.595,-64.516
96.875,-0.0,-64.516
96.88,-23.46,-70.381
96.885,-46.921,-70.381
96.89,-64.516,-70.381
96.895,-87.977,-76.246
96.9,-111.437,-76.246
96.905,-129.032,-76.246
96.91,-117.302,-76.246
96.915,-82.111,-82.111
96.92,-58.651,-82.111
96.925,-64.516,-87.977
96.93,-87.977,-87.977
96.935,-105.572,-87.977
96.94,-117.302,-87.977
96.94500000000001,-134.897,-93.842
96.95,-146.628,-93.842
96.955,-146.628,-93.842
96.96000000000001,-134.897,-99.707
96.965,-129.032,-99.707
96.97,-134.897,-105.572
96.97500000000001,-134.897,-105.572
96.98,-134.897,-105.572
96.985,-129.032,-111.437
96.99000000000001,-123.167,-111.437
96.995,-117.302,-117.302
97.0,-111.437,-117.302
97.005,-105.572,-117.302
97.01,-99.707,-117.302
97.015,-93.842,-129.032
97.02,-87.977,-134.897
97.025,-76.246,-140.762
97.03,-76.246,-152.493
97.035,-70.381,-158.358
97.04,-70.381,-164.223
97.045,-70.381,-170.088
97.05,-64.516,-175.953
97.055,-64.516,-181.818
97.06,-64.516,-187.683
97.065,-64.516,-193.548
97.07000000000001,-64.516,-199.413
97.075,-64.516,-199.413
97.08,-64.516,-205.279
97.08500000000001,-64.516,-205.279
97.09,-64.516,-205.279
97.095,-64.516,-199.413
97.10000000000001,-64.516,-187.683
97.105,-64.516,-181.818
97.11,-64.516,-175.953
97.11500000000001,-70.381,-175.953
97.12,-70.381,-170.088
97.125,-70.381,-164.223
97.13,-70.381,-146.628
97.135,-70.381,-129.032
97.14,-70.381,-111.437
97.145,-76.246,-99.707
97.15,-76.246,-87.977
97.155,-70.381,-87.977
97.16,-70.381,-87.977
97.165,-70.381,-76.246
97.17,-70.381,-64.516
97.175,-70.381,-46.921
97.18,-70.381,-23.46
97.185,-70.381,-5.865
97.19,-64.516,5.865
97.19500000000001,-70.381,29.326
97.2,-70.381,76.246
97.205,-70.381,111.437
97.21000000000001,-64.516,123.167
97.215,-64.516,129.032
97.22,-70.381,134.897
97.22500000000001,-64.516,140.762
97.23,-64.516,146.628
97.235,-70.381,164.223
97.24000000000001,-70.381,187.683
97.245,-64.516,211.144
97.25,-64.516,228.739
97.255,-70.381,246.334
97.26,-70.381,258.064
97.265,-70.381,275.66
97.27,-70.381,293.255
97.275,-76.246,304.985
97.28,-76.246,322.581
97.285,-76.246,334.311
97.29,-76.246,346.041
97.295,-76.246,351.906
97.3,-76.246,363.636
97.305,-76.246,369.501
97.31,-76.246,375.366
97.315,-76.246,387.097
97.32000000000001,-82.111,398.827
97.325,-82.111,404.692
97.33,-82.111,410.557
97.33500000000001,-82.111,416.422
97.34,-87.977,416.422
97.345,-87.977,422.287
97.35000000000001,-87.977,422.287
97.355,-87.977,422.287
97.36,-87.977,422.287
97.36500000000001,-87.977,422.287
97.37,-87.977,416.422
97.375,-87.977,416.422
97.38,-87.977,404.692
97.385,-93.842,387.097
97.39,-93.842,369.501
97.395,-99.707,351.906
97.4,-105.572,328.446
97.405,-105.572,304.985
97.41,-111.437,275.66
97.415,-117.302,252.199
97.42,-123.167,222.874
97.425,-129.032,193.548
97.43,-134.897,164.223
97.435,-134.897,134.897
97.44,-134.897,99.707
97.44500000000001,-140.762,64.516
97.45,-140.762,29.326
97.455,-140.762,-5.865
97.46000000000001,-134.897,-41.056
97.465,-134.897,-82.111
97.47,-129.032,-123.167
97.47500000000001,-123.167,-140.762
97.48,-117.302,-134.897
97.485,-111.437,-87.977
97.49000000000001,-105.572,-5.865
97.495,-93.842,52.786
97.5,-87.977,17.595
97.505,-82.111,-35.191
97.51,-82.111,-87.977
97.515,-82.111,-146.628
97.52,-87.977,-187.683
97.525,-87.977,-199.413
97.53,-87.977,-164.223
97.535,-87.977,-140.762
97.54,-82.111,-134.897
97.545,-82.111,-140.762
97.55,-82.111,-158.358
97.555,-76.246,-164.223
97.56,-70.381,-152.493
97.565,-64.516,-134.897
97.57000000000001,-52.786,-129.032
97.575,-41.056,-129.032
97.58,-17.595,-129.032
97.58500000000001,-0.0,-129.032
97.59,23.46,-123.167
97.595,35.191,-117.302
97.60000000000001,41.056,-111.437
97.605,46.921,-111.437
97.61,52.786,-105.572
97.61500000000001,58.651,-105.572
97.62,64.516,-93.842
97.625,70.381,-87.977
97.63,76.246,-82.111
97.635,82.111,-82.111
97.64,93.842,-76.246
97.645,105.572,-76.246
97.65,111.437,-76.246
97.655,123.167,-76.246
97.66,134.897,-76.246
97.665,146.628,-76.246
97.67,158.358,-70.381
97.675,164.223,-70.381
97.68,175.953,-70.381
97.685,181.818,-64.516
97.69,187.683,-64.516
97.69500000000001,193.548,-64.516
97.7,193.548,-64.516
97.705,199.413,-58.651
97.71000000000001,205.279,-58.651
97.715,211.144,-58.651
97.72,217.009,-52.786
97.72500000000001,222.874,-52.786
97.73,228.739,-52.786
97.735,234.604,-52.786
97.74000000000001,240.469,-52.786
97.745,240.469,-52.786
97.75,246.334,-58.651
97.755,246.334,-58.651
97.76,252.199,-58.651
97.765,252.199,-58.651
97.77,252.199,-58.651
97.775,252.199,-58.651
97.78,258.064,-58.651
97.785,258.064,-58.651
97.79,258.064,-58.651
97.795,263.93,-58.651
97.8,263.93,-58.651
97.805,263.93,-58.651
97.81,263.93,-58.651
97.815,263.93,-58.651
97.82000000000001,263.93,-58.651
97.825,263.93,-58.651
97.83,263.93,-58.651
97.83500000000001,258.064,-58.651
97.84,258.064,-58.651
97.845,258.064,-58.651
97.85000000000001,258.064,-58.651
97.855,246.334,-58.651
97.86,234.604,-64.516
97.86500000000001,222.874,-58.651
97.87,217.009,-64.516
97.875,205.279,-64.516
97.88,193.548,-64.516
97.885,175.953,-64.516
97.89,170.088,-64.516
97.895,152.493,-70.381
97.9,134.897,-64.516
97.905,117.302,-64.516
97.91,99.707,-70.381
97.915,76.246,-70.381
97.92,52.786,-70.381
97.925,29.326,-70.381
97.93,-0.0,-70.381
97.935,-23.46,-70.381
97.94,-58.651,-70.381
97.94500000000001,-93.842,-70.381
97.95,-129.032,-70.381
97.955,-152.493,-76.246
97.96000000000001,-146.628,-76.246
97.965,-117.302,-76.246
97.97,-99.707,-70.381
97.97500000000001,-99.707,-76.246
97.98,-111.437,-76.246
97.985,-140.762,-70.381
97.99000000000001,-158.358,-76.246
97.995,-170.088,-76.246
98.0,-170.088,-76.246
98.005,-164.223,-76.246
98.01,-146.628,-76.246
98.015,-140.762,-76.246
98.02,-134.897,-82.111
98.025,-134.897,-82.111
98.03,-129.032,-82.111
98.035,-123.167,-82.111
98.04,-111.437,-87.977
98.045,-105.572,-87.977
98.05,-99.707,-93.842
98.055,-99.707,-93.842
98.06,-93.842,-99.707
98.065,-87.977,-105.572
98.07000000000001,-82.111,-111.437
98.075,-82.111,-117.302
98.08,-82.111,-123.167
98.08500000000001,-76.246,-129.032
98.09,-76.246,-134.897
98.095,-76.246,-140.762
98.10000000000001,-76.246,-146.628
98.105,-70.381,-152.493
98.11,-70.381,-158.358
98.11500000000001,-64.516,-164.223
98.12,-64.516,-164.223
98.125,-64.516,-164.223
98.13,-64.516,-170.088
98.135,-64.516,-170.088
98.14,-64.516,-170.088
98.145,-64.516,-170.088
98.15,-58.651,-164.223
98.155,-58.651,-164.223
98.16,-58.651,-164.223
98.165,-58.651,-164.223
98.17,-58.651,-164.223
98.175,-58.651,-164.223
98.18,-58.651,-158.358
98.185,-58.651,-152.493
98.19,-64.516,-134.897
98.19500000000001,-64.516,-123.167
98.2,-64.516,-117.302
98.205,-64.516,-111.437
98.21000000000001,-64.516,-105.572
98.215,-64.516,-99.707
98.22,-64.516,-87.977
98.22500000000001,-64.516,-76.246
98.23,-70.381,-58.651
98.235,-70.381,-41.056
98.24000000000001,-70.381,-23.46
98.245,-70.381,0.0
98.25,-70.381,35.191
98.255,-64.516,64.516
98.26,-70.381,87.977
98.265,-70.381,99.707
98.27,-64.516,111.437
98.275,-64.516,123.167
98.28,-64.516,134.897
98.285,-64.516,146.628
98.29,-64.516,158.358
98.295,-64.516,175.953
98.3,-64.516,193.548
98.305,-64.516,211.144
98.31,-64.516,222.874
98.315,-64.516,240.469
98.32000000000001,-64.516,258.064
98.325,-70.381,275.66
98.33,-70.381,287.39
98.33500000000001,-70.381,304.985
98.34,-70.381,316.715
98.345,-76.246,328.446
98.35000000000001,-76.246,340.176
98.355,-76.246,351.906
98.36,-76.246,363.636
98.36500000000001,-82.111,369.501
98.37,-82.111,381.232
98.375,-82.111,387.097
98.38,-87.977,398.827
98.385,-87.977,404.692
98.39,-93.842,410.557
98.395,-93.842,410.557
98.4,-93.842,416.422
98.405,-99.707,416.422
98.41,-99.707,416.422
98.415,-99.707,416.422
98.42,-105.572,416.422
98.425,-105.572,416.422
98.43,-105.572,416.422
98.435,-105.572,410.557
98.44,-105.572,398.827
98.44500000000001,-105.572,381.232
98.45,-99.707,363.636
98.455,-105.572,346.041
98.46000000000001,-99.707,328.446
98.465,-99.707,304.985
98.47,-105.572,275.66
98.47500000000001,-105.572,246.334
98.48,-105.572,217.009
98.485,-111.437,193.548
98.49000000000001,-111.437,158.358
98.495,-117.302,129.032
98.5,-117.302,93.842
98.505,-123.167,58.651
98.51,-123.167,17.595
98.515,-123.167,-17.595
98.52,-123.167,-58.651
98.525,-123.167,-87.977
98.53,-123.167,-117.302
98.535,-117.302,-140.762
98.54,-117.302,-152.493
98.545,-111.437,-140.762
98.55,-105.572,-87.977
98.555,-105.572,-5.865
98.56,-111.437,41.056
98.565,-117.302,17.595
98.57000000000001,-117.302,-23.46
98.575,-111.437,-76.246
98.58,-105.572,-134.897
98.58500000000001,-99.707,-175.953
98.59,-93.842,-193.548
98.595,-87.977,-175.953
98.60000000000001,-82.111,-140.762
98.605,-82.111,-117.302
98.61,-82.111,-117.302
98.61500000000001,-82.111,-134.897
98.62,-76.246,-152.493
98.625,-64.516,-158.358
98.63,-58.651,-152.493
98.635,-46.921,-134.897
98.64,-29.326,-129.032
98.645,-11.73,-134.897
98.65,-5.865,-140.762
98.655,11.73,-140.762
98.66,35.191,-140.762
98.665,64.516,-140.762
98.67,82.111,-129.032
98.675,93.842,-123.167
98.68,93.842,-123.167
98.685,99.707,-111.437
98.69,105.572,-105.572
98.69500000000001,117.302,-99.707
98.7,123.167,-93.842
98.705,134.897,-93.842
98.71000000000001,146.628,-93.842
98.715,158.358,-93.842
98.72,170.088,-93.842
98.72500000000001,181.818,-93.842
98.73,193.548,-93.842
98.735,199.413,-87.977
98.74000000000001,211.144,-87.977
98.745,217.009,-82.111
98.75,222.874,-82.111
98.755,228.739,-82.111
98.76,234.604,-76.246
98.765,246.334,-76.246
98.77,252.199,-70.381
98.775,258.064,-70.381
98.78,258.064,-64.516
98.785,263.93,-58.651
98.79,269.795,-58.651
98.795,275.66,-58.651
98.8,281.525,-58.651
98.805,281.525,-58.651
98.81,287.39,-58.651
98.815,287.39,-58.651
98.82000000000001,293.255,-58.651
98.825,293.255,-64.516
98.83,299.12,-58.651
98.83500000000001,299.12,-64.516
98.84,304.985,-64.516
98.845,304.985,-64.516
98.85000000000001,304.985,-64.516
98.855,310.85,-64.516
98.86,310.85,-64.516
98.86500000000001,304.985,-64.516
98.87,304.985,-64.516
98.875,304.985,-64.516
98.88,299.12,-64.516
98.885,299.12,-64.516
98.89,293.255,-64.516
98.895,287.39,-64.516
98.9,281.525,-64.516
98.905,269.795,-64.516
98.91,263.93,-64.516
98.915,252.199,-64.516
98.92,240.469,-64.516
98.925,228.739,-64.516
98.93,217.009,-64.516
98.935,199.413,-64.516
98.94,187.683,-64.516
98.94500000000001,164.223,-64.516
98.95,146.628,-64.516
98.955,123.167,-64.516
98.96000000000001,99.707,-64.516
98.965,76.246,-64.516
98.97,46.921,-64.516
98.97500000000001,23.46,-64.516
98.98,-0.0,-64.516
98.985,-23.46,-64.516
98.99000000000001,-41.056,-70.381
98.995,-58.651,-70.381
99.0,-76.246,-70.381
99.005,-99.707,-70.381
99.01,-123.167,-70.381
99.015,-134.897,-70.381
99.02,-123.167,-70.381
99.025,-87.977,-70.381
99.03,-52.786,-70.381
99.035,-41.056,-70.381
99.04,-64.516,-70.381
99.045,-99.707,-70.381
99.05,-117.302,-70.381
99.055,-129.032,-70.381
99.06,-146.628,-70.381
99.065,-158.358,-76.246
99.07000000000001,-146.628,-76.246
99.075,-123.167,-76.246
99.08,-117.302,-76.246
99.08500000000001,-134.897,-76.246
99.09,-146.628,-82.111
99.095,-146.628,-82.111
99.10000000000001,-140.762,-82.111
99.105,-129.032,-82.111
99.11,-117.302,-87.977
99.11500000000001,-111.437,-87.977
99.12,-111.437,-93.842
99.125,-105.572,-93.842
99.13,-99.707,-99.707
99.135,-87.977,-105.572
99.14,-82.111,-111.437
99.145,-76.246,-117.302
99.15,-76.246,-117.302
99.155,-70.381,-123.167
99.16,-64.516,-129.032
99.165,-64.516,-134.897
99.17,-64.516,-134.897
99.175,-58.651,-140.762
99.18,-58.651,-146.628
99.185,-58.651,-152.493
99.19,-58.651,-152.493
99.19500000000001,-58.651,-158.358
99.2,-58.651,-158.358
99.205,-58.651,-158.358
99.21000000000001,-58.651,-158.358
99.215,-58.651,-158.358
99.22,-58.651,-158.358
99.22500000000001,-58.651,-164.223
99.23,-58.651,-164.223
99.235,-58.651,-170.088
99.24000000000001,-58.651,-170.088
99.245,-58.651,-164.223
99.25,-58.651,-152.493
99.255,-58.651,-140.762
99.26,-58.651,-123.167
99.265,-64.516,-111.437
99.27,-64.516,-111.437
99.275,-64.516,-111.437
99.28,-64.516,-105.572
99.285,-64.516,-87.977
99.29,-70.381,-76.246
99.295,-70.381,-64.516
99.3,-70.381,-46.921
99.305,-76.246,-29.326
99.31,-76.246,-5.865
99.315,-70.381,23.46
99.32000000000001,-76.246,64.516
99.325,-76.246,93.842
99.33,-76.246,117.302
99.33500000000001,-76.246,123.167
99.34,-76.246,134.897
99.345,-76.246,140.762
99.35000000000001,-76.246,152.493
99.355,-76.246,158.358
99.36,-76.246,170.088
99.36500000000001,-76.246,187.683
99.37,-76.246,205.279
99.375,-76.246,222.874
99.38,-76.246,240.469
99.385,-76.246,258.064
99.39,-76.246,269.795
99.395,-76.246,287.39
99.4,-76.246,299.12
99.405,-76.246,310.85
99.41,-76.246,322.581
99.415,-76.246,334.311
99.42,-76.246,346.041
99.425,-82.111,351.906
99.43,-76.246,363.636
99.435,-82.111,369.501
99.44,-82.111,381.232
99.44500000000001,-82.111,387.097
99.45,-87.977,392.962
99.455,-87.977,392.962
99.46000000000001,-87.977,398.827
99.465,-93.842,398.827
99.47,-93.842,398.827
99.47500000000001,-93.842,398.827
99.48,-99.707,398.827
99.485,-99.707,398.827
99.49000000000001,-105.572,398.827
99.495,-105.572,398.827
99.5,-111.437,398.827
99.505,-117.302,392.962
99.51,-123.167,381.232
99.515,-123.167,375.366
99.52,-129.032,363.636
99.525,-134.897,351.906
99.53,-134.897,334.311
99.535,-140.762,316.715
99.54,-146.628,299.12
99.545,-146.628,275.66
99.55,-146.628,252.199
99.555,-152.493,228.739
99.56,-152.493,199.413
99.565,-152.493,175.953
99.57000000000001,-152.493,140.762
99.575,-152.493,105.572
99.58,-146.628,70.381
99.58500000000001,-140.762,29.326
99.59,-140.762,-5.865
99.595,-134.897,-41.056
99.60000000000001,-129.032,-82.111
99.605,-123.167,-117.302
99.61,-117.302,-140.762
99.61500000000001,-105.572,-146.628
99.62,-99.707,-111.437
99.625,-99.707,-46.921
99.63,-99.707,17.595
99.635,-105.572,23.46
99.64,-105.572,-11.73
99.645,-99.707,-58.651
99.65,-93.842,-117.302
99.655,-87.977,-175.953
99.66,-82.111,-205.279
99.665,-82.111,-205.279
99.67,-82.111,-164.223
99.675,-82.111,-140.762
99.68,-82.111,-134.897
99.685,-76.246,-140.762
99.69,-64.516,-158.358
99.69500000000001,-58.651,-164.223
99.7,-46.921,-164.223
99.705,-23.46,-158.358
99.71000000000001,-11.73,-152.493
99.715,-0.0,-140.762
99.72,11.73,-140.762
99.72500000000001,35.191,-140.762
99.73,58.651,-140.762
99.735,70.381,-140.762
99.74000000000001,76.246,-134.897
99.745,82.111,-129.032
99.75,87.977,-129.032
99.755,99.707,-123.167
99.76,111.437,-117.302
99.765,123.167,-111.437
99.77,140.762,-105.572
99.775,158.358,-105.572
99.78,175.953,-99.707
99.785,187.683,-93.842
99.79,199.413,-93.842
99.795,211.144,-93.842
99.8,217.009,-87.977
99.805,228.739,-87.977
99.81,234.604,-87.977
99.815,240.469,-82.111
99.82000000000001,252.199,-82.111
99.825,258.064,-76.246
99.83,263.93,-70.381
99.83500000000001,269.795,-70.381
99.84,275.66,-64.516
99.845,281.525,-64.516
99.85000000000001,287.39,-64.516
99.855,293.255,-64.516
99.86,299.12,-64.516
99.86500000000001,299.12,-58.651
99.87,299.12,-58.651
99.875,304.985,-58.651
99.88,304.985,-58.651
99.885,304.985,-58.651
99.89,304.985,-58.651
99.895,304.985,-52.786
99.9,310.85,-52.786
99.905,310.85,-52.786
99.91,310.85,-58.651
99.915,310.85,-52.786
99.92,310.85,-58.651
99.925,310.85,-58.651
99.93,310.85,-58.651
99.935,310.85,-64.516
99.94,304.985,-64.516
99.94500000000001,304.985,-64.516
99.95,299.12,-70.381
99.955,293.255,-64.516
99.96000000000001,287.39,-70.381
99.965,275.66,-70.381
99.97,269.795,-70.381
99.97500000000001,258.064,-70.381
99.98,246.334,-70.381
99.985,228.739,-70.381
99.99000000000001,211.144,-70.381
99.995,187.683,-70.381
100.0,164.223,-70.381
100.005,140.762,-70.381
100.01,117.302,-70.381
100.015,93.842,-70.381
100.02,70.381,-70.381
100.025,41.056,-70.381
100.03,17.595,-76.246
100.035,-5.865,-76.246
100.04,-23.46,-76.246
100.045,-46.921,-76.246
100.05,-70.381,-76.246
100.055,-93.842,-76.246
100.06,-111.437,-76.246
100.065,-129.032,-76.246
100.07000000000001,-134.897,-76.246
100.075,-111.437,-76.246
100.08,-82.111,-76.246
100.08500000000001,-76.246,-76.246
100.09,-105.572,-82.111
100.095,-129.032,-82.111
100.10000000000001,-146.628,-82.111
100.105,-158.358,-82.111
100.11,-175.953,-82.111
100.11500000000001,-181.818,-82.111
100.12,-170.088,-82.111
100.125,-146.628,-82.111
100.13,-140.762,-87.977
100.135,-164.223,-87.977
100.14,-175.953,-87.977
100.145,-170.088,-87.977
100.15,-164.223,-87.977
100.155,-146.628,-93.842
100.16,-134.897,-93.842
100.165,-129.032,-99.707
100.17,-123.167,-99.707
100.175,-117.302,-105.572
100.18,-105.572,-105.572
100.185,-99.707,-111.437
100.19,-93.842,-117.302
100.19500000000001,-93.842,-123.167
100.2,-87.977,-129.032
100.205,-82.111,-129.032
100.21000000000001,-76.246,-134.897
100.215,-76.246,-140.762
100.22,-76.246,-140.762
100.22500000000001,-76.246,-146.628
100.23,-76.246,-146.628
100.235,-76.246,-152.493
100.24000000000001,-70.381,-152.493
100.245,-70.381,-158.358
100.25,-64.516,-158.358
100.255,-64.516,-158.358
100.26,-64.516,-158.358
100.265,-58.651,-152.493
100.27,-58.651,-152.493
100.275,-58.651,-158.358
100.28,-58.651,-158.358
100.285,-58.651,-164.223
100.29,-58.651,-164.223
100.295,-64.516,-158.358
100.3,-64.516,-146.628
100.305,-64.516,-134.897
100.31,-64.516,-134.897
100.315,-64.516,-134.897
100.32000000000001,-64.516,-134.897
100.325,-64.516,-129.032
100.33,-64.516,-123.167
100.33500000000001,-64.516,-111.437
100.34,-64.516,-93.842
100.345,-64.516,-70.381
100.35000000000001,-64.516,-64.516
100.355,-64.516,-52.786
100.36,-58.651,-23.46
100.36500000000001,-58.651,11.73
100.37,-58.651,35.191
100.375,-58.651,52.786
100.38,-58.651,64.516
100.385,-58.651,70.381
100.39,-58.651,76.246
100.395,-58.651,87.977
100.4,-58.651,105.572
100.405,-58.651,117.302
100.41,-52.786,134.897
100.415,-52.786,152.493
100.42,-52.786,170.088
100.425,-52.786,181.818
100.43,-52.786,193.548
100.435,-52.786,205.279
100.44,-46.921,222.874
100.44500000000001,-46.921,234.604
100.45,-46.921,246.334
100.455,-46.921,258.064
100.46000000000001,-46.921,263.93
100.465,-46.921,275.66
100.47,-46.921,287.39
100.47500000000001,-52.786,293.255
100.48,-52.786,304.985
100.485,-52.786,316.715
100.49000000000001,-52.786,322.581
100.495,-52.786,328.446
100.5,-52.786,334.311
100.505,-52.786,340.176
100.51,-52.786,346.041
100.515,-58.651,351.906
100.52,-58.651,351.906
100.525,-58.651,357.771
100.53,-64.516,357.771
100.535,-64.516,363.636
100.54,-64.516,363.636
100.545,-70.381,369.501
100.55,-70.381,369.501
100.555,-76.246,369.501
100.56,-76.246,369.501
100.565,-82.111,369.501
100.57000000000001,-87.977,369.501
100.575,-87.977,363.636
100.58,-93.842,363.636
100.58500000000001,-99.707,357.771
100.59,-99.707,351.906
100.595,-105.572,346.041
100.60000000000001,-111.437,328.446
100.605,-117.302,304.985
100.61,-123.167,275.66
100.61500000000001,-129.032,252.199
100.62,-134.897,228.739
100.625,-140.762,199.413
100.63,-140.762,175.953
100.635,-140.762,152.493
100.64,-134.897,123.167
100.645,-134.897,93.842
100.65,-134.897,58.651
100.655,-134.897,23.46
100.66,-134.897,-11.73
100.665,-129.032,-52.786
100.67,-123.167,-99.707
100.675,-123.167,-129.032
100.68,-111.437,-129.032
100.685,-105.572,-93.842
100.69,-99.707,-41.056
100.69500000000001,-93.842,-35.191
100.7,-93.842,-70.381
100.705,-93.842,-105.572
100.71000000000001,-99.707,-146.628
100.715,-99.707,-187.683
100.72,-99.707,-205.279
100.72500000000001,-99.707,-193.548
100.73,-93.842,-187.683
100.735,-87.977,-193.548
100.74000000000001,-87.977,-175.953
100.745,-82.111,-146.628
100.75,-70.381,-152.493
100.755,-64.516,-164.223
100.76,-58.651,-158.358
100.765,-46.921,-164.223
100.77,-35.191,-158.358
100.775,-23.46,-140.762
100.78,-0.0,-129.032
100.785,17.595,-117.302
100.79,29.326,-111.437
100.795,41.056,-111.437
100.8,46.921,-105.572
100.805,58.651,-105.572
100.81,64.516,-105.572
100.815,70.381,-105.572
100.82000000000001,82.111,-99.707
100.825,93.842,-99.707
100.83,105.572,-87.977
100.83500000000001,117.302,-87.977
100.84,129.032,-82.111
100.845,134.897,-76.246
100.85000000000001,146.628,-70.381
100.855,158.358,-64.516
100.86,164.223,-58.651
100.86500000000001,175.953,-58.651
100.87,181.818,-58.651
100.875,193.548,-52.786
100.88,199.413,-52.786
100.885,205.279,-52.786
100.89,211.144,-46.921
100.895,217.009,-46.921
100.9,222.874,-46.921
100.905,228.739,-46.921
100.91,234.604,-46.921
100.915,240.469,-46.921
100.92,246.334,-46.921
100.925,252.199,-46.921
100.93,252.199,-46.921
100.935,258.064,-46.921
100.94,258.064,-46.921
100.94500000000001,263.93,-46.921
100.95,263.93,-46.921
100.955,263.93,-41.056
100.96000000000001,269.795,-41.056
100.965,269.795,-41.056
100.97,269.795,-41.056
100.97500000000001,269.795,-46.921
100.98,269.795,-46.921
100.985,275.66,-46.921
100.99000000000001,269.795,-46.921
100.995,269.795,-46.921
101.0,269.795,-46.921
101.005,269.795,-46.921
101.01,263.93,-46.921
101.015,263.93,-46.921
101.02,258.064,-46.921
101.025,258.064,-46.921
101.03,252.199,-46.921
101.035,246.334,-46.921
101.04,246.334,-46.921
101.045,240.469,-46.921
101.05,234.604,-52.786
101.055,222.874,-46.921
101.06,217.009,-52.786
101.065,205.279,-52.786
101.07000000000001,199.413,-52.786
101.075,187.683,-52.786
101.08,175.953,-52.786
101.08500000000001,158.358,-52.786
101.09,146.628,-52.786
101.095,129.032,-58.651
101.10000000000001,111.437,-58.651
101.105,93.842,-58.651
101.11,76.246,-58.651
101.11500000000001,58.651,-58.651
101.12,41.056,-58.651
101.125,23.46,-58.651
101.13,-0.0,-58.651
101.135,-17.595,-58.651
101.14,-35.191,-58.651
101.145,-52.786,-58.651
101.15,-64.516,-58.651
101.155,-76.246,-64.516
101.16,-76.246,-64.516
101.165,-87.977,-58.651
101.17,-105.572,-64.516
101.175,-123.167,-64.516
101.18,-117.302,-64.516
101.185,-87.977,-64.516
101.19,-46.921,-64.516
101.19500000000001,-23.46,-64.516
101.2,-52.786,-64.516
101.205,-99.707,-64.516
101.21000000000001,-129.032,-64.516
101.215,-140.762,-70.381
101.22,-152.493,-70.381
101.22500000000001,-158.358,-70.381
101.23,-152.493,-70.381
101.235,-117.302,-76.246
101.24000000000001,-111.437,-82.111
101.245,-140.762,-82.111
101.25,-164.223,-82.111
101.255,-175.953,-87.977
101.26,-164.223,-87.977
101.265,-146.628,-93.842
101.27,-134.897,-93.842
101.275,-134.897,-99.707
101.28,-134.897,-99.707
101.285,-134.897,-105.572
101.29,-129.032,-111.437
101.295,-123.167,-111.437
101.3,-111.437,-117.302
101.305,-105.572,-123.167
101.31,-99.707,-129.032
101.315,-93.842,-134.897
101.32000000000001,-93.842,-134.897
101.325,-87.977,-140.762
101.33,-87.977,-146.628
101.33500000000001,-87.977,-146.628
101.34,-87.977,-146.628
101.345,-87.977,-152.493
101.35000000000001,-82.111,-146.628
101.355,-82.111,-152.493
101.36,-82.111,-146.628
101.36500000000001,-76.246,-146.628
101.37,-76.246,-146.628
101.375,-70.381,-146.628
101.38,-70.381,-152.493
101.385,-64.516,-164.223
101.39,-64.516,-170.088
101.395,-58.651,-164.223
101.4,-58.651,-158.358
101.405,-58.651,-146.628
101.41,-58.651,-140.762
101.415,-58.651,-140.762
101.42,-64.516,-134.897
101.425,-64.516,-134.897
101.43,-64.516,-129.032
101.435,-64.516,-123.167
101.44,-64.516,-117.302
101.44500000000001,-64.516,-99.707
101.45,-58.651,-82.111
101.455,-58.651,-64.516
101.46000000000001,-58.651,-52.786
101.465,-58.651,-41.056
101.47,-58.651,-17.595
101.47500000000001,-64.516,11.73
101.48,-58.651,41.056
101.485,-64.516,58.651
101.49000000000001,-64.516,76.246
101.495,-64.516,87.977
101.5,-64.516,99.707
101.505,-64.516,105.572
101.51,-58.651,117.302
101.515,-58.651,129.032
101.52,-58.651,140.762
101.525,-58.651,158.358
101.53,-58.651,175.953
101.535,-58.651,193.548
101.54,-58.651,205.279
101.545,-58.651,217.009
101.55,-58.651,234.604
101.555,-58.651,246.334
101.56,-58.651,263.93
101.565,-58.651,275.66
101.57000000000001,-58.651,287.39
101.575,-58.651,299.12
101.58,-58.651,310.85
101.58500000000001,-58.651,316.715
101.59,-58.651,328.446
101.595,-58.651,334.311
101.60000000000001,-58.651,346.041
101.605,-58.651,357.771
101.61,-58.651,363.636
101.61500000000001,-64.516,363.636
101.62,-64.516,369.501
101.625,-70.381,375.366
101.63,-70.381,375.366
101.635,-76.246,381.232
101.64,-76.246,381.232
101.645,-82.111,387.097
101.65,-87.977,387.097
101.655,-87.977,387.097
101.66,-93.842,392.962
101.665,-99.707,392.962
101.67,-99.707,387.097
101.675,-105.572,387.097
101.68,-111.437,381.232
101.685,-111.437,375.366
101.69,-117.302,369.501
101.69500000000001,-117.302,357.771
101.7,-123.167,346.041
101.705,-123.167,328.446
101.71000000000001,-123.167,310.85
101.715,-123.167,287.39
101.72,-129.032,269.795
101.72500000000001,-129.032,252.199
101.73,-134.897,228.739
101.735,-134.897,205.279
101.74000000000001,-134.897,181.818
101.745,-134.897,158.358
101.75,-134.897,123.167
101.755,-134.897,93.842
101.76,-134.897,58.651
101.765,-129.032,23.46
101.77,-123.167,-17.595
101.775,-117.302,-64.516
101.78,-111.437,-99.707
101.785,-105.572,-123.167
101.79,-99.707,-117.302
101.795,-93.842,-70.381
101.8,-87.977,-11.73
101.805,-87.977,0.0
101.81,-93.842,-29.326
101.815,-87.977,-58.651
101.82000000000001,-82.111,-105.572
101.825,-82.111,-164.223
101.83,-76.246,-199.413
101.83500000000001,-70.381,-193.548
101.84,-64.516,-170.088
101.845,-58.651,-152.493
101.85000000000001,-52.786,-146.628
101.855,-52.786,-158.358
101.86,-46.921,-170.088
101.86500000000001,-46.921,-170.088
101.87,-41.056,-158.358
101.875,-35.191,-140.762
101.88,-35.191,-134.897
101.885,-23.46,-129.032
101.89,-11.73,-134.897
101.895,-0.0,-134.897
101.9,5.865,-134.897
101.905,23.46,-123.167
101.91,46.921,-123.167
101.915,58.651,-117.302
101.92,70.381,-111.437
101.925,76.246,-105.572
101.93,82.111,-99.707
101.935,93.842,-99.707
101.94,99.707,-93.842
101.94500000000001,105.572,-87.977
101.95,117.302,-82.111
101.955,129.032,-82.111
101.96000000000001,134.897,-76.246
101.965,146.628,-76.246
101.97,158.358,-70.381
101.97500000000001,170.088,-70.381
101.98,175.953,-64.516
101.985,181.818,-64.516
101.99000000000001,187.683,-58.651
101.995,193.548,-58.651
102.0,199.413,-52.786
102.005,205.279,-52.786
102.01,211.144,-46.921
102.015,222.874,-46.921
102.02,222.874,-46.921
102.025,228.739,-46.921
102.03,234.604,-41.056
102.035,240.469,-41.056
102.04,246.334,-41.056
102.045,252.199,-41.056
102.05,252.199,-41.056
102.055,258.064,-41.056
102.06,258.064,-41.056
102.065,263.93,-41.056
102.07000000000001,263.93,-41.056
102.075,269.795,-41.056
102.08,269.795,-41.056
102.08500000000001,269.795,-41.056
102.09,269.795,-41.056
102.095,269.795,-41.056
102.10000000000001,269.795,-41.056
102.105,269.795,-41.056
102.11,269.795,-41.056
102.11500000000001,269.795,-41.056
102.12,269.795,-41.056
102.125,263.93,-41.056
102.13,263.93,-41.056
102.135,258.064,-46.921
102.14,252.199,-46.921
102.145,252.199,-46.921
102.15,246.334,-46.921
102.155,240.469,-46.921
102.16,228.739,-46.921
102.165,222.874,-46.921
102.17,217.009,-46.921
102.175,211.144,-52.786
102.18,199.413,-52.786
102.185,187.683,-52.786
102.19,175.953,-52.786
102.19500000000001,164.223,-52.786
102.2,152.493,-58.651
102.205,140.762,-58.651
102.21000000000001,123.167,-58.651
102.215,105.572,-58.651
102.22,87.977,-64.516
102.22500000000001,70.381,-64.516
102.23,52.786,-64.516
102.235,29.326,-64.516
102.24000000000001,11.73,-64.516
102.245,-5.865,-70.381
102.25,-23.46,-70.381
102.255,-46.921,-70.381
102.26,-70.381,-70.381
102.265,-93.842,-70.381
102.27,-117.302,-70.381
102.275,-123.167,-70.381
102.28,-105.572,-70.381
102.285,-64.516,-76.246
102.29,-41.056,-70.381
102.295,-52.786,-70.381
102.3,-87.977,-70.381
102.305,-111.437,-70.381
102.31,-123.167,-70.381
102.315,-140.762,-70.381
102.32000000000001,-152.493,-70.381
102.325,-158.358,-70.381
102.33,-146.628,-70.381
102.33500000000001,-129.032,-70.381
102.34,-134.897,-76.246
102.345,-146.628,-76.246
102.35000000000001,-146.628,-76.246
102.355,-140.762,-76.246
102.36,-134.897,-76.246
102.36500000000001,-123.167,-76.246
102.37,-111.437,-82.111
102.375,-105.572,-82.111
102.38,-93.842,-82.111
102.385,-87.977,-87.977
102.39,-76.246,-87.977
102.395,-70.381,-93.842
102.4,-64.516,-105.572
102.405,-58.651,-105.572
102.41,-58.651,-111.437
102.415,-52.786,-117.302
102.42,-52.786,-129.032
102.425,-52.786,-134.897
102.43,-46.921,-140.762
102.435,-46.921,-146.628
102.44,-52.786,-152.493
102.44500000000001,-52.786,-158.358
102.45,-52.786,-164.223
102.455,-52.786,-170.088
102.46000000000001,-52.786,-170.088
102.465,-58.651,-170.088
102.47,-58.651,-170.088
102.47500000000001,-58.651,-170.088
102.48,-58.651,-170.088
102.485,-58.651,-170.088
102.49000000000001,-58.651,-164.223
102.495,-64.516,-164.223
102.5,-58.651,-170.088
102.505,-64.516,-170.088
102.51,-64.516,-170.088
102.515,-64.516,-164.223
102.52,-64.516,-152.493
102.525,-64.516,-140.762
102.53,-64.516,-123.167
102.535,-64.516,-111.437
102.54,-70.381,-105.572
102.545,-70.381,-105.572
102.55,-70.381,-99.707
102.555,-70.381,-93.842
102.56,-76.246,-87.977
102.565,-76.246,-76.246
102.57000000000001,-76.246,-58.651
102.575,-76.246,-41.056
102.58,-76.246,-29.326
102.58500000000001,-76.246,0.0
102.59,-76.246,41.056
102.595,-70.381,76.246
102.60000000000001,-70.381,99.707
102.605,-70.381,111.437
102.61,-70.381,123.167
102.61500000000001,-64.516,129.032
102.62,-64.516,134.897
102.625,-64.516,152.493
102.63,-70.381,164.223
102.635,-64.516,181.818
102.64,-70.381,199.413
102.645,-70.381,217.009
102.65,-70.381,228.739
102.655,-70.381,246.334
102.66,-70.381,258.064
102.665,-70.381,275.66
102.67,-70.381,293.255
102.675,-76.246,304.985
102.68,-76.246,316.715
102.685,-76.246,328.446
102.69,-76.246,340.176
102.69500000000001,-76.246,351.906
102.7,-76.246,357.771
102.705,-76.246,369.501
102.71000000000001,-82.111,375.366
102.715,-82.111,381.232
102.72,-82.111,387.097
102.72500000000001,-82.111,392.962
102.73,-82.111,398.827
102.735,-82.111,398.827
102.74000000000001,-82.111,404.692
102.745,-87.977,404.692
102.75,-87.977,410.557
102.755,-87.977,404.692
102.76,-93.842,404.692
102.765,-93.842,404.692
102.77,-93.842,410.557
102.775,-99.707,404.692
102.78,-99.707,392.962
102.785,-105.572,387.097
102.79,-111.437,369.501
102.795,-111.437,351.906
102.8,-123.167,334.311
102.805,-129.032,310.85
102.81,-134.897,287.39
102.815,-134.897,258.064
102.82000000000001,-140.762,234.604
102.825,-146.628,205.279
102.83,-146.628,175.953
102.83500000000001,-152.493,146.628
102.84,-152.493,117.302
102.845,-146.628,87.977
102.85000000000001,-146.628,46.921
102.855,-146.628,17.595
102.86,-140.762,-17.595
102.86500000000001,-140.762,-58.651
102.87,-134.897,-93.842
102.875,-134.897,-129.032
102.88,-123.167,-140.762
102.885,-117.302,-129.032
102.89,-111.437,-76.246
102.895,-105.572,0.0
102.9,-93.842,29.326
102.905,-87.977,-5.865
102.91,-87.977,-46.921
102.915,-87.977,-93.842
102.92,-93.842,-158.358
102.925,-93.842,-193.548
102.93,-87.977,-205.279
102.935,-82.111,-175.953
102.94,-82.111,-146.628
102.94500000000001,-82.111,-134.897
102.95,-82.111,-134.897
102.955,-76.246,-152.493
102.96000000000001,-76.246,-164.223
102.965,-70.381,-158.358
102.97,-58.651,-152.493
102.97500000000001,-52.786,-140.762
102.98,-41.056,-134.897
102.985,-29.326,-129.032
102.99000000000001,-11.73,-134.897
102.995,-0.0,-134.897
103.0,11.73,-134.897
103.005,29.326,-129.032
103.01,35.191,-129.032
103.015,46.921,-123.167
103.02,46.921,-123.167
103.025,52.786,-117.302
103.03,58.651,-117.302
103.035,70.381,-111.437
103.04,82.111,-105.572
103.045,93.842,-99.707
103.05,105.572,-93.842
103.055,123.167,-93.842
103.06,134.897,-87.977
103.065,146.628,-87.977
103.07000000000001,158.358,-87.977
103.075,164.223,-87.977
103.08,175.953,-87.977
103.08500000000001,181.818,-82.111
103.09,193.548,-82.111
103.095,199.413,-76.246
103.10000000000001,205.279,-76.246
103.105,211.144,-70.381
103.11,217.009,-70.381
103.11500000000001,222.874,-64.516
103.12,228.739,-64.516
103.125,234.604,-58.651
103.13,240.469,-58.651
103.135,240.469,-58.651
103.14,246.334,-58.651
103.145,252.199,-58.651
103.15,258.064,-52.786
103.155,258.064,-52.786
103.16,258.064,-52.786
103.165,258.064,-52.786
103.17,263.93,-46.921
103.175,263.93,-46.921
103.18,263.93,-46.921
103.185,263.93,-46.921
103.19,263.93,-46.921
103.19500000000001,269.795,-46.921
103.2,269.795,-46.921
103.205,275.66,-46.921
103.21000000000001,275.66,-46.921
103.215,275.66,-46.921
103.22,275.66,-46.921
103.22500000000001,275.66,-46.921
103.23,269.795,-52.786
103.235,269.795,-52.786
103.24000000000001,269.795,-52.786
103.245,263.93,-52.786
103.25,258.064,-52.786
103.255,258.064,-52.786
103.26,252.199,-52.786
103.265,240.469,-52.786
103.27,234.604,-52.786
103.275,222.874,-52.786
103.28,217.009,-52.786
103.285,205.279,-52.786
103.29,193.548,-52.786
103.295,175.953,-52.786
103.3,158.358,-52.786
103.305,140.762,-52.786
103.31,123.167,-58.651
103.315,105.572,-58.651
103.32000000000001,87.977,-58.651
103.325,70.381,-58.651
103.33,52.786,-58.651
103.33500000000001,35.191,-58.651
103.34,17.595,-58.651
103.345,-0.0,-58.651
103.35000000000001,-23.46,-58.651
103.355,-46.921,-64.516
103.36,-70.381,-64.516
103.36500000000001,-87.977,-64.516
103.37,-105.572,-64.516
103.375,-99.707,-64.516
103.38,-70.381,-64.516
103.385,-46.921,-70.381
103.39,-41.056,-70.381
103.395,-64.516,-70.381
103.4,-93.842,-70.381
103.405,-105.572,-70.381
103.41,-117.302,-70.381
103.415,-129.032,-76.246
103.42,-134.897,-76.246
103.425,-117.302,-76.246
103.43,-111.437,-76.246
103.435,-117.302,-82.111
103.44,-123.167,-82.111
103.44500000000001,-123.167,-82.111
103.45,-123.167,-82.111
103.455,-123.167,-87.977
103.46000000000001,-111.437,-87.977
103.465,-111.437,-93.842
103.47,-105.572,-93.842
103.47500000000001,-99.707,-99.707
103.48,-93.842,-99.707
103.485,-87.977,-105.572
103.49000000000001,-82.111,-111.437
103.495,-82.111,-123.167
103.5,-76.246,-129.032
103.505,-76.246,-134.897
103.51,-70.381,-140.762
103.515,-70.381,-146.628
103.52,-64.516,-158.358
103.525,-64.516,-164.223
103.53,-64.516,-164.223
103.535,-64.516,-170.088
103.54,-64.516,-170.088
103.545,-64.516,-170.088
103.55,-64.516,-170.088
103.555,-70.381,-170.088
103.56,-64.516,-164.223
103.565,-64.516,-158.358
103.57000000000001,-64.516,-152.493
103.575,-64.516,-146.628
103.58,-64.516,-146.628
103.58500000000001,-64.516,-146.628
103.59,-64.516,-146.628
103.595,-64.516,-140.762
103.60000000000001,-58.651,-129.032
103.605,-58.651,-111.437
103.61,-58.651,-99.707
103.61500000000001,-58.651,-87.977
103.62,-58.651,-76.246
103.625,-58.651,-70.381
103.63,-58.651,-70.381
103.635,-52.786,-76.246
103.64,-58.651,-70.381
103.645,-52.786,-58.651
103.65,-52.786,-46.921
103.655,-52.786,-35.191
103.66,-58.651,-11.73
103.665,-58.651,0.0
103.67,-58.651,11.73
103.675,-58.651,52.786
103.68,-58.651,99.707
103.685,-58.651,123.167
103.69,-58.651,134.897
103.69500000000001,-64.516,134.897
103.7,-58.651,140.762
103.705,-64.516,146.628
103.71000000000001,-64.516,158.358
103.715,-64.516,170.088
103.72,-64.516,187.683
103.72500000000001,-64.516,205.279
103.73,-64.516,222.874
103.735,-70.381,240.469
103.74000000000001,-70.381,252.199
103.745,-70.381,263.93
103.75,-70.381,281.525
103.755,-70.381,293.255
103.76,-70.381,310.85
103.765,-70.381,316.715
103.77,-70.381,328.446
103.775,-70.381,334.311
103.78,-70.381,340.176
103.785,-70.381,351.906
103.79,-76.246,357.771
103.795,-76.246,363.636
103.8,-82.111,369.501
103.805,-82.111,375.366
103.81,-82.111,381.232
103.815,-87.977,387.097
103.82000000000001,-87.977,387.097
103.825,-93.842,387.097
103.83,-93.842,387.097
103.83500000000001,-93.842,387.097
103.84,-93.842,387.097
103.845,-93.842,387.097
103.85000000000001,-99.707,381.232
103.855,-99.707,375.366
103.86,-99.707,363.636
103.86500000000001,-99.707,346.041
103.87,-105.572,328.446
103.875,-105.572,310.85
103.88,-105.572,293.255
103.885,-111.437,269.795
103.89,-111.437,252.199
103.895,-117.302,228.739
103.9,-123.167,205.279
103.905,-123.167,181.818
103.91,-123.167,158.358
103.915,-129.032,129.032
103.92,-129.032,105.572
103.925,-129.032,76.246
103.93,-129.032,52.786
103.935,-123.167,17.595
103.94,-123.167,-17.595
103.94500000000001,-123.167,-58.651
103.95,-123.167,-87.977
103.955,-123.167,-105.572
103.96000000000001,-117.302,-99.707
103.965,-111.437,-58.651
103.97,-105.572,-17.595
103.97500000000001,-99.707,-11.73
103.98,-93.842,-35.191
103.985,-87.977,-64.516
103.99000000000001,-82.111,-105.572
103.995,-82.111,-158.358
104.0,-87.977,-187.683
104.005,-87.977,-187.683
104.01,-87.977,-158.358
104.015,-87.977,-140.762
104.02,-82.111,-134.897
104.025,-82.111,-134.897
104.03,-76.246,-140.762
104.035,-76.246,-140.762
104.04,-76.246,-129.032
104.045,-76.246,-123.167
104.05,-76.246,-111.437
104.055,-64.516,-111.437
104.06,-58.651,-111.437
104.065,-58.651,-111.437
104.07000000000001,-46.921,-117.302
104.075,-35.191,-117.302
104.08,-29.326,-117.302
104.08500000000001,-23.46,-117.302
104.09,-5.865,-111.437
104.095,17.595,-105.572
104.10000000000001,35.191,-93.842
104.105,46.921,-93.842
104.11,52.786,-87.977
104.11500000000001,58.651,-87.977
104.12,64.516,-82.111
104.125,76.246,-82.111
104.13,82.111,-82.111
104.135,93.842,-82.111
104.14,111.437,-87.977
104.145,123.167,-82.111
104.15,140.762,-82.111
104.155,152.493,-82.111
104.16,158.358,-76.246
104.165,170.088,-76.246
104.17,181.818,-76.246
104.175,187.683,-70.381
104.18,199.413,-70.381
104.185,205.279,-70.381
104.19,217.009,-70.381
104.19500000000001,222.874,-64.516
104.2,228.739,-64.516
104.205,234.604,-58.651
104.21000000000001,246.334,-58.651
104.215,252.199,-58.651
104.22,258.064,-58.651
104.22500000000001,263.93,-58.651
104.23,269.795,-58.651
104.235,269.795,-58.651
104.24000000000001,275.66,-58.651
104.245,275.66,-58.651
104.25,281.525,-58.651
104.255,281.525,-58.651
104.26,287.39,-64.516
104.265,287.39,-64.516
104.27,287.39,-58.651
104.275,293.255,-64.516
104.28,293.255,-58.651
104.285,293.255,-58.651
104.29,293.255,-58.651
104.295,293.255,-58.651
104.3,293.255,-58.651
104.305,293.255,-58.651
104.31,293.255,-58.651
104.315,287.39,-58.651
104.32000000000001,287.39,-58.651
104.325,281.525,-58.651
104.33,275.66,-58.651
104.33500000000001,275.66,-58.651
104.34,263.93,-64.516
104.345,258.064,-64.516
104.35000000000001,252.199,-64.516
104.355,240.469,-64.516
104.36,222.874,-64.516
104.36500000000001,199.413,-64.516
104.37,181.818,-64.516
104.375,164.223,-64.516
104.38,146.628,-64.516
104.385,129.032,-64.516
104.39,105.572,-64.516
104.395,87.977,-64.516
104.4,58.651,-64.516
104.405,35.191,-64.516
104.41,-0.0,-70.381
104.415,-23.46,-70.381
104.42,-52.786,-70.381
104.425,-82.111,-70.381
104.43,-111.437,-70.381
104.435,-129.032,-70.381
104.44,-129.032,-70.381
104.44500000000001,-99.707,-70.381
104.45,-70.381,-70.381
104.455,-64.516,-70.381
104.46000000000001,-93.842,-70.381
104.465,-105.572,-70.381
104.47,-111.437,-70.381
104.47500000000001,-134.897,-70.381
104.48,-158.358,-70.381
104.485,-170.088,-70.381
104.49000000000001,-152.493,-70.381
104.495,-123.167,-76.246
104.5,-129.032,-76.246
104.505,-146.628,-82.111
104.51,-152.493,-82.111
104.515,-152.493,-82.111
104.52,-146.628,-82.111
104.525,-134.897,-87.977
104.53,-129.032,-93.842
104.535,-123.167,-93.842
104.54,-117.302,-99.707
104.545,-111.437,-99.707
104.55,-105.572,-105.572
104.555,-99.707,-111.437
104.56,-93.842,-117.302
104.565,-87.977,-123.167
104.57000000000001,-87.977,-129.032
104.575,-87.977,-129.032
104.58,-82.111,-134.897
104.58500000000001,-82.111,-140.762
104.59,-82.111,-140.762
104.595,-76.246,-146.628
104.60000000000001,-76.246,-146.628
104.605,-76.246,-152.493
104.61,-76.246,-152.493
104.61500000000001,-70.381,-158.358
104.62,-70.381,-158.358
104.625,-70.381,-158.358
104.63,-70.381,-158.358
104.635,-70.381,-158.358
104.64,-64.516,-158.358
104.645,-64.516,-164.223
104.65,-64.516,-164.223
104.655,-64.516,-164.223
104.66,-64.516,-164.223
104.665,-64.516,-152.493
104.67,-64.516,-140.762
104.675,-64.516,-129.032
104.68,-64.516,-117.302
104.685,-64.516,-105.572
104.69,-64.516,-99.707
104.69500000000001,-58.651,-99.707
104.7,-58.651,-105.572
104.705,-58.651,-99.707
104.71000000000001,-58.651,-82.111
104.715,-64.516,-70.381
104.72,-64.516,-46.921
104.72500000000001,-64.516,-23.46
104.73,-64.516,-5.865
104.735,-64.516,23.46
104.74000000000001,-64.516,58.651
104.745,-64.516,87.977
104.75,-64.516,105.572
104.755,-64.516,117.302
104.76,-64.516,123.167
104.765,-64.516,123.167
104.77,-64.516,134.897
104.775,-64.516,152.493
104.78,-64.516,164.223
104.785,-64.516,181.818
104.79,-58.651,205.279
104.795,-58.651,222.874
104.8,-58.651,234.604
104.805,-58.651,246.334
104.81,-58.651,263.93
104.815,-58.651,281.525
104.82000000000001,-58.651,293.255
104.825,-64.516,310.85
104.83,-64.516,316.715
104.83500000000001,-64.516,328.446
104.84,-64.516,340.176
104.845,-70.381,351.906
104.85000000000001,-70.381,357.771
104.855,-70.381,363.636
104.86,-70.381,375.366
104.86500000000001,-70.381,381.232
104.87,-76.246,387.097
104.875,-76.246,392.962
104.88,-76.246,398.827
104.885,-82.111,404.692
104.89,-82.111,404.692
104.895,-82.111,410.557
104.9,-87.977,410.557
104.905,-87.977,416.422
104.91,-93.842,416.422
104.915,-93.842,416.422
104.92,-99.707,410.557
104.925,-99.707,410.557
104.93,-105.572,404.692
104.935,-105.572,392.962
104.94,-111.437,381.232
104.94500000000001,-111.437,363.636
104.95,-117.302,346.041
104.955,-117.302,328.446
104.96000000000001,-123.167,304.985
104.965,-123.167,269.795
104.97,-129.032,246.334
104.97500000000001,-129.032,217.009
104.98,-129.032,193.548
104.985,-134.897,164.223
104.99000000000001,-134.897,129.032
104.995,-134.897,93.842
105.0,-134.897,52.786
105.005,-134.897,11.73
105.01,-129.032,-23.46
105.015,-129.032,-58.651
105.02,-129.032,-99.707
105.025,-123.167,-134.897
105.03,-117.302,-152.493
105.035,-111.437,-146.628
105.04,-99.707,-111.437
105.045,-93.842,-41.056
105.05,-87.977,23.46
105.055,-82.111,17.595
105.06,-87.977,-23.46
105.065,-87.977,-64.516
105.07000000000001,-87.977,-117.302
105.075,-87.977,-170.088
105.08,-87.977,-193.548
105.08500000000001,-82.111,-187.683
105.09,-82.111,-158.358
105.095,-76.246,-134.897
105.10000000000001,-76.246,-123.167
105.105,-70.381,-129.032
105.11,-64.516,-146.628
105.11500000000001,-58.651,-152.493
105.12,-52.786,-152.493
105.125,-46.921,-140.762
105.13,-41.056,-129.032
105.135,-29.326,-123.167
105.14,-23.46,-123.167
105.145,-17.595,-123.167
105.15,-0.0,-123.167
105.155,23.46,-117.302
105.16,41.056,-117.302
105.165,46.921,-111.437
105.17,52.786,-111.437
105.175,58.651,-105.572
105.18,70.381,-105.572
105.185,82.111,-99.707
105.19,87.977,-93.842
105.19500000000001,99.707,-87.977
105.2,105.572,-82.111
105.205,123.167,-82.111
105.21000000000001,129.032,-76.246
105.215,140.762,-76.246
105.22,152.493,-76.246
105.22500000000001,164.223,-76.246
105.23,170.088,-70.381
105.235,175.953,-70.381
105.24000000000001,187.683,-64.516
105.245,187.683,-64.516
105.25,199.413,-64.516
105.255,205.279,-58.651
105.26,211.144,-58.651
105.265,217.009,-58.651
105.27,222.874,-52.786
105.275,228.739,-52.786
105.28,234.604,-46.921
105.285,240.469,-46.921
105.29,246.334,-46.921
105.295,246.334,-46.921
105.3,252.199,-46.921
105.305,252.199,-46.921
105.31,252.199,-41.056
105.315,258.064,-41.056
105.32000000000001,258.064,-41.056
105.325,258.064,-41.056
105.33,263.93,-46.921
105.33500000000001,263.93,-46.921
105.34,269.795,-46.921
105.345,269.795,-46.921
105.35000000000001,269.795,-46.921
105.355,275.66,-46.921
105.36,275.66,-52.786
105.36500000000001,275.66,-52.786
105.37,275.66,-52.786
105.375,275.66,-52.786
105.38,275.66,-52.786
105.385,275.66,-52.786
105.39,269.795,-52.786
105.395,269.795,-58.651
105.4,263.93,-58.651
105.405,258.064,-58.651
105.41,252.199,-58.651
105.415,246.334,-58.651
105.42,234.604,-64.516
105.425,228.739,-64.516
105.43,217.009,-64.516
105.435,205.279,-64.516
105.44,193.548,-64.516
105.44500000000001,175.953,-64.516
105.45,164.223,-64.516
105.455,152.493,-64.516
105.46000000000001,134.897,-70.381
105.465,117.302,-70.381
105.47,99.707,-70.381
105.47500000000001,82.111,-70.381
105.48,58.651,-70.381
105.485,41.056,-70.381
105.49000000000001,17.595,-70.381
105.495,-0.0,-70.381
105.5,-17.595,-70.381
105.505,-35.191,-70.381
105.51,-58.651,-76.246
105.515,-82.111,-76.246
105.52,-105.572,-76.246
105.525,-123.167,-76.246
105.53,-123.167,-76.246
105.535,-99.707,-76.246
105.54,-64.516,-76.246
105.545,-46.921,-76.246
105.55,-64.516,-76.246
105.555,-99.707,-70.381
105.56,-111.437,-76.246
105.565,-129.032,-76.246
105.57000000000001,-140.762,-76.246
105.575,-152.493,-76.246
105.58,-152.493,-76.246
105.58500000000001,-129.032,-76.246
105.59,-123.167,-82.111
105.595,-140.762,-82.111
105.60000000000001,-146.628,-82.111
105.605,-146.628,-82.111
105.61,-140.762,-82.111
105.61500000000001,-129.032,-82.111
105.62,-117.302,-87.977
105.625,-117.302,-87.977
105.63,-111.437,-93.842
105.635,-99.707,-99.707
105.64,-93.842,-105.572
105.645,-82.111,-105.572
105.65,-76.246,-111.437
105.655,-70.381,-123.167
105.66,-64.516,-123.167
105.665,-64.516,-129.032
105.67,-58.651,-129.032
105.675,-58.651,-134.897
105.68,-58.651,-134.897
105.685,-58.651,-140.762
105.69,-58.651,-140.762
105.69500000000001,-52.786,-146.628
105.7,-52.786,-146.628
105.705,-58.651,-152.493
105.71000000000001,-58.651,-152.493
105.715,-58.651,-158.358
105.72,-58.651,-158.358
105.72500000000001,-58.651,-152.493
105.73,-64.516,-152.493
105.735,-58.651,-146.628
105.74000000000001,-58.651,-146.628
105.745,-58.651,-152.493
105.75,-64.516,-152.493
105.755,-64.516,-158.358
105.76,-64.516,-158.358
105.765,-64.516,-152.493
105.77,-64.516,-140.762
105.775,-64.516,-129.032
105.78,-64.516,-117.302
105.785,-64.516,-117.302
105.79,-64.516,-117.302
105.795,-64.516,-111.437
105.8,-64.516,-105.572
105.805,-64.516,-87.977
105.81,-64.516,-64.516
105.815,-64.516,-46.921
105.82000000000001,-64.516,-41.056
105.825,-64.516,-17.595
105.83,-64.516,5.865
105.83500000000001,-64.516,23.46
105.84,-64.516,46.921
105.845,-64.516,76.246
105.85000000000001,-64.516,99.707
105.855,-64.516,117.302
105.86,-64.516,129.032
105.86500000000001,-64.516,134.897
105.87,-64.516,146.628
105.875,-64.516,152.493
105.88,-64.516,164.223
105.885,-64.516,170.088
105.89,-64.516,187.683
105.895,-64.516,199.413
105.9,-64.516,217.009
105.905,-64.516,234.604
105.91,-64.516,246.334
105.915,-64.516,258.064
105.92,-64.516,275.66
105.925,-64.516,287.39
105.93,-64.516,304.985
105.935,-64.516,316.715
105.94,-64.516,322.581
105.94500000000001,-64.516,334.311
105.95,-64.516,340.176
105.955,-64.516,351.906
105.96000000000001,-64.516,357.771
105.965,-64.516,363.636
105.97,-70.381,369.501
105.97500000000001,-70.381,381.232
105.98,-70.381,381.232
105.985,-70.381,392.962
105.99000000000001,-76.246,392.962
105.995,-76.246,392.962
106.0,-76.246,398.827
106.005,-76.246,398.827
106.01,-82.111,398.827
106.015,-82.111,398.827
106.02,-82.111,398.827
106.025,-82.111,398.827
106.03,-82.111,387.097
106.035,-87.977,381.232
106.04,-87.977,369.501
106.045,-87.977,357.771
106.05,-93.842,346.041
106.055,-93.842,328.446
106.06,-99.707,310.85
106.065,-105.572,293.255
106.07000000000001,-105.572,269.795
106.075,-111.437,240.469
106.08,-117.302,217.009
106.08500000000001,-117.302,187.683
106.09,-123.167,164.223
106.095,-129.032,134.897
106.10000000000001,-134.897,105.572
106.105,-134.897,76.246
106.11,-134.897,41.056
106.11500000000001,-134.897,5.865
106.12,-134.897,-29.326
106.125,-129.032,-58.651
106.13,-129.032,-87.977
106.135,-129.032,-111.437
106.14,-123.167,-134.897
106.145,-117.302,-146.628
106.15,-111.437,-129.032
106.155,-105.572,-82.111
106.16,-99.707,-11.73
106.165,-99.707,29.326
106.17,-99.707,23.46
106.175,-99.707,-11.73
106.18,-105.572,-58.651
106.185,-105.572,-117.302
106.19,-105.572,-158.358
106.19500000000001,-99.707,-181.818
106.2,-93.842,-170.088
106.205,-93.842,-140.762
106.21000000000001,-87.977,-117.302
106.215,-82.111,-117.302
106.22,-76.246,-134.897
106.22500000000001,-70.381,-152.493
106.23,-64.516,-158.358
106.235,-58.651,-152.493
106.24000000000001,-46.921,-134.897
106.245,-41.056,-134.897
106.25,-35.191,-129.032
106.255,-11.73,-134.897
106.26,5.865,-134.897
106.265,11.73,-129.032
106.27,23.46,-123.167
106.275,35.191,-117.302
106.28,52.786,-111.437
106.285,64.516,-105.572
106.29,76.246,-99.707
106.295,82.111,-93.842
106.3,87.977,-87.977
106.305,93.842,-87.977
106.31,99.707,-82.111
106.315,105.572,-82.111
106.32000000000001,117.302,-82.111
106.325,129.032,-82.111
106.33,134.897,-82.111
106.33500000000001,146.628,-82.111
106.34,158.358,-76.246
106.345,170.088,-76.246
106.35000000000001,175.953,-70.381
106.355,187.683,-70.381
106.36,193.548,-64.516
106.36500000000001,205.279,-64.516
106.37,211.144,-58.651
106.375,222.874,-58.651
106.38,228.739,-58.651
106.385,234.604,-58.651
106.39,240.469,-52.786
106.395,246.334,-52.786
106.4,252.199,-52.786
106.405,258.064,-52.786
106.41,263.93,-52.786
106.415,269.795,-52.786
106.42,275.66,-52.786
106.425,281.525,-52.786
106.43,287.39,-52.786
106.435,287.39,-58.651
106.44,293.255,-58.651
106.44500000000001,293.255,-58.651
106.45,299.12,-58.651
106.455,299.12,-64.516
106.46000000000001,299.12,-64.516
106.465,304.985,-64.516
106.47,304.985,-64.516
106.47500000000001,304.985,-64.516
106.48,310.85,-64.516
106.485,310.85,-64.516
106.49000000000001,310.85,-70.381
106.495,304.985,-70.381
106.5,304.985,-70.381
106.505,299.12,-70.381
106.51,299.12,-70.381
106.515,293.255,-70.381
106.52,287.39,-70.381
106.525,275.66,-70.381
106.53,269.795,-70.381
106.535,258.064,-70.381
106.54,246.334,-76.246
106.545,228.739,-76.246
106.55,217.009,-76.246
106.555,199.413,-76.246
106.56,175.953,-76.246
106.565,152.493,-76.246
106.57000000000001,129.032,-76.246
106.575,99.707,-76.246
106.58,70.381,-76.246
106.58500000000001,46.921,-76.246
106.59,17.595,-76.246
106.595,-5.865,-76.246
106.60000000000001,-29.326,-70.381
106.605,-46.921,-76.246
106.61,-64.516,-70.381
106.61500000000001,-82.111,-70.381
106.62,-93.842,-76.246
106.625,-105.572,-70.381
106.63,-111.437,-76.246
106.635,-111.437,-70.381
106.64,-111.437,-70.381
106.645,-123.167,-70.381
106.65,-111.437,-70.381
106.655,-87.977,-70.381
106.66,-46.921,-70.381
106.665,-29.326,-70.381
106.67,-41.056,-70.381
106.675,-64.516,-70.381
106.68,-105.572,-70.381
106.685,-140.762,-70.381
106.69,-158.358,-76.246
106.69500000000001,-164.223,-76.246
106.7,-158.358,-76.246
106.705,-140.762,-76.246
106.71000000000001,-111.437,-76.246
106.715,-111.437,-76.246
106.72,-129.032,-76.246
106.72500000000001,-152.493,-82.111
106.73,-164.223,-82.111
106.735,-152.493,-82.111
106.74000000000001,-140.762,-87.977
106.745,-129.032,-87.977
106.75,-123.167,-87.977
106.755,-117.302,-93.842
106.76,-111.437,-99.707
106.765,-105.572,-99.707
106.77,-93.842,-99.707
106.775,-87.977,-105.572
106.78,-87.977,-111.437
106.785,-82.111,-111.437
106.79,-76.246,-117.302
106.795,-70.381,-117.302
106.8,-70.381,-123.167
106.805,-64.516,-123.167
106.81,-64.516,-123.167
106.815,-70.381,-129.032
106.82000000000001,-64.516,-129.032
106.825,-64.516,-134.897
106.83,-64.516,-140.762
106.83500000000001,-64.516,-140.762
106.84,-64.516,-140.762
106.845,-64.516,-140.762
106.85000000000001,-64.516,-140.762
106.855,-58.651,-140.762
106.86,-58.651,-140.762
106.86500000000001,-58.651,-146.628
106.87,-58.651,-146.628
106.875,-58.651,-152.493
106.88,-58.651,-158.358
106.885,-58.651,-152.493
106.89,-58.651,-146.628
106.895,-58.651,-134.897
106.9,-58.651,-129.032
106.905,-58.651,-123.167
106.91,-58.651,-123.167
106.915,-58.651,-129.032
106.92,-58.651,-129.032
106.925,-58.651,-123.167
106.93,-58.651,-111.437
106.935,-58.651,-87.977
106.94,-58.651,-64.516
106.94500000000001,-58.651,-52.786
106.95,-58.651,-29.326
106.955,-58.651,5.865
106.96000000000001,-58.651,23.46
106.965,-58.651,41.056
106.97,-58.651,70.381
106.97500000000001,-58.651,93.842
106.98,-58.651,111.437
106.985,-58.651,129.032
106.99000000000001,-52.786,140.762
106.995,-52.786,152.493
107.0,-52.786,158.358
107.005,-52.786,170.088
107.01,-52.786,181.818
107.015,-52.786,199.413
107.02,-52.786,217.009
107.025,-58.651,234.604
107.03,-58.651,252.199
107.035,-58.651,269.795
107.04,-58.651,281.525
107.045,-58.651,299.12
107.05,-64.516,316.715
107.055,-64.516,328.446
107.06,-64.516,340.176
107.065,-70.381,351.906
107.07000000000001,-70.381,357.771
107.075,-76.246,363.636
107.08,-76.246,369.501
107.08500000000001,-76.246,381.232
107.09,-82.111,387.097
107.095,-82.111,392.962
107.10000000000001,-82.111,398.827
107.105,-87.977,398.827
107.11,-87.977,404.692
107.11500000000001,-87.977,404.692
107.12,-87.977,404.692
107.125,-93.842,404.692
107.13,-93.842,410.557
107.135,-93.842,410.557
107.14,-93.842,404.692
107.145,-99.707,404.692
107.15,-105.572,398.827
107.155,-105.572,392.962
107.16,-111.437,381.232
107.165,-117.302,363.636
107.17,-123.167,346.041
107.175,-129.032,322.581
107.18,-134.897,304.985
107.185,-140.762,281.525
107.19,-146.628,252.199
107.19500000000001,-152.493,228.739
107.2,-152.493,199.413
107.205,-152.493,170.088
107.21000000000001,-152.493,140.762
107.215,-152.493,105.572
107.22,-152.493,76.246
107.22500000000001,-146.628,41.056
107.23,-146.628,11.73
107.235,-146.628,-17.595
107.24000000000001,-134.897,-58.651
107.245,-134.897,-87.977
107.25,-123.167,-111.437
107.255,-117.302,-93.842
107.26,-105.572,-52.786
107.265,-99.707,11.73
107.27,-87.977,46.921
107.275,-82.111,23.46
107.28,-87.977,-5.865
107.285,-87.977,-52.786
107.29,-87.977,-111.437
107.295,-87.977,-164.223
107.3,-82.111,-181.818
107.305,-76.246,-170.088
107.31,-76.246,-140.762
107.315,-70.381,-123.167
107.32000000000001,-64.516,-123.167
107.325,-64.516,-140.762
107.33,-58.651,-164.223
107.33500000000001,-58.651,-170.088
107.34,-46.921,-152.493
107.345,-41.056,-134.897
107.35000000000001,-41.056,-134.897
107.355,-29.326,-134.897
107.36,-17.595,-146.628
107.36500000000001,-17.595,-152.493
107.37,-11.73,-146.628
107.375,5.865,-146.628
107.38,29.326,-140.762
107.385,46.921,-134.897
107.39,58.651,-123.167
107.395,58.651,-111.437
107.4,64.516,-105.572
107.405,76.246,-93.842
107.41,82.111,-93.842
107.415,87.977,-93.842
107.42,99.707,-93.842
107.425,111.437,-87.977
107.43,123.167,-87.977
107.435,134.897,-87.977
107.44,152.493,-82.111
107.44500000000001,158.358,-82.111
107.45,170.088,-76.246
107.455,175.953,-76.246
107.46000000000001,181.818,-70.381
107.465,193.548,-70.381
107.47,199.413,-70.381
107.47500000000001,205.279,-64.516
107.48,211.144,-64.516
107.485,222.874,-58.651
107.49000000000001,228.739,-58.651
107.495,234.604,-58.651
107.5,240.469,-58.651
107.505,246.334,-58.651
107.51,246.334,-52.786
107.515,252.199,-52.786
107.52,258.064,-52.786
107.525,258.064,-52.786
107.53,263.93,-46.921
107.535,263.93,-52.786
107.54,263.93,-52.786
107.545,269.795,-52.786
107.55,269.795,-52.786
107.555,269.795,-52.786
107.56,275.66,-52.786
107.565,275.66,-58.651
107.57000000000001,275.66,-58.651
107.575,281.525,-58.651
107.58,275.66,-58.651
107.58500000000001,275.66,-58.651
107.59,275.66,-58.651
107.595,275.66,-58.651
107.60000000000001,275.66,-58.651
107.605,275.66,-58.651
107.61,269.795,-58.651
107.61500000000001,263.93,-52.786
107.62,263.93,-58.651
107.625,258.064,-58.651
107.63,246.334,-58.651
107.635,240.469,-58.651
107.64,228.739,-58.651
107.645,222.874,-58.651
107.65,211.144,-58.651
107.655,199.413,-58.651
107.66,181.818,-58.651
107.665,170.088,-58.651
107.67,152.493,-58.651
107.675,140.762,-58.651
107.68,117.302,-58.651
107.685,99.707,-58.651
107.69,82.111,-58.651
107.69500000000001,64.516,-58.651
107.7,41.056,-58.651
107.705,23.46,-64.516
107.71000000000001,-0.0,-64.516
107.715,-23.46,-64.516
107.72,-41.056,-64.516
107.72500000000001,-58.651,-64.516
107.73,-70.381,-64.516
107.735,-93.842,-64.516
107.74000000000001,-111.437,-64.516
107.745,-123.167,-64.516
107.75,-105.572,-64.516
107.755,-70.381,-70.381
107.76,-29.326,-70.381
107.765,-23.46,-70.381
107.77,-46.921,-70.381
107.775,-76.246,-70.381
107.78,-99.707,-70.381
107.785,-123.167,-70.381
107.79,-140.762,-70.381
107.795,-152.493,-70.381
107.8,-140.762,-70.381
107.805,-117.302,-70.381
107.81,-105.572,-70.381
107.815,-117.302,-70.381
107.82000000000001,-134.897,-70.381
107.825,-140.762,-70.381
107.83,-140.762,-76.246
107.83500000000001,-129.032,-76.246
107.84,-117.302,-76.246
107.845,-111.437,-76.246
107.85000000000001,-105.572,-76.246
107.855,-99.707,-82.111
107.86,-93.842,-87.977
107.86500000000001,-87.977,-87.977
107.87,-76.246,-93.842
107.875,-70.381,-99.707
107.88,-64.516,-105.572
107.885,-58.651,-111.437
107.89,-58.651,-117.302
107.895,-58.651,-123.167
107.9,-58.651,-129.032
107.905,-52.786,-129.032
107.91,-52.786,-134.897
107.915,-52.786,-140.762
107.92,-52.786,-146.628
107.925,-52.786,-146.628
107.93,-58.651,-152.493
107.935,-58.651,-152.493
107.94,-58.651,-152.493
107.94500000000001,-58.651,-152.493
107.95,-58.651,-152.493
107.955,-58.651,-152.493
107.96000000000001,-58.651,-152.493
107.965,-58.651,-146.628
107.97,-58.651,-146.628
107.97500000000001,-58.651,-146.628
107.98,-58.651,-146.628
107.985,-58.651,-146.628
107.99000000000001,-58.651,-134.897
107.995,-58.651,-123.167
108.0,-58.651,-117.302
108.005,-58.651,-105.572
108.01,-58.651,-99.707
108.015,-58.651,-93.842
108.02,-58.651,-93.842
108.025,-58.651,-93.842
108.03,-58.651,-87.977
108.035,-58.651,-76.246
108.04,-58.651,-58.651
108.045,-58.651,-41.056
108.05,-58.651,-23.46
108.055,-58.651,0.0
108.06,-58.651,17.595
108.065,-64.516,29.326
108.07000000000001,-64.516,64.516
108.075,-64.516,99.707
108.08,-64.516,117.302
108.08500000000001,-64.516,129.032
108.09,-70.381,140.762
108.095,-70.381,146.628
108.10000000000001,-70.381,152.493
108.105,-70.381,158.358
108.11,-70.381,164.223
108.11500000000001,-70.381,175.953
108.12,-70.381,193.548
108.125,-70.381,205.279
108.13,-70.381,222.874
108.135,-70.381,234.604
108.14,-64.516,246.334
108.145,-64.516,258.064
108.15,-64.516,269.795
108.155,-64.516,287.39
108.16,-64.516,299.12
108.165,-64.516,310.85
108.17,-64.516,316.715
108.175,-58.651,322.581
108.18,-58.651,328.446
108.185,-64.516,334.311
108.19,-64.516,346.041
108.19500000000001,-64.516,346.041
108.2,-70.381,351.906
108.205,-70.381,357.771
108.21000000000001,-70.381,363.636
108.215,-76.246,363.636
108.22,-76.246,363.636
108.22500000000001,-76.246,363.636
108.23,-76.246,369.501
108.235,-76.246,363.636
108.24000000000001,-82.111,363.636
108.245,-82.111,363.636
108.25,-82.111,363.636
108.255,-82.111,357.771
108.26,-82.111,351.906
108.265,-82.111,346.041
108.27,-82.111,334.311
108.275,-82.111,322.581
108.28,-82.111,310.85
108.285,-87.977,299.12
108.29,-87.977,281.525
108.295,-87.977,263.93
108.3,-93.842,240.469
108.305,-93.842,217.009
108.31,-93.842,193.548
108.315,-93.842,170.088
108.32000000000001,-99.707,152.493
108.325,-99.707,129.032
108.33,-105.572,105.572
108.33500000000001,-105.572,82.111
108.34,-105.572,52.786
108.345,-111.437,23.46
108.35000000000001,-111.437,0.0
108.355,-111.437,-29.326
108.36,-111.437,-58.651
108.36500000000001,-117.302,-82.111
108.37,-117.302,-105.572
108.375,-117.302,-117.302
108.38,-117.302,-117.302
108.385,-117.302,-93.842
108.39,-111.437,-52.786
108.395,-105.572,-11.73
108.4,-99.707,5.865
108.405,-93.842,-5.865
108.41,-87.977,-35.191
108.415,-82.111,-70.381
108.42,-82.111,-111.437
108.425,-87.977,-140.762
108.43,-87.977,-146.628
108.435,-82.111,-140.762
108.44,-82.111,-123.167
108.44500000000001,-82.111,-117.302
108.45,-82.111,-111.437
108.455,-76.246,-117.302
108.46000000000001,-76.246,-129.032
108.465,-64.516,-129.032
108.47,-58.651,-117.302
108.47500000000001,-52.786,-105.572
108.48,-41.056,-99.707
108.485,-35.191,-99.707
108.49000000000001,-17.595,-99.707
108.495,-5.865,-99.707
108.5,5.865,-93.842
108.505,17.595,-87.977
108.51,29.326,-87.977
108.515,41.056,-87.977
108.52,52.786,-87.977
108.525,58.651,-82.111
108.53,64.516,-76.246
108.535,70.381,-76.246
108.54,70.381,-70.381
108.545,82.111,-64.516
108.55,87.977,-64.516
108.555,99.707,-64.516
108.56,105.572,-64.516
108.565,111.437,-64.516
108.57000000000001,123.167,-64.516
108.575,134.897,-58.651
108.58,146.628,-58.651
108.58500000000001,152.493,-58.651
108.59,164.223,-52.786
108.595,170.088,-52.786
108.60000000000001,175.953,-52.786
108.605,181.818,-46.921
108.61,187.683,-46.921
108.61500000000001,193.548,-46.921
108.62,199.413,-41.056
108.625,205.279,-41.056
108.63,211.144,-41.056
108.635,217.009,-35.191
108.64,217.009,-35.191
108.645,222.874,-29.326
108.65,222.874,-35.191
108.655,228.739,-29.326
108.66,228.739,-29.326
108.665,234.604,-29.326
108.67,234.604,-29.326
108.675,234.604,-29.326
108.68,234.604,-29.326
108.685,240.469,-29.326
108.69,234.604,-35.191
108.69500000000001,234.604,-29.326
108.7,234.604,-35.191
108.705,234.604,-35.191
108.71000000000001,234.604,-29.326
108.715,240.469,-29.326
108.72,240.469,-35.191
108.72500000000001,240.469,-29.326
108.73,234.604,-29.326
108.735,234.604,-35.191
108.74000000000001,228.739,-35.191
108.745,228.739,-35.191
108.75,228.739,-35.191
108.755,222.874,-35.191
108.76,217.009,-35.191
108.765,217.009,-35.191
108.77,211.144,-41.056
108.775,205.279,-35.191
108.78,199.413,-41.056
108.785,193.548,-41.056
108.79,187.683,-41.056
108.795,181.818,-41.056
108.8,175.953,-41.056
108.805,170.088,-41.056
108.81,164.223,-41.056
108.815,152.493,-46.921
108.82000000000001,146.628,-46.921
108.825,134.897,-46.921
108.83,123.167,-46.921
108.83500000000001,111.437,-46.921
108.84,105.572,-46.921
108.845,93.842,-46.921
108.85000000000001,76.246,-46.921
108.855,64.516,-52.786
108.86,52.786,-52.786
108.86500000000001,41.056,-52.786
108.87,29.326,-52.786
108.875,17.595,-52.786
108.88,5.865,-52.786
108.885,-5.865,-58.651
108.89,-17.595,-58.651
108.895,-23.46,-58.651
108.9,-35.191,-58.651
108.905,-41.056,-58.651
108.91,-46.921,-58.651
108.915,-52.786,-58.651
108.92,-58.651,-58.651
108.925,-64.516,-58.651
108.93,-76.246,-64.516
108.935,-87.977,-58.651
108.94,-82.111,-58.651
108.94500000000001,-70.381,-64.516
108.95,-52.786,-64.516
108.955,-23.46,-64.516
108.96000000000001,-11.73,-64.516
108.965,-23.46,-70.381
108.97,-46.921,-70.381
108.97500000000001,-76.246,-70.381
108.98,-93.842,-70.381
108.985,-111.437,-70.381
108.99000000000001,-117.302,-70.381
108.995,-117.302,-70.381
109.0,-105.572,-76.246
109.005,-87.977,-70.381
109.01,-99.707,-76.246
109.015,-117.302,-76.246
109.02,-123.167,-76.246
109.025,-123.167,-76.246
109.03,-123.167,-76.246
109.035,-111.437,-82.111
109.04,-111.437,-82.111
109.045,-111.437,-82.111
109.05,-105.572,-87.977
109.055,-99.707,-87.977
109.06,-93.842,-93.842
109.065,-87.977,-93.842
109.07000000000001,-82.111,-93.842
109.075,-76.246,-99.707
109.08,-70.381,-105.572
109.08500000000001,-64.516,-111.437
109.09,-64.516,-117.302
109.095,-64.516,-117.302
109.10000000000001,-64.516,-123.167
109.105,-58.651,-129.032
109.11,-58.651,-134.897
109.11500000000001,-58.651,-140.762
109.12,-52.786,-146.628
109.125,-52.786,-146.628
109.13,-52.786,-152.493
109.135,-46.921,-158.358
109.14,-46.921,-158.358
109.145,-46.921,-158.358
109.15,-46.921,-158.358
109.155,-46.921,-158.358
109.16,-46.921,-152.493
109.165,-41.056,-146.628
109.17,-41.056,-140.762
109.175,-41.056,-134.897
109.18,-41.056,-134.897
109.185,-35.191,-134.897
109.19,-35.191,-134.897
109.19500000000001,-35.191,-134.897
109.2,-35.191,-123.167
109.205,-35.191,-111.437
109.21000000000001,-35.191,-105.572
109.215,-35.191,-105.572
109.22,-35.191,-105.572
109.22500000000001,-35.191,-93.842
109.23,-29.326,-87.977
109.235,-29.326,-76.246
109.24000000000001,-29.326,-52.786
109.245,-29.326,-41.056
109.25,-29.326,-35.191
109.255,-29.326,-23.46
109.26,-29.326,-11.73
109.265,-29.326,5.865
109.27,-23.46,23.46
109.275,-23.46,46.921
109.28,-23.46,58.651
109.285,-23.46,70.381
109.29,-23.46,82.111
109.295,-23.46,87.977
109.3,-23.46,99.707
109.305,-23.46,111.437
109.31,-29.326,123.167
109.315,-23.46,140.762
109.32000000000001,-23.46,158.358
109.325,-23.46,170.088
109.33,-23.46,187.683
109.33500000000001,-23.46,193.548
109.34,-23.46,205.279
109.345,-17.595,217.009
109.35000000000001,-17.595,222.874
109.355,-17.595,234.604
109.36,-17.595,246.334
109.36500000000001,-11.73,252.199
109.37,-17.595,263.93
109.375,-11.73,269.795
109.38,-17.595,275.66
109.385,-11.73,287.39
109.39,-17.595,293.255
109.395,-17.595,299.12
109.4,-17.595,310.85
109.405,-17.595,310.85
109.41,-17.595,316.715
109.415,-17.595,316.715
109.42,-23.46,322.581
109.425,-23.46,322.581
109.43,-23.46,322.581
109.435,-29.326,322.581
109.44,-29.326,322.581
109.44500000000001,-29.326,316.715
109.45,-29.326,316.715
109.455,-29.326,310.85
109.46000000000001,-35.191,310.85
109.465,-35.191,304.985
109.47,-35.191,299.12
109.47500000000001,-35.191,293.255
109.48,-29.326,287.39
109.485,-29.326,281.525
109.49000000000001,-29.326,269.795
109.495,-29.326,258.064
109.5,-29.326,246.334
109.505,-23.46,240.469
109.51,-23.46,222.874
109.515,-23.46,211.144
109.52,-17.595,193.548
109.525,-17.595,181.818
109.53,-17.595,170.088
109.535,-17.595,158.358
109.54,-17.595,140.762
109.545,-17.595,129.032
109.55,-17.595,117.302
109.555,-17.595,99.707
109.56,-23.46,82.111
109.565,-23.46,64.516
109.57000000000001,-23.46,46.921
109.575,-23.46,23.46
109.58,-23.46,-5.865
109.58500000000001,-23.46,-35.191
109.59,-23.46,-52.786
109.595,-17.595,-76.246
109.60000000000001,-17.595,-87.977
109.605,-17.595,-87.977
109.61,-17.595,-76.246
109.61500000000001,-17.595,-64.516
109.62,-11.73,-46.921
109.625,-11.73,-41.056
109.63,-11.73,-41.056
109.635,-11.73,-46.921
109.64,-11.73,-58.651
109.645,-11.73,-82.111
109.65,-11.73,-93.842
109.655,-11.73,-105.572
109.66,-5.865,-105.572
109.665,-5.865,-87.977
109.67,-5.865,-70.381
109.675,-5.865,-70.381
109.68,-5.865,-76.246
109.685,-5.865,-76.246
109.69,-0.0,-70.381
109.69500000000001,-0.0,-64.516
109.7,-0.0,-58.651
109.705,5.865,-58.651
109.71000000000001,5.865,-52.786
109.715,5.865,-46.921
109.72,11.73,-46.921
109.72500000000001,11.73,-46.921
109.73,11.73,-46.921
109.735,17.595,-46.921
109.74000000000001,17.595,-46.921
109.745,17.595,-41.056
109.75,17.595,-41.056
109.755,23.46,-41.056
109.76,23.46,-35.191
109.765,23.46,-35.191
109.77,23.46,-35.191
109.775,23.46,-35.191
109.78,29.326,-35.191
109.785,29.326,-35.191
109.79,29.326,-35.191
109.795,35.191,-35.191
109.8,35.191,-35.191
109.805,35.191,-35.191
109.81,35.191,-35.191
109.815,35.191,-35.191
109.82000000000001,41.056,-35.191
109.825,35.191,-35.191
109.83,35.191,-35.191
109.83500000000001,35.191,-35.191
109.84,35.191,-35.191
109.845,29.326,-35.191
109.85000000000001,29.326,-35.191
109.855,29.326,-35.191
109.86,29.326,-35.191
109.86500000000001,35.191,-35.191
109.87,35.191,-35.191
109.875,35.191,-35.191
109.88,35.191,-35.191
109.885,35.191,-35.191
109.89,35.191,-41.056
109.895,35.191,-41.056
109.9,35.191,-41.056
109.905,41.056,-41.056
109.91,41.056,-41.056
109.915,41.056,-35.191
109.92,41.056,-35.191
109.925,41.056,-35.191
109.93,41.056,-35.191
109.935,41.056,-35.191
109.94,46.921,-35.191
109.94500000000001,41.056,-35.191
109.95,46.921,-35.191
109.955,41.056,-35.191
109.96000000000001,41.056,-35.191
109.965,41.056,-35.191
109.97,41.056,-35.191
109.97500000000001,46.921,-35.191
109.98,46.921,-35.191
109.985,46.921,-35.191
109.99000000000001,46.921,-29.326
109.995,46.921,-29.326
110.0,46.921,-29.326
110.005,46.921,-29.326
110.01,46.921,-29.326
110.015,52.786,-29.326
110.02,52.786,-29.326
110.025,52.786,-23.46
110.03,58.651,-23.46
110.035,58.651,-23.46
110.04,58.651,-23.46
110.045,58.651,-23.46
110.05,58.651,-23.46
110.055,58.651,-23.46
110.06,58.651,-23.46
110.065,58.651,-23.46
110.07000000000001,58.651,-17.595
110.075,52.786,-17.595
110.08,52.786,-17.595
110.08500000000001,52.786,-17.595
110.09,46.921,-17.595
110.095,46.921,-17.595
110.10000000000001,46.921,-17.595
110.105,46.921,-17.595
110.11,41.056,-17.595
110.11500000000001,41.056,-17.595
110.12,41.056,-17.595
110.125,35.191,-17.595
110.13,35.191,-17.595
110.135,35.191,-17.595
110.14,35.191,-17.595
110.145,35.191,-17.595
110.15,29.326,-17.595
110.155,29.326,-17.595
110.16,29.326,-23.46
110.165,29.326,-23.46
110.17,29.326,-23.46
110.175,29.326,-23.46
110.18,23.46,-23.46
110.185,23.46,-23.46
110.19,23.46,-23.46
110.19500000000001,23.46,-23.46
110.2,17.595,-23.46
110.205,17.595,-23.46
110.21000000000001,17.595,-23.46
110.215,11.73,-23.46
110.22,11.73,-23.46
110.22500000000001,11.73,-23.46
110.23,11.73,-23.46
110.235,5.865,-23.46
110.24000000000001,5.865,-23.46
110.245,5.865,-29.326
110.25,5.865,-29.326
110.255,5.865,-29.326
110.26,-0.0,-29.326
110.265,-0.0,-29.326
110.27,-0.0,-29.326
110.275,-5.865,-29.326
110.28,-5.865,-29.326
110.285,-5.865,-35.191
110.29,-5.865,-35.191
110.295,-5.865,-35.191
110.3,-5.865,-35.191
110.305,-5.865,-35.191
110.31,-5.865,-35.191
110.315,-5.865,-35.191
110.32000000000001,-5.865,-35.191
110.325,-11.73,-35.191
110.33,-5.865,-35.191
110.33500000000001,-5.865,-35.191
110.34,-5.865,-35.191
110.345,-11.73,-35.191
110.35000000000001,-11.73,-35.191
110.355,-11.73,-35.191
110.36,-11.73,-35.191
110.36500000000001,-11.73,-35.191
110.37,-5.865,-35.191
110.375,-5.865,-41.056
110.38,-5.865,-41.056
110.385,-11.73,-41.056
110.39,-5.865,-41.056
110.395,-11.73,-41.056
110.4,-11.73,-46.921
110.405,-11.73,-46.921
110.41,-11.73,-46.921
110.415,-11.73,-46.921
110.42,-11.73,-52.786
110.425,-5.865,-52.786
110.43,-5.865,-52.786
110.435,-5.865,-58.651
110.44,-5.865,-58.651
110.44500000000001,-5.865,-64.516
110.45,-5.865,-64.516
110.455,-5.865,-70.381
110.46000000000001,-5.865,-70.381
110.465,-0.0,-70.381
110.47,-0.0,-76.246
110.47500000000001,-0.0,-76.246
110.48,-0.0,-82.111
110.485,-0.0,-82.111
110.49000000000001,-0.0,-82.111
110.495,-0.0,-82.111
110.5,-0.0,-82.111
110.505,-0.0,-87.977
110.51,-0.0,-87.977
110.515,-0.0,-87.977
110.52,-0.0,-87.977
110.525,-0.0,-87.977
110.53,-0.0,-87.977
110.535,-0.0,-82.111
110.54,-0.0,-82.111
110.545,5.865,-76.246
110.55,5.865,-76.246
110.555,5.865,-70.381
110.56,5.865,-64.516
110.565,5.865,-52.786
110.57000000000001,5.865,-52.786
110.575,11.73,-41.056
110.58,11.73,-35.191
110.58500000000001,11.73,-29.326
110.59,17.595,-29.326
110.595,17.595,-29.326
110.60000000000001,17.595,-29.326
110.605,23.46,-29.326
110.61,23.46,-23.46
110.61500000000001,23.46,-23.46
110.62,29.326,-23.46
110.625,29.326,-17.595
110.63,29.326,-11.73
110.635,29.326,-5.865
110.64,35.191,-5.865
110.645,35.191,11.73
110.65,29.326,35.191
110.655,29.326,64.516
110.66,35.191,82.111
110.665,35.191,93.842
110.67,29.326,93.842
110.675,35.191,93.842
110.68,35.191,99.707
110.685,35.191,105.572
110.69,29.326,117.302
110.69500000000001,29.326,129.032
110.7,29.326,140.762
110.705,29.326,146.628
110.71000000000001,23.46,164.223
110.715,23.46,170.088
110.72,23.46,181.818
110.72500000000001,17.595,187.683
110.73,17.595,193.548
110.735,17.595,205.279
110.74000000000001,11.73,211.144
110.745,11.73,211.144
110.75,11.73,211.144
110.755,5.865,211.144
110.76,5.865,211.144
110.765,5.865,211.144
110.77,5.865,217.009
110.775,-0.0,217.009
110.78,-0.0,217.009
110.785,-0.0,211.144
110.79,-0.0,211.144
110.795,-0.0,205.279
110.8,-0.0,199.413
110.805,-0.0,199.413
110.81,-0.0,193.548
110.815,-0.0,181.818
110.82000000000001,-0.0,175.953
110.825,-0.0,170.088
110.83,-0.0,158.358
110.83500000000001,5.865,140.762
110.84,5.865,117.302
110.845,5.865,76.246
110.85000000000001,5.865,0.0
110.855,5.865,-76.246
110.86,5.865,-93.842
110.86500000000001,5.865,-70.381
110.87,5.865,-46.921
110.875,11.73,-17.595
110.88,11.73,0.0
110.885,11.73,5.865
110.89,11.73,11.73
110.895,11.73,29.326
110.9,11.73,29.326
110.905,11.73,11.73
110.91,11.73,-11.73
110.915,11.73,-17.595
110.92,11.73,-5.865
110.925,11.73,0.0
110.93,11.73,0.0
110.935,17.595,5.865
110.94,17.595,11.73
110.94500000000001,17.595,5.865
110.95,17.595,5.865
110.955,23.46,11.73
110.96000000000001,17.595,11.73
110.965,23.46,11.73
110.97,23.46,11.73
110.97500000000001,23.46,11.73
110.98,23.46,11.73
110.985,23.46,11.73
110.99000000000001,23.46,11.73
110.995,23.46,11.73
111.0,23.46,5.865
111.005,23.46,5.865
111.01,23.46,5.865
111.015,23.46,5.865
111.02,23.46,5.865
111.025,23.46,5.865
111.03,23.46,0.0
111.035,23.46,0.0
111.04,23.46,0.0
111.045,23.46,-5.865
111.05,23.46,-5.865
111.055,23.46,-5.865
111.06,23.46,-5.865
111.065,23.46,-11.73
111.07000000000001,23.46,-11.73
111.075,17.595,-11.73
111.08,17.595,-11.73
111.08500000000001,17.595,-11.73
111.09,17.595,-11.73
111.095,17.595,-11.73
111.10000000000001,17.595,-11.73
111.105,17.595,-11.73
111.11,23.46,-11.73
111.11500000000001,23.46,-17.595
111.12,23.46,-11.73
111.125,23.46,-11.73
111.13,23.46,-11.73
111.135,23.46,-11.73
111.14,23.46,-17.595
111.145,23.46,-11.73
111.15,23.46,-11.73
111.155,23.46,-11.73
111.16,23.46,-17.595
111.165,23.46,-17.595
111.17,23.46,-11.73
111.175,23.46,-11.73
111.18,17.595,-11.73
111.185,17.595,-11.73
111.19,17.595,-11.73
111.19500000000001,17.595,-11.73
111.2,11.73,-11.73
111.205,11.73,-11.73
111.21000000000001,11.73,-11.73
111.215,11.73,-11.73
111.22,11.73,-11.73
111.22500000000001,11.73,-11.73
111.23,5.865,-11.73
111.235,5.865,-5.865
111.24000000000001,5.865,-5.865
111.245,5.865,-5.865
111.25,5.865,-5.865
111.255,5.865,-5.865
111.26,5.865,-5.865
111.265,5.865,-5.865
111.27,11.73,-5.865
111.275,11.73,-5.865
111.28,11.73,-5.865
111.285,11.73,-5.865
111.29,11.73,-5.865
111.295,11.73,-5.865
111.3,11.73,-5.865
111.305,11.73,-5.865
111.31,11.73,-5.865
111.315,11.73,-5.865
111.32000000000001,11.73,-5.865
111.325,11.73,-5.865
111.33,11.73,-5.865
111.33500000000001,11.73,-5.865
111.34,11.73,-5.865
111.345,11.73,-5.865
111.35000000000001,11.73,-5.865
111.355,11.73,-5.865
111.36,11.73,-5.865
111.36500000000001,5.865,-5.865
111.37,5.865,-5.865
111.375,5.865,-5.865
111.38,5.865,-5.865
111.385,5.865,-5.865
111.39,5.865,-5.865
111.395,11.73,-5.865
111.4,11.73,-5.865
111.405,11.73,-5.865
111.41,5.865,-5.865
111.415,5.865,-5.865
111.42,5.865,-5.865
111.425,5.865,-5.865
111.43,11.73,-5.865
111.435,11.73,-5.865
111.44,11.73,-5.865
111.44500000000001,5.865,-5.865
111.45,5.865,-5.865
111.455,5.865,-5.865
111.46000000000001,-0.0,-5.865
111.465,-0.0,-5.865
111.47,-0.0,-5.865
111.47500000000001,-0.0,-5.865
111.48,-0.0,-5.865
111.485,-0.0,-5.865
111.49000000000001,-0.0,-5.865
111.495,-5.865,-5.865
111.5,-5.865,-5.865
111.505,-5.865,-11.73
111.51,-5.865,-11.73
111.515,-5.865,-5.865
111.52,-5.865,-11.73
111.525,-5.865,-11.73
111.53,-5.865,-11.73
111.535,-5.865,-11.73
111.54,-5.865,-11.73
111.545,-5.865,-11.73
111.55,-5.865,-11.73
111.555,-5.865,-11.73
111.56,-5.865,-11.73
111.565,-5.865,-11.73
111.57000000000001,-5.865,-11.73
111.575,-5.865,-11.73
111.58,-5.865,-11.73
111.58500000000001,-5.865,-11.73
111.59,-5.865,-11.73
111.595,-5.865,-11.73
111.60000000000001,-5.865,-11.73
111.605,-5.865,-11.73
111.61,-5.865,-11.73
111.61500000000001,-5.865,-5.865
111.62,-0.0,-5.865
111.625,-5.865,-5.865
111.63,-5.865,-5.865
111.635,-5.865,-5.865
111.64,-5.865,-5.865
111.645,-5.865,-5.865
111.65,-5.865,-5.865
111.655,-5.865,-5.865
111.66,-5.865,-5.865
111.665,-5.865,-5.865
111.67,-5.865,-5.865
111.675,-5.865,-5.865
111.68,-5.865,-5.865
111.685,-5.865,-5.865
111.69,-5.865,-5.865
111.69500000000001,-11.73,-5.865
111.7,-11.73,-5.865
111.705,-11.73,-5.865
111.71000000000001,-11.73,-5.865
111.715,-11.73,-5.865
111.72,-11.73,-5.865
111.72500000000001,-11.73,-5.865
111.73,-11.73,-5.865
111.735,-11.73,-5.865
111.74000000000001,-11.73,-5.865
111.745,-11.73,-5.865
111.75,-11.73,-5.865
111.755,-11.73,-5.865
111.76,-11.73,-5.865
111.765,-11.73,-5.865
111.77,-11.73,0.0
111.775,-11.73,0.0
111.78,-11.73,-5.865
111.785,-11.73,-5.865
111.79,-11.73,0.0
111.795,-11.73,-5.865
111.8,-11.73,-5.865
111.805,-11.73,0.0
111.81,-11.73,-5.865
111.815,-11.73,-5.865
111.82000000000001,-11.73,0.0
111.825,-11.73,-5.865
111.83,-5.865,-5.865
111.83500000000001,-5.865,-5.865
111.84,-5.865,-5.865
111.845,-5.865,-5.865
111.85000000000001,-5.865,0.0
111.855,-5.865,0.0
111.86,-5.865,0.0
111.86500000000001,-5.865,-5.865
111.87,-5.865,-5.865
111.875,-5.865,-5.865
111.88,-5.865,-5.865
111.885,-5.865,-5.865
111.89,-5.865,-5.865
111.895,-5.865,0.0
111.9,-5.865,-5.865
111.905,-5.865,-5.865
111.91,-5.865,-5.865
111.915,-5.865,-5.865
111.92,-5.865,-5.865
111.925,-5.865,0.0
111.93,-5.865,-5.865
111.935,-5.865,-5.865
111.94,-5.865,0.0
111.94500000000001,-5.865,0.0
111.95,-5.865,0.0
111.955,-5.865,0.0
111.96000000000001,-5.865,0.0
111.965,-5.865,0.0
111.97,-5.865,0.0
111.97500000000001,-5.865,0.0
111.98,-5.865,0.0
111.985,-5.865,0.0
111.99000000000001,-5.865,0.0
111.995,-5.865,0.0
112.0,-5.865,0.0
112.005,-5.865,0.0
112.01,-5.865,0.0
112.015,-5.865,0.0
112.02,-5.865,0.0
112.025,-5.865,0.0
112.03,-5.865,0.0
112.035,-5.865,0.0
112.04,-5.865,0.0
112.045,-5.865,0.0
112.05,-5.865,0.0
112.055,-5.865,0.0
112.06,-5.865,0.0
112.065,-5.865,0.0
112.07000000000001,-5.865,0.0
112.075,-5.865,0.0
112.08,-5.865,0.0
112.08500000000001,-5.865,0.0
112.09,-5.865,0.0
112.095,-5.865,0.0
112.10000000000001,-5.865,0.0
112.105,-11.73,0.0
112.11,-5.865,0.0
112.11500000000001,-5.865,0.0
112.12,-11.73,0.0
112.125,-11.73,0.0
112.13,-11.73,0.0
112.135,-5.865,0.0
112.14,-5.865,0.0
112.145,-11.73,0.0
112.15,-11.73,0.0
112.155,-11.73,0.0
112.16,-11.73,0.0
112.165,-5.865,0.0
112.17,-5.865,0.0
112.175,-5.865,0.0
112.18,-11.73,0.0
112.185,-5.865,0.0
112.19,-5.865,0.0
112.19500000000001,-5.865,0.0
112.2,-11.73,0.0
112.205,-5.865,0.0
112.21000000000001,-5.865,0.0
112.215,-5.865,0.0
112.22,-11.73,-5.865
112.22500000000001,-5.865,0.0
112.23,-11.73,-5.865
112.235,-5.865,-5.865
112.24000000000001,-5.865,0.0
112.245,-5.865,0.0
112.25,-5.865,0.0
112.255,-5.865,0.0
112.26,-11.73,0.0
112.265,-5.865,0.0
112.27,-5.865,0.0
112.275,-5.865,-5.865
112.28,-5.865,-5.865
112.285,-11.73,0.0
112.29,-11.73,0.0
112.295,-11.73,-5.865
112.3,-5.865,-5.865
112.305,-5.865,-5.865
112.31,-5.865,-5.865
112.315,-5.865,-5.865
112.32000000000001,-5.865,-5.865
112.325,-5.865,-5.865
112.33,-5.865,0.0
112.33500000000001,-5.865,-5.865
112.34,-5.865,-5.865
112.345,-5.865,-5.865
112.35000000000001,-5.865,-5.865
112.355,-5.865,-5.865
112.36,-5.865,-5.865
112.36500000000001,-5.865,-5.865
112.37,-5.865,0.0
112.375,-5.865,0.0
112.38,-5.865,-5.865
112.385,-5.865,0.0
112.39,-5.865,-5.865
112.395,-5.865,0.0
112.4,-5.865,0.0
112.405,-5.865,0.0
112.41,-5.865,-5.865
112.415,-5.865,0.0
112.42,-5.865,-5.865
112.425,-5.865,-5.865
112.43,-5.865,-5.865
112.435,-5.865,-5.865
112.44,-5.865,0.0
112.44500000000001,-5.865,-5.865
112.45,-5.865,0.0
112.455,-5.865,-5.865
112.46000000000001,-5.865,-5.865
112.465,-5.865,-5.865
112.47,-5.865,0.0
112.47500000000001,-5.865,-5.865
112.48,-5.865,-5.865
112.485,-5.865,0.0
112.49000000000001,-5.865,-5.865
112.495,-5.865,-5.865
112.5,-5.865,-5.865
112.505,-5.865,-5.865
112.51,-5.865,0.0
112.515,-5.865,-5.865
112.52,-5.865,-5.865
112.525,-5.865,-5.865
112.53,-5.865,0.0
112.535,-5.865,0.0
112.54,-0.0,-5.865
112.545,-5.865,0.0
112.55,-5.865,0.0
112.555,-5.865,-5.865
112.56,-0.0,0.0
112.565,-5.865,0.0
112.57000000000001,-5.865,0.0
112.575,-5.865,0.0
112.58,-0.0,0.0
112.58500000000001,-5.865,-5.865
112.59,-5.865,0.0
112.595,-5.865,0.0
112.60000000000001,-0.0,0.0
112.605,-5.865,0.0
112.61,-5.865,0.0
112.61500000000001,-5.865,0.0
112.62,-0.0,0.0
112.625,-5.865,0.0
112.63,-5.865,0.0
112.635,-0.0,0.0
112.64,-0.0,0.0
112.645,-5.865,0.0
112.65,-5.865,0.0
112.655,-0.0,0.0
112.66,-0.0,0.0
112.665,-5.865,0.0
112.67,-5.865,0.0
112.675,-5.865,0.0
112.68,-5.865,0.0
112.685,-5.865,0.0
112.69,-5.865,0.0
112.69500000000001,-5.865,0.0
112.7,-5.865,0.0
112.705,-5.865,0.0
112.71000000000001,-5.865,0.0
112.715,-5.865,0.0
112.72,-5.865,0.0
112.72500000000001,-5.865,0.0
112.73,-5.865,0.0
112.735,-5.865,0.0
112.74000000000001,-5.865,0.0
112.745,-5.865,0.0
112.75,-5.865,0.0
112.755,-5.865,0.0
112.76,-5.865,0.0
112.765,-5.865,0.0
112.77,-5.865,0.0
112.775,-5.865,0.0
112.78,-5.865,0.0
112.785,-5.865,0.0
112.79,-5.865,0.0
112.795,-5.865,0.0
112.8,-5.865,0.0
112.805,-5.865,0.0
112.81,-5.865,0.0
112.815,-5.865,0.0
112.82000000000001,-5.865,0.0
112.825,-5.865,0.0
112.83,-5.865,0.0
112.83500000000001,-5.865,0.0
112.84,-5.865,-5.865
112.845,-5.865,-5.865
112.85000000000001,-5.865,0.0
112.855,-5.865,-5.865
112.86,-5.865,-5.865
112.86500000000001,-5.865,0.0
112.87,-5.865,0.0
112.875,-5.865,0.0
112.88,-5.865,0.0
112.885,-5.865,0.0
112.89,-5.865,-5.865
112.895,-5.865,-5.865
112.9,-5.865,0.0
112.905,-5.865,0.0
112.91,-5.865,-5.865
112.915,-5.865,-5.865
112.92,-5.865,0.0
112.925,-5.865,0.0
112.93,-0.0,0.0
112.935,-0.0,0.0
112.94,-0.0,0.0
112.94500000000001,-5.865,0.0
112.95,-5.865,0.0
112.955,-5.865,0.0
112.96000000000001,-0.0,0.0
112.965,-5.865,0.0
112.97,-5.865,0.0
112.97500000000001,-5.865,0.0
112.98,-5.865,0.0
112.985,-5.865,0.0
112.99000000000001,-5.865,0.0
112.995,-5.865,0.0
113.0,-5.865,0.0
113.005,-5.865,0.0
113.01,-5.865,0.0
113.015,-5.865,0.0
113.02,-5.865,0.0
113.025,-5.865,0.0
113.03,-5.865,0.0
113.035,-5.865,0.0
113.04,-5.865,0.0
113.045,-5.865,0.0
113.05,-5.865,0.0
113.055,-0.0,0.0
113.06,-5.865,0.0
113.065,-5.865,0.0
113.07000000000001,-5.865,0.0
113.075,-5.865,0.0
113.08,-5.865,0.0
113.08500000000001,-0.0,0.0
113.09,-5.865,0.0
113.095,-0.0,0.0
113.10000000000001,-0.0,0.0
113.105,-0.0,0.0
113.11,-0.0,0.0
113.11500000000001,-0.0,0.0
113.12,-0.0,0.0
113.125,-0.0,0.0
113.13,-0.0,0.0
113.135,-0.0,0.0
113.14,-0.0,0.0
113.145,-0.0,0.0
113.15,-0.0,0.0
113.155,-0.0,0.0
113.16,-0.0,0.0
113.165,-0.0,0.0
113.17,-0.0,0.0
113.175,-0.0,0.0
113.18,-0.0,0.0
113.185,-0.0,0.0
113.19,-0.0,0.0
113.19500000000001,-0.0,0.0
113.2,-0.0,0.0
113.205,-0.0,0.0
113.21000000000001,-0.0,0.0
113.215,-0.0,0.0
113.22,-0.0,0.0
113.22500000000001,-0.0,0.0
113.23,-0.0,0.0
113.235,-0.0,0.0
113.24000000000001,-0.0,0.0
113.245,-0.0,0.0
113.25,-0.0,0.0
113.255,-0.0,0.0
113.26,5.865,0.0
113.265,-0.0,0.0
113.27,5.865,0.0
113.275,-0.0,0.0
113.28,-0.0,0.0
113.285,5.865,0.0
113.29,5.865,0.0
113.295,5.865,0.0
113.3,5.865,0.0
113.305,5.865,0.0
113.31,5.865,0.0
113.315,5.865,0.0
113.32000000000001,5.865,0.0
113.325,5.865,0.0
113.33,5.865,0.0
113.33500000000001,5.865,0.0
113.34,5.865,0.0
113.345,5.865,0.0
113.35000000000001,5.865,0.0
113.355,5.865,0.0
113.36,5.865,0.0
113.36500000000001,5.865,0.0
113.37,5.865,0.0
113.375,5.865,0.0
113.38,5.865,0.0
113.385,5.865,0.0
113.39,5.865,0.0
113.395,5.865,5.865
113.4,5.865,0.0
113.405,5.865,5.865
113.41,5.865,0.0
113.415,5.865,0.0
113.42,5.865,0.0
113.425,5.865,0.0
113.43,5.865,0.0
113.435,5.865,0.0
113.44,5.865,0.0
113.44500000000001,5.865,0.0
113.45,5.865,0.0
113.455,5.865,0.0
113.46000000000001,5.865,0.0
113.465,5.865,0.0
113.47,5.865,0.0
113.47500000000001,5.865,0.0
113.48,5.865,0.0
113.485,5.865,0.0
113.49000000000001,5.865,0.0
113.495,5.865,0.0
113.5,5.865,0.0
113.505,5.865,0.0
113.51,5.865,5.865
113.515,5.865,0.0
113.52,5.865,5.865
113.525,5.865,0.0
113.53,5.865,5.865
113.535,5.865,5.865
113.54,5.865,0.0
113.545,5.865,0.0
113.55,5.865,0.0
113.555,5.865,0.0
113.56,5.865,0.0
113.565,5.865,0.0
113.57000000000001,5.865,5.865
113.575,5.865,0.0
113.58,5.865,0.0
113.58500000000001,5.865,0.0
113.59,5.865,0.0
113.595,5.865,0.0
113.60000000000001,5.865,0.0
113.605,5.865,0.0
113.61,5.865,0.0
113.61500000000001,5.865,5.865
113.62,5.865,0.0
113.625,5.865,0.0
113.63,5.865,5.865
113.635,5.865,5.865
113.64,5.865,5.865
113.645,5.865,5.865
113.65,5.865,5.865
113.655,5.865,0.0
113.66,5.865,5.865
113.665,5.865,0.0
113.67,5.865,5.865
113.675,5.865,5.865
113.68,5.865,5.865
113.685,5.865,5.865
113.69,5.865,5.865
113.69500000000001,5.865,5.865
113.7,5.865,5.865
113.705,5.865,5.865
113.71000000000001,5.865,5.865
113.715,5.865,0.0
113.72,5.865,5.865
113.72500000000001,5.865,5.865
113.73,5.865,5.865
113.735,5.865,5.865
113.74000000000001,5.865,5.865
113.745,5.865,0.0
113.75,5.865,5.865
113.755,5.865,0.0
113.76,5.865,5.865
113.765,5.865,5.865
113.77,5.865,0.0
113.775,5.865,5.865
113.78,5.865,5.865
113.785,5.865,0.0
113.79,5.865,0.0
113.795,5.865,0.0
113.8,5.865,5.865
113.805,5.865,5.865
113.81,5.865,5.865
113.815,5.865,5.865
113.82000000000001,5.865,5.865
113.825,5.865,0.0
113.83,5.865,0.0
113.83500000000001,5.865,0.0
113.84,5.865,5.865
113.845,5.865,0.0
113.85000000000001,5.865,5.865
113.855,5.865,5.865
113.86,5.865,5.865
113.86500000000001,5.865,0.0
113.87,5.865,5.865
113.875,5.865,5.865
113.88,5.865,5.865
113.885,5.865,5.865
113.89,5.865,5.865
113.895,5.865,5.865
113.9,5.865,5.865
113.905,5.865,5.865
113.91,5.865,5.865
113.915,5.865,5.865
113.92,5.865,5.865
113.925,5.865,5.865
113.93,5.865,5.865
113.935,5.865,5.865
113.94,5.865,5.865
113.94500000000001,5.865,5.865
113.95,5.865,5.865
113.955,5.865,5.865
113.96000000000001,5.865,5.865
113.965,5.865,5.865
113.97,5.865,5.865
113.97500000000001,5.865,5.865
113.98,5.865,5.865
113.985,5.865,5.865
113.99000000000001,5.865,5.865
113.995,5.865,5.865
114.0,5.865,5.865
114.005,5.865,5.865
114.01,5.865,5.865
114.015,5.865,5.865
114.02,5.865,5.865
114.025,5.865,5.865
114.03,5.865,5.865
114.035,5.865,5.865
114.04,5.865,5.865
114.045,5.865,5.865
114.05,5.865,5.865
114.055,5.865,5.865
114.06,5.865,5.865
114.065,5.865,5.865
114.07000000000001,5.865,5.865
114.075,5.865,5.865
114.08,5.865,5.865
114.08500000000001,5.865,5.865
114.09,5.865,5.865
114.095,5.865,5.865
114.10000000000001,5.865,5.865
114.105,5.865,5.865
114.11,5.865,5.865
114.11500000000001,5.865,5.865
114.12,5.865,5.865
114.125,5.865,5.865
114.13,5.865,5.865
114.135,5.865,5.865
114.14,5.865,5.865
114.145,5.865,5.865
114.15,5.865,5.865
114.155,5.865,5.865
114.16,5.865,5.865
114.165,5.865,5.865
114.17,5.865,5.865
114.175,5.865,5.865
114.18,5.865,5.865
114.185,5.865,5.865
114.19,5.865,5.865
114.19500000000001,5.865,5.865
114.2,5.865,5.865
114.205,5.865,5.865
114.21000000000001,5.865,5.865
114.215,5.865,5.865
114.22,5.865,5.865
114.22500000000001,5.865,5.865
114.23,5.865,5.865
114.235,5.865,5.865
114.24000000000001,5.865,5.865
114.245,5.865,5.865
114.25,5.865,5.865
114.255,5.865,5.865
114.26,5.865,5.865
114.265,5.865,5.865
114.27,5.865,5.865
114.275,5.865,5.865
114.28,5.865,5.865
114.285,5.865,5.865
114.29,5.865,5.865
114.295,5.865,5.865
114.3,5.865,5.865
114.305,5.865,5.865
114.31,5.865,5.865
114.315,5.865,5.865
114.32000000000001,5.865,5.865
114.325,5.865,5.865
114.33,5.865,5.865
114.33500000000001,5.865,5.865
114.34,5.865,5.865
114.345,5.865,5.865
114.35000000000001,5.865,5.865
114.355,5.865,5.865
114.36,5.865,5.865
114.36500000000001,5.865,11.73
114.37,5.865,11.73
114.375,5.865,11.73
114.38,5.865,11.73
114.385,5.865,11.73
114.39,5.865,11.73
114.395,5.865,11.73
114.4,5.865,11.73
114.405,5.865,11.73
114.41,5.865,11.73
114.415,5.865,11.73
114.42,5.865,11.73
114.425,5.865,11.73
114.43,5.865,11.73
114.435,5.865,11.73
114.44,5.865,11.73
114.44500000000001,5.865,5.865
114.45,5.865,11.73
114.455,5.865,5.865
114.46000000000001,5.865,5.865
114.465,5.865,5.865
114.47,5.865,5.865
114.47500000000001,5.865,5.865
114.48,-0.0,5.865
114.485,-0.0,5.865
114.49000000000001,-0.0,5.865
114.495,-0.0,5.865
114.5,-0.0,5.865
114.505,-0.0,5.865
114.51,-0.0,5.865
114.515,-0.0,5.865
114.52,-0.0,5.865
114.525,-0.0,5.865
114.53,-0.0,5.865
114.535,-0.0,5.865
114.54,-0.0,5.865
114.545,-0.0,5.865
114.55,-0.0,5.865
114.555,-0.0,5.865
114.56,-0.0,0.0
114.565,-0.0,0.0
114.57000000000001,-0.0,0.0
114.575,-0.0,0.0
114.58,-5.865,0.0
114.58500000000001,-5.865,0.0
114.59,-0.0,0.0
114.595,-5.865,0.0
114.60000000000001,-5.865,0.0
114.605,-5.865,0.0
114.61,-0.0,0.0
114.61500000000001,-5.865,0.0
114.62,-5.865,0.0
114.625,-5.865,0.0
114.63,-0.0,0.0
114.635,-0.0,0.0
114.64,-5.865,0.0
114.645,-0.0,0.0
114.65,-5.865,0.0
114.655,-5.865,0.0
114.66,-0.0,0.0
114.665,-0.0,0.0
114.67,-0.0,0.0
114.675,-0.0,0.0
114.68,-5.865,0.0
114.685,-5.865,0.0
114.69,-5.865,0.0
114.69500000000001,-5.865,0.0
114.7,-5.865,0.0
114.705,-5.865,0.0
114.71000000000001,-5.865,0.0
114.715,-5.865,0.0
114.72,-5.865,0.0
114.72500000000001,-5.865,0.0
114.73,-5.865,0.0
114.735,-5.865,0.0
114.74000000000001,-5.865,0.0
114.745,-5.865,0.0
114.75,-5.865,0.0
114.755,-5.865,0.0
114.76,-0.0,0.0
114.765,-0.0,0.0
114.77,-0.0,0.0
114.775,-0.0,0.0
114.78,-0.0,0.0
114.785,-0.0,0.0
114.79,-0.0,0.0
114.795,-0.0,0.0
114.8,-0.0,0.0
114.805,-5.865,0.0
114.81,-5.865,0.0
114.815,-5.865,0.0
114.82000000000001,-11.73,0.0
114.825,-11.73,0.0
114.83,-11.73,0.0
114.83500000000001,-11.73,0.0
114.84,-11.73,0.0
114.845,-11.73,0.0
114.85000000000001,-11.73,0.0
114.855,-11.73,0.0
114.86,-11.73,0.0
114.86500000000001,-11.73,0.0
114.87,-11.73,0.0
114.875,-11.73,0.0
114.88,-11.73,5.865
114.885,-11.73,5.865
114.89,-11.73,5.865
114.895,-11.73,5.865
114.9,-11.73,11.73
114.905,-11.73,11.73
114.91,-11.73,11.73
114.915,-11.73,11.73
114.92,-11.73,11.73
114.925,-11.73,11.73
114.93,-11.73,11.73
114.935,-11.73,5.865
114.94,-11.73,11.73
114.94500000000001,-11.73,5.865
114.95,-11.73,5.865
114.955,-11.73,5.865
114.96000000000001,-11.73,11.73
114.965,-11.73,11.73
114.97,-11.73,11.73
114.97500000000001,-11.73,11.73
114.98,-11.73,11.73
114.985,-11.73,11.73
114.99000000000001,-11.73,11.73
114.995,-11.73,11.73
115.0,-11.73,11.73
115.005,-11.73,11.73
115.01,-11.73,11.73
115.015,-11.73,11.73
115.02,-11.73,5.865
115.025,-11.73,5.865
115.03,-11.73,5.865
115.035,-11.73,5.865
115.04,-11.73,5.865
115.045,-11.73,5.865
115.05,-11.73,5.865
115.055,-17.595,5.865
115.06,-17.595,5.865
115.065,-17.595,0.0
115.07000000000001,-17.595,0.0
115.075,-11.73,0.0
115.08,-11.73,0.0
115.08500000000001,-17.595,0.0
115.09,-11.73,0.0
115.095,-11.73,0.0
115.10000000000001,-11.73,-5.865
115.105,-17.595,-5.865
115.11,-11.73,-5.865
115.11500000000001,-17.595,-5.865
115.12,-11.73,-5.865
115.125,-17.595,-5.865
115.13,-17.595,-5.865
115.135,-17.595,-5.865
115.14,-17.595,-11.73
115.145,-17.595,-11.73
115.15,-17.595,-11.73
115.155,-17.595,-11.73
115.16,-17.595,-11.73
115.165,-17.595,-11.73
115.17,-17.595,-17.595
115.175,-17.595,-17.595
115.18,-23.46,-17.595
115.185,-23.46,-17.595
115.19,-23.46,-17.595
115.19500000000001,-23.46,-17.595
115.2,-23.46,-17.595
115.205,-23.46,-17.595
115.21000000000001,-29.326,-17.595
115.215,-29.326,-23.46
115.22,-29.326,-23.46
115.22500000000001,-29.326,-23.46
115.23,-29.326,-29.326
115.235,-29.326,-29.326
115.24000000000001,-29.326,-29.326
115.245,-29.326,-29.326
115.25,-29.326,-35.191
115.255,-29.326,-35.191
115.26,-29.326,-35.191
115.265,-29.326,-35.191
115.27,-29.326,-35.191
115.275,-29.326,-35.191
115.28,-23.46,-35.191
115.285,-29.326,-35.191
115.29,-29.326,-41.056
115.295,-29.326,-41.056
115.3,-29.326,-41.056
115.305,-23.46,-41.056
115.31,-23.46,-41.056
115.315,-23.46,-41.056
115.32000000000001,-23.46,-46.921
115.325,-23.46,-46.921
115.33,-23.46,-46.921
115.33500000000001,-23.46,-52.786
115.34,-23.46,-52.786
115.345,-23.46,-52.786
115.35000000000001,-23.46,-58.651
115.355,-23.46,-64.516
115.36,-23.46,-64.516
115.36500000000001,-23.46,-64.516
115.37,-23.46,-70.381
115.375,-23.46,-70.381
115.38,-23.46,-76.246
115.385,-23.46,-82.111
115.39,-23.46,-87.977
115.395,-23.46,-93.842
115.4,-29.326,-93.842
115.405,-29.326,-99.707
115.41,-29.326,-105.572
115.415,-29.326,-111.437
115.42,-29.326,-117.302
115.425,-29.326,-117.302
115.43,-29.326,-117.302
115.435,-29.326,-123.167
115.44,-29.326,-117.302
115.44500000000001,-35.191,-117.302
115.45,-35.191,-117.302
115.455,-35.191,-111.437
115.46000000000001,-35.191,-111.437
115.465,-35.191,-105.572
115.47,-35.191,-105.572
115.47500000000001,-29.326,-105.572
115.48,-35.191,-99.707
115.485,-35.191,-93.842
115.49000000000001,-35.191,-82.111
115.495,-35.191,-70.381
115.5,-35.191,-64.516
115.505,-35.191,-52.786
115.51,-35.191,-46.921
115.515,-35.191,-41.056
115.52,-35.191,-41.056
115.525,-35.191,-35.191
115.53,-35.191,-35.191
115.535,-35.191,-29.326
115.54,-35.191,-17.595
115.545,-35.191,-11.73
115.55,-35.191,-11.73
115.555,-35.191,-11.73
115.56,-35.191,0.0
115.565,-35.191,29.326
115.57000000000001,-35.191,58.651
115.575,-35.191,87.977
115.58,-35.191,105.572
115.58500000000001,-35.191,117.302
115.59,-35.191,117.302
115.595,-35.191,129.032
115.60000000000001,-35.191,134.897
115.605,-35.191,146.628
115.61,-35.191,164.223
115.61500000000001,-35.191,181.818
115.62,-35.191,193.548
115.625,-35.191,211.144
115.63,-41.056,217.009
115.635,-41.056,228.739
115.64,-41.056,240.469
115.645,-46.921,252.199
115.65,-46.921,263.93
115.655,-46.921,275.66
115.66,-46.921,281.525
115.665,-46.921,293.255
115.67,-52.786,299.12
115.675,-46.921,304.985
115.68,-52.786,310.85
115.685,-46.921,310.85
115.69,-46.921,316.715
115.69500000000001,-52.786,316.715
115.7,-52.786,322.581
115.705,-52.786,316.715
115.71000000000001,-52.786,310.85
115.715,-52.786,310.85
115.72,-52.786,304.985
115.72500000000001,-58.651,299.12
115.73,-58.651,287.39
115.735,-58.651,281.525
115.74000000000001,-58.651,269.795
115.745,-58.651,252.199
115.75,-64.516,234.604
115.755,-64.516,217.009
115.76,-64.516,199.413
115.765,-70.381,175.953
115.77,-70.381,152.493
115.775,-70.381,134.897
115.78,-76.246,111.437
115.785,-76.246,87.977
115.79,-76.246,64.516
115.795,-76.246,46.921
115.8,-82.111,23.46
115.805,-82.111,5.865
115.81,-82.111,-11.73
115.815,-82.111,-29.326
115.82000000000001,-82.111,-52.786
115.825,-82.111,-52.786
115.83,-82.111,-29.326
115.83500000000001,-82.111,5.865
115.84,-82.111,23.46
115.845,-82.111,23.46
115.85000000000001,-82.111,11.73
115.855,-82.111,-11.73
115.86,-76.246,-41.056
115.86500000000001,-76.246,-70.381
115.87,-70.381,-99.707
115.875,-70.381,-117.302
115.88,-64.516,-111.437
115.885,-58.651,-93.842
115.89,-58.651,-76.246
115.895,-52.786,-64.516
115.9,-52.786,-64.516
115.905,-58.651,-64.516
115.91,-58.651,-64.516
115.915,-64.516,-70.381
115.92,-64.516,-70.381
115.925,-64.516,-70.381
115.93,-58.651,-64.516
115.935,-58.651,-70.381
115.94,-58.651,-70.381
115.94500000000001,-52.786,-70.381
115.95,-52.786,-70.381
115.955,-46.921,-70.381
115.96000000000001,-46.921,-70.381
115.965,-46.921,-70.381
115.97,-52.786,-64.516
115.97500000000001,-52.786,-64.516
115.98,-52.786,-58.651
115.985,-52.786,-58.651
115.99000000000001,-46.921,-58.651
115.995,-46.921,-52.786
116.0,-46.921,-52.786
116.005,-29.326,-58.651
116.01,-17.595,-52.786
116.015,-11.73,-58.651
116.02,-5.865,-58.651
116.025,5.865,-58.651
116.03,29.326,-58.651
116.035,41.056,-58.651
116.04,52.786,-58.651
116.045,58.651,-52.786
116.05,70.381,-52.786
116.055,76.246,-52.786
116.06,87.977,-52.786
116.065,93.842,-52.786
116.07000000000001,105.572,-52.786
116.075,111.437,-52.786
116.08,123.167,-46.921
116.08500000000001,129.032,-46.921
116.09,140.762,-46.921
116.095,146.628,-46.921
116.10000000000001,158.358,-52.786
116.105,164.223,-46.921
116.11,170.088,-52.786
116.11500000000001,175.953,-46.921
116.12,181.818,-46.921
116.125,187.683,-46.921
116.13,193.548,-46.921
116.135,199.413,-52.786
116.14,205.279,-46.921
116.145,211.144,-52.786
116.15,217.009,-46.921
116.155,222.874,-46.921
116.16,228.739,-46.921
116.165,234.604,-46.921
116.17,234.604,-46.921
116.175,240.469,-46.921
116.18,240.469,-46.921
116.185,246.334,-46.921
116.19,246.334,-46.921
116.19500000000001,246.334,-46.921
116.2,252.199,-46.921
116.205,252.199,-46.921
116.21000000000001,252.199,-46.921
116.215,258.064,-46.921
116.22,258.064,-46.921
116.22500000000001,258.064,-46.921
116.23,258.064,-46.921
116.235,258.064,-46.921
116.24000000000001,258.064,-46.921
116.245,258.064,-46.921
116.25,258.064,-52.786
116.255,258.064,-52.786
116.26,252.199,-52.786
116.265,252.199,-52.786
116.27,246.334,-52.786
116.275,246.334,-52.786
116.28,240.469,-52.786
116.285,240.469,-52.786
116.29,234.604,-52.786
116.295,228.739,-52.786
116.3,222.874,-52.786
116.305,211.144,-52.786
116.31,205.279,-52.786
116.315,193.548,-52.786
116.32000000000001,181.818,-52.786
116.325,170.088,-52.786
116.33,158.358,-58.651
116.33500000000001,140.762,-58.651
116.34,123.167,-58.651
116.345,105.572,-58.651
116.35000000000001,87.977,-58.651
116.355,70.381,-58.651
116.36,52.786,-58.651
116.36500000000001,35.191,-58.651
116.37,11.73,-58.651
116.375,-5.865,-52.786
116.38,-23.46,-58.651
116.385,-35.191,-58.651
116.39,-46.921,-52.786
116.395,-58.651,-52.786
116.4,-76.246,-52.786
116.405,-99.707,-52.786
116.41,-117.302,-52.786
116.415,-123.167,-52.786
116.42,-111.437,-58.651
116.425,-76.246,-58.651
116.43,-52.786,-58.651
116.435,-58.651,-58.651
116.44,-82.111,-58.651
116.44500000000001,-117.302,-58.651
116.45,-140.762,-58.651
116.455,-158.358,-58.651
116.46000000000001,-170.088,-58.651
116.465,-164.223,-58.651
116.47,-152.493,-64.516
116.47500000000001,-146.628,-64.516
116.48,-146.628,-64.516
116.485,-152.493,-64.516
116.49000000000001,-158.358,-64.516
116.495,-158.358,-64.516
116.5,-146.628,-70.381
116.505,-140.762,-70.381
116.51,-129.032,-70.381
116.515,-123.167,-70.381
116.52,-111.437,-76.246
116.525,-105.572,-82.111
116.53,-93.842,-82.111
116.535,-87.977,-87.977
116.54,-82.111,-93.842
116.545,-82.111,-99.707
116.55,-76.246,-105.572
116.555,-70.381,-105.572
116.56,-70.381,-111.437
116.565,-70.381,-111.437
116.57000000000001,-64.516,-117.302
116.575,-64.516,-117.302
116.58,-64.516,-123.167
116.58500000000001,-64.516,-123.167
116.59,-64.516,-129.032
116.595,-70.381,-129.032
116.60000000000001,-70.381,-134.897
116.605,-70.381,-134.897
116.61,-70.381,-134.897
116.61500000000001,-70.381,-134.897
116.62,-70.381,-140.762
116.625,-64.516,-140.762
116.63,-64.516,-140.762
116.635,-64.516,-140.762
116.64,-58.651,-140.762
116.645,-58.651,-152.493
116.65,-58.651,-158.358
116.655,-52.786,-164.223
116.66,-52.786,-164.223
116.665,-52.786,-158.358
116.67,-52.786,-152.493
116.675,-52.786,-146.628
116.68,-52.786,-140.762
116.685,-52.786,-134.897
116.69,-52.786,-129.032
116.69500000000001,-52.786,-117.302
116.7,-52.786,-111.437
116.705,-52.786,-105.572
116.71000000000001,-52.786,-93.842
116.715,-52.786,-82.111
116.72,-52.786,-64.516
116.72500000000001,-52.786,-58.651
116.73,-52.786,-29.326
116.735,-52.786,-5.865
116.74000000000001,-58.651,11.73
116.745,-58.651,35.191
116.75,-52.786,64.516
116.755,-58.651,82.111
116.76,-52.786,99.707
116.765,-58.651,117.302
116.77,-52.786,129.032
116.775,-58.651,134.897
116.78,-52.786,146.628
116.785,-52.786,158.358
116.79,-52.786,175.953
116.795,-52.786,187.683
116.8,-46.921,205.279
116.805,-46.921,222.874
116.81,-46.921,240.469
116.815,-46.921,258.064
116.82000000000001,-46.921,269.795
116.825,-46.921,287.39
116.83,-41.056,299.12
116.83500000000001,-41.056,316.715
116.84,-46.921,328.446
116.845,-46.921,340.176
116.85000000000001,-46.921,346.041
116.855,-46.921,357.771
116.86,-46.921,369.501
116.86500000000001,-52.786,375.366
116.87,-52.786,387.097
116.875,-52.786,392.962
116.88,-58.651,398.827
116.885,-58.651,404.692
116.89,-58.651,404.692
116.895,-64.516,410.557
116.9,-64.516,410.557
116.905,-70.381,410.557
116.91,-70.381,416.422
116.915,-70.381,416.422
116.92,-76.246,410.557
116.925,-82.111,410.557
116.93,-82.111,404.692
116.935,-87.977,398.827
116.94,-87.977,381.232
116.94500000000001,-87.977,369.501
116.95,-93.842,351.906
116.955,-99.707,334.311
116.96000000000001,-99.707,316.715
116.965,-99.707,299.12
116.97,-105.572,275.66
116.97500000000001,-111.437,252.199
116.98,-111.437,222.874
116.985,-117.302,193.548
116.99000000000001,-117.302,164.223
116.995,-123.167,129.032
117.0,-123.167,99.707
117.005,-123.167,64.516
117.01,-123.167,35.191
117.015,-117.302,0.0
117.02,-117.302,-35.191
117.025,-117.302,-70.381
117.03,-111.437,-105.572
117.035,-111.437,-134.897
117.04,-111.437,-134.897
117.045,-105.572,-117.302
117.05,-99.707,-58.651
117.055,-93.842,5.865
117.06,-87.977,35.191
117.065,-87.977,17.595
117.07000000000001,-82.111,-17.595
117.075,-82.111,-64.516
117.08,-76.246,-123.167
117.08500000000001,-82.111,-164.223
117.09,-82.111,-181.818
117.095,-82.111,-164.223
117.10000000000001,-76.246,-134.897
117.105,-70.381,-111.437
117.11,-64.516,-117.302
117.11500000000001,-58.651,-134.897
117.12,-58.651,-164.223
117.125,-58.651,-181.818
117.13,-64.516,-170.088
117.135,-64.516,-152.493
117.14,-64.516,-140.762
117.145,-64.516,-140.762
117.15,-58.651,-146.628
117.155,-52.786,-152.493
117.16,-52.786,-152.493
117.165,-41.056,-140.762
117.17,-35.191,-134.897
117.175,-29.326,-129.032
117.18,-17.595,-123.167
117.185,-11.73,-111.437
117.19,-0.0,-105.572
117.19500000000001,17.595,-99.707
117.2,35.191,-93.842
117.205,46.921,-93.842
117.21000000000001,58.651,-93.842
117.215,58.651,-87.977
117.22,64.516,-87.977
117.22500000000001,76.246,-87.977
117.23,82.111,-87.977
117.235,87.977,-82.111
117.24000000000001,93.842,-76.246
117.245,105.572,-76.246
117.25,117.302,-76.246
117.255,123.167,-70.381
117.26,134.897,-70.381
117.265,140.762,-70.381
117.27,152.493,-64.516
117.275,158.358,-58.651
117.28,164.223,-52.786
117.285,170.088,-52.786
117.29,175.953,-46.921
117.295,181.818,-46.921
117.3,187.683,-46.921
117.305,193.548,-46.921
117.31,199.413,-41.056
117.315,199.413,-41.056
117.32000000000001,205.279,-46.921
117.325,211.144,-46.921
117.33,211.144,-41.056
117.33500000000001,217.009,-41.056
117.34,222.874,-46.921
117.345,228.739,-41.056
117.35000000000001,228.739,-41.056
117.355,234.604,-41.056
117.36,240.469,-41.056
117.36500000000001,240.469,-41.056
117.37,240.469,-41.056
117.375,240.469,-41.056
117.38,246.334,-41.056
117.385,246.334,-41.056
117.39,252.199,-41.056
117.395,252.199,-41.056
117.4,252.199,-41.056
117.405,252.199,-41.056
117.41,258.064,-46.921
117.415,252.199,-46.921
117.42,252.199,-41.056
117.425,252.199,-41.056
117.43,252.199,-46.921
117.435,252.199,-46.921
117.44,252.199,-46.921
117.44500000000001,246.334,-46.921
117.45,246.334,-46.921
117.455,246.334,-46.921
117.46000000000001,240.469,-46.921
117.465,234.604,-46.921
117.47,228.739,-46.921
117.47500000000001,222.874,-46.921
117.48,217.009,-52.786
117.485,217.009,-52.786
117.49000000000001,205.279,-52.786
117.495,199.413,-52.786
117.5,193.548,-52.786
117.505,181.818,-52.786
117.51,170.088,-52.786
117.515,158.358,-58.651
117.52,146.628,-58.651
117.525,134.897,-58.651
117.53,117.302,-58.651
117.535,99.707,-58.651
117.54,82.111,-58.651
117.545,58.651,-58.651
117.55,41.056,-58.651
117.555,17.595,-58.651
117.56,-5.865,-58.651
117.565,-23.46,-58.651
117.57000000000001,-41.056,-58.651
117.575,-64.516,-58.651
117.58,-76.246,-58.651
117.58500000000001,-82.111,-58.651
117.59,-93.842,-58.651
117.595,-111.437,-58.651
117.60000000000001,-123.167,-58.651
117.605,-117.302,-58.651
117.61,-82.111,-58.651
117.61500000000001,-41.056,-58.651
117.62,-23.46,-58.651
117.625,-41.056,-58.651
117.63,-70.381,-58.651
117.635,-105.572,-58.651
117.64,-134.897,-58.651
117.645,-146.628,-64.516
117.65,-152.493,-64.516
117.655,-146.628,-64.516
117.66,-134.897,-64.516
117.665,-117.302,-64.516
117.67,-111.437,-70.381
117.675,-123.167,-70.381
117.68,-140.762,-70.381
117.685,-152.493,-76.246
117.69,-152.493,-82.111
117.69500000000001,-140.762,-82.111
117.7,-129.032,-87.977
117.705,-123.167,-87.977
117.71000000000001,-123.167,-93.842
117.715,-117.302,-93.842
117.72,-111.437,-99.707
117.72500000000001,-105.572,-105.572
117.73,-99.707,-111.437
117.735,-93.842,-117.302
117.74000000000001,-87.977,-117.302
117.745,-87.977,-123.167
117.75,-82.111,-129.032
117.755,-82.111,-134.897
117.76,-76.246,-134.897
117.765,-76.246,-140.762
117.77,-76.246,-140.762
117.775,-76.246,-140.762
117.78,-76.246,-146.628
117.785,-76.246,-146.628
117.79,-76.246,-146.628
117.795,-76.246,-146.628
117.8,-76.246,-146.628
117.805,-70.381,-146.628
117.81,-70.381,-146.628
117.815,-70.381,-146.628
117.82000000000001,-64.516,-152.493
117.825,-64.516,-158.358
117.83,-64.516,-164.223
117.83500000000001,-64.516,-158.358
117.84,-58.651,-146.628
117.845,-58.651,-140.762
117.85000000000001,-58.651,-129.032
117.855,-58.651,-123.167
117.86,-52.786,-117.302
117.86500000000001,-52.786,-123.167
117.87,-52.786,-123.167
117.875,-52.786,-117.302
117.88,-46.921,-99.707
117.885,-46.921,-82.111
117.89,-52.786,-70.381
117.895,-52.786,-52.786
117.9,-52.786,-23.46
117.905,-52.786,0.0
117.91,-52.786,23.46
117.915,-52.786,46.921
117.92,-52.786,70.381
117.925,-58.651,93.842
117.93,-58.651,111.437
117.935,-58.651,129.032
117.94,-58.651,134.897
117.94500000000001,-58.651,146.628
117.95,-58.651,152.493
117.955,-58.651,164.223
117.96000000000001,-58.651,175.953
117.965,-52.786,193.548
117.97,-58.651,211.144
117.97500000000001,-52.786,228.739
117.98,-52.786,240.469
117.985,-52.786,258.064
117.99000000000001,-52.786,269.795
117.995,-52.786,287.39
118.0,-52.786,299.12
118.005,-52.786,310.85
118.01,-58.651,322.581
118.015,-58.651,334.311
118.02,-58.651,340.176
118.025,-58.651,351.906
118.03,-64.516,357.771
118.035,-64.516,363.636
118.04,-64.516,369.501
118.045,-70.381,375.366
118.05,-70.381,381.232
118.055,-76.246,387.097
118.06,-76.246,387.097
118.065,-76.246,392.962
118.07000000000001,-76.246,392.962
118.075,-76.246,392.962
118.08,-82.111,387.097
118.08500000000001,-82.111,387.097
118.09,-82.111,387.097
118.095,-76.246,381.232
118.10000000000001,-76.246,375.366
118.105,-76.246,363.636
118.11,-76.246,357.771
118.11500000000001,-76.246,346.041
118.12,-76.246,334.311
118.125,-76.246,322.581
118.13,-76.246,310.85
118.135,-76.246,299.12
118.14,-70.381,281.525
118.145,-70.381,258.064
118.15,-70.381,234.604
118.155,-70.381,217.009
118.16,-70.381,193.548
118.165,-76.246,170.088
118.17,-82.111,146.628
118.175,-82.111,123.167
118.18,-87.977,93.842
118.185,-93.842,70.381
118.19,-99.707,35.191
118.19500000000001,-105.572,5.865
118.2,-111.437,-23.46
118.205,-111.437,-52.786
118.21000000000001,-117.302,-82.111
118.215,-123.167,-105.572
118.22,-123.167,-123.167
118.22500000000001,-123.167,-140.762
118.23,-123.167,-152.493
118.235,-123.167,-158.358
118.24000000000001,-123.167,-158.358
118.245,-123.167,-140.762
118.25,-123.167,-105.572
118.255,-117.302,-41.056
118.26,-117.302,35.191
118.265,-111.437,87.977
118.27,-111.437,52.786
118.275,-99.707,5.865
118.28,-93.842,-52.786
118.285,-87.977,-123.167
118.29,-82.111,-175.953
118.295,-76.246,-205.279
118.3,-82.111,-193.548
118.305,-82.111,-140.762
118.31,-82.111,-105.572
118.315,-76.246,-93.842
118.32000000000001,-70.381,-99.707
118.325,-70.381,-123.167
118.33,-70.381,-140.762
118.33500000000001,-70.381,-158.358
118.34,-70.381,-158.358
118.345,-76.246,-140.762
118.35000000000001,-76.246,-123.167
118.355,-82.111,-117.302
118.36,-82.111,-129.032
118.36500000000001,-70.381,-134.897
118.37,-64.516,-134.897
118.375,-58.651,-129.032
118.38,-46.921,-123.167
118.385,-35.191,-117.302
118.39,-17.595,-117.302
118.395,-5.865,-111.437
118.4,5.865,-105.572
118.405,23.46,-99.707
118.41,46.921,-99.707
118.415,58.651,-99.707
118.42,70.381,-93.842
118.425,82.111,-93.842
118.43,87.977,-99.707
118.435,93.842,-99.707
118.44,99.707,-99.707
118.44500000000001,111.437,-99.707
118.45,117.302,-99.707
118.455,123.167,-93.842
118.46000000000001,134.897,-87.977
118.465,146.628,-87.977
118.47,158.358,-82.111
118.47500000000001,170.088,-82.111
118.48,181.818,-82.111
118.485,193.548,-76.246
118.49000000000001,199.413,-76.246
118.495,211.144,-76.246
118.5,222.874,-70.381
118.505,234.604,-70.381
118.51,240.469,-64.516
118.515,252.199,-64.516
118.52,258.064,-64.516
118.525,263.93,-64.516
118.53,269.795,-64.516
118.535,275.66,-58.651
118.54,281.525,-58.651
118.545,287.39,-58.651
118.55,293.255,-58.651
118.555,299.12,-64.516
118.56,304.985,-64.516
118.565,304.985,-64.516
118.57000000000001,304.985,-64.516
118.575,304.985,-64.516
118.58,304.985,-58.651
118.58500000000001,304.985,-58.651
118.59,310.85,-58.651
118.595,310.85,-58.651
118.60000000000001,310.85,-58.651
118.605,310.85,-58.651
118.61,304.985,-58.651
118.61500000000001,304.985,-58.651
118.62,304.985,-58.651
118.625,299.12,-52.786
118.63,293.255,-52.786
118.635,293.255,-52.786
118.64,287.39,-58.651
118.645,281.525,-52.786
118.65,269.795,-52.786
118.655,263.93,-52.786
118.66,252.199,-58.651
118.665,240.469,-58.651
118.67,228.739,-58.651
118.675,217.009,-58.651
118.68,199.413,-58.651
118.685,187.683,-58.651
118.69,170.088,-58.651
118.69500000000001,152.493,-58.651
118.7,134.897,-58.651
118.705,117.302,-58.651
118.71000000000001,99.707,-58.651
118.715,76.246,-58.651
118.72,58.651,-58.651
118.72500000000001,35.191,-58.651
118.73,17.595,-58.651
118.735,-0.0,-58.651
118.74000000000001,-17.595,-58.651
118.745,-35.191,-58.651
118.75,-52.786,-58.651
118.755,-64.516,-58.651
118.76,-76.246,-58.651
118.765,-87.977,-58.651
118.77,-93.842,-64.516
118.775,-99.707,-64.516
118.78,-93.842,-64.516
118.785,-99.707,-64.516
118.79,-105.572,-64.516
118.795,-99.707,-64.516
118.8,-76.246,-64.516
118.805,-41.056,-64.516
118.81,-23.46,-64.516
118.815,-35.191,-64.516
118.82000000000001,-64.516,-58.651
118.825,-105.572,-64.516
118.83,-134.897,-64.516
118.83500000000001,-158.358,-64.516
118.84,-164.223,-64.516
118.845,-158.358,-64.516
118.85000000000001,-129.032,-64.516
118.855,-105.572,-64.516
118.86,-111.437,-70.381
118.86500000000001,-129.032,-70.381
118.87,-146.628,-70.381
118.875,-152.493,-70.381
118.88,-146.628,-76.246
118.885,-134.897,-76.246
118.89,-129.032,-82.111
118.895,-123.167,-82.111
118.9,-117.302,-87.977
118.905,-105.572,-87.977
118.91,-93.842,-93.842
118.915,-87.977,-93.842
118.92,-82.111,-99.707
118.925,-76.246,-105.572
118.93,-70.381,-105.572
118.935,-64.516,-111.437
118.94,-58.651,-117.302
118.94500000000001,-58.651,-117.302
118.95,-58.651,-117.302
118.955,-52.786,-117.302
118.96000000000001,-58.651,-123.167
118.965,-52.786,-123.167
118.97,-52.786,-123.167
118.97500000000001,-52.786,-129.032
118.98,-52.786,-129.032
118.985,-52.786,-134.897
118.99000000000001,-58.651,-134.897
118.995,-58.651,-134.897
119.0,-58.651,-134.897
119.005,-58.651,-134.897
119.01,-58.651,-134.897
119.015,-52.786,-140.762
119.02,-52.786,-146.628
119.025,-58.651,-152.493
119.03,-52.786,-152.493
119.035,-58.651,-140.762
119.04,-58.651,-129.032
119.045,-58.651,-117.302
119.05,-58.651,-111.437
119.055,-58.651,-105.572
119.06,-58.651,-99.707
119.065,-58.651,-93.842
119.07000000000001,-58.651,-99.707
119.075,-58.651,-99.707
119.08,-58.651,-87.977
119.08500000000001,-58.651,-64.516
119.09,-58.651,-52.786
119.095,-58.651,-41.056
119.10000000000001,-58.651,-11.73
119.105,-58.651,11.73
119.11,-58.651,35.191
119.11500000000001,-58.651,64.516
119.12,-52.786,99.707
119.125,-58.651,123.167
119.13,-58.651,134.897
119.135,-58.651,140.762
119.14,-58.651,146.628
119.145,-58.651,152.493
119.15,-64.516,164.223
119.155,-64.516,181.818
119.16,-64.516,193.548
119.165,-64.516,211.144
119.17,-64.516,228.739
119.175,-64.516,246.334
119.18,-64.516,258.064
119.185,-64.516,275.66
119.19,-58.651,293.255
119.19500000000001,-58.651,304.985
119.2,-58.651,322.581
119.205,-58.651,334.311
119.21000000000001,-58.651,346.041
119.215,-64.516,357.771
119.22,-64.516,363.636
119.22500000000001,-70.381,375.366
119.23,-70.381,381.232
119.235,-70.381,392.962
119.24000000000001,-76.246,398.827
119.245,-76.246,404.692
119.25,-76.246,416.422
119.255,-82.111,416.422
119.26,-82.111,422.287
119.265,-82.111,428.152
119.27,-87.977,428.152
119.275,-87.977,428.152
119.28,-87.977,428.152
119.285,-93.842,428.152
119.29,-93.842,428.152
119.295,-93.842,422.287
119.3,-99.707,416.422
119.305,-99.707,404.692
119.31,-99.707,387.097
119.315,-99.707,375.366
119.32000000000001,-105.572,357.771
119.325,-105.572,340.176
119.33,-105.572,316.715
119.33500000000001,-111.437,293.255
119.34,-117.302,269.795
119.345,-117.302,240.469
119.35000000000001,-123.167,205.279
119.355,-129.032,175.953
119.36,-129.032,140.762
119.36500000000001,-129.032,99.707
119.37,-129.032,64.516
119.375,-134.897,23.46
119.38,-129.032,-17.595
119.385,-129.032,-64.516
119.39,-129.032,-99.707
119.395,-129.032,-129.032
119.4,-123.167,-146.628
119.405,-123.167,-152.493
119.41,-117.302,-129.032
119.415,-111.437,-64.516
119.42,-111.437,23.46
119.425,-105.572,76.246
119.43,-99.707,58.651
119.435,-87.977,11.73
119.44,-87.977,-46.921
119.44500000000001,-87.977,-111.437
119.45,-87.977,-164.223
119.455,-93.842,-199.413
119.46000000000001,-99.707,-175.953
119.465,-99.707,-129.032
119.47,-99.707,-99.707
119.47500000000001,-93.842,-87.977
119.48,-93.842,-99.707
119.485,-87.977,-123.167
119.49000000000001,-82.111,-140.762
119.495,-76.246,-146.628
119.5,-70.381,-146.628
119.505,-58.651,-146.628
119.51,-52.786,-146.628
119.515,-35.191,-134.897
119.52,-23.46,-129.032
119.525,-5.865,-129.032
119.53,11.73,-129.032
119.535,23.46,-129.032
119.54,29.326,-129.032
119.545,35.191,-123.167
119.55,41.056,-117.302
119.555,46.921,-111.437
119.56,58.651,-105.572
119.565,64.516,-99.707
119.57000000000001,70.381,-93.842
119.575,82.111,-93.842
119.58,93.842,-93.842
119.58500000000001,99.707,-87.977
119.59,111.437,-87.977
119.595,123.167,-93.842
119.60000000000001,134.897,-93.842
119.605,146.628,-93.842
119.61,158.358,-87.977
119.61500000000001,170.088,-87.977
119.62,175.953,-82.111
119.625,181.818,-76.246
119.63,187.683,-76.246
119.635,199.413,-70.381
119.64,205.279,-70.381
119.645,211.144,-64.516
119.65,217.009,-64.516
119.655,222.874,-58.651
119.66,228.739,-58.651
119.665,228.739,-58.651
119.67,234.604,-52.786
119.675,240.469,-52.786
119.68,246.334,-52.786
119.685,246.334,-52.786
119.69,252.199,-52.786
119.69500000000001,252.199,-52.786
119.7,258.064,-52.786
119.705,258.064,-52.786
119.71000000000001,258.064,-52.786
119.715,263.93,-52.786
119.72,263.93,-52.786
119.72500000000001,263.93,-52.786
119.73,263.93,-52.786
119.735,263.93,-52.786
119.74000000000001,263.93,-52.786
119.745,269.795,-52.786
119.75,263.93,-52.786
119.755,263.93,-52.786
119.76,263.93,-52.786
119.765,263.93,-52.786
119.77,258.064,-52.786
119.775,258.064,-52.786
119.78,252.199,-52.786
119.785,252.199,-52.786
119.79,246.334,-52.786
119.795,240.469,-52.786
119.8,234.604,-52.786
119.805,228.739,-52.786
119.81,217.009,-52.786
119.815,211.144,-58.651
119.82000000000001,199.413,-58.651
119.825,193.548,-58.651
119.83,181.818,-58.651
119.83500000000001,175.953,-58.651
119.84,158.358,-58.651
119.845,146.628,-58.651
119.85000000000001,134.897,-58.651
119.855,123.167,-58.651
119.86,105.572,-58.651
119.86500000000001,87.977,-58.651
119.87,70.381,-64.516
119.875,58.651,-64.516
119.88,35.191,-64.516
119.885,23.46,-64.516
119.89,5.865,-64.516
119.895,-11.73,-64.516
119.9,-23.46,-64.516
119.905,-41.056,-70.381
119.91,-58.651,-70.381
119.915,-82.111,-70.381
119.92,-93.842,-70.381
119.925,-111.437,-70.381
119.93,-123.167,-76.246
119.935,-117.302,-76.246
119.94,-82.111,-76.246
119.94500000000001,-58.651,-76.246
119.95,-52.786,-76.246
119.955,-70.381,-76.246
119.96000000000001,-99.707,-76.246
119.965,-123.167,-70.381
119.97,-140.762,-70.381
119.97500000000001,-152.493,-76.246
119.98,-158.358,-76.246
119.985,-146.628,-76.246
119.99000000000001,-129.032,-76.246
119.995,-123.167,-76.246
120.0,-134.897,-76.246
120.005,-146.628,-76.246
120.01,-152.493,-82.111
120.015,-146.628,-82.111
120.02,-140.762,-82.111
120.025,-129.032,-87.977
120.03,-117.302,-87.977
120.035,-111.437,-87.977
120.04,-105.572,-93.842
120.045,-93.842,-99.707
120.05,-87.977,-105.572
120.055,-82.111,-111.437
120.06,-82.111,-117.302
120.065,-76.246,-123.167
120.07000000000001,-76.246,-129.032
120.075,-70.381,-134.897
120.08,-70.381,-134.897
120.08500000000001,-70.381,-140.762
120.09,-70.381,-146.628
120.095,-70.381,-152.493
120.10000000000001,-70.381,-158.358
120.105,-70.381,-158.358
120.11,-70.381,-164.223
120.11500000000001,-70.381,-164.223
120.12,-70.381,-170.088
120.125,-70.381,-170.088
120.13,-70.381,-170.088
120.135,-70.381,-170.088
120.14,-70.381,-164.223
120.145,-70.381,-164.223
120.15,-70.381,-170.088
120.155,-70.381,-170.088
120.16,-70.381,-170.088
120.165,-70.381,-164.223
120.17,-70.381,-158.358
120.175,-70.381,-140.762
120.18,-70.381,-129.032
120.185,-70.381,-117.302
120.19,-70.381,-117.302
120.19500000000001,-70.381,-117.302
120.2,-70.381,-117.302
120.205,-70.381,-105.572
120.21000000000001,-70.381,-87.977
120.215,-70.381,-64.516
120.22,-70.381,-46.921
120.22500000000001,-76.246,-23.46
120.23,-76.246,0.0
120.235,-76.246,29.326
120.24000000000001,-76.246,70.381
120.245,-76.246,99.707
120.25,-76.246,117.302
120.255,-76.246,129.032
120.26,-76.246,134.897
120.265,-70.381,140.762
120.27,-70.381,152.493
120.275,-70.381,164.223
120.28,-70.381,181.818
120.285,-70.381,205.279
120.29,-70.381,222.874
120.295,-70.381,240.469
120.3,-70.381,252.199
120.305,-70.381,269.795
120.31,-64.516,287.39
120.315,-64.516,299.12
120.32000000000001,-64.516,316.715
120.325,-64.516,328.446
120.33,-64.516,340.176
120.33500000000001,-64.516,351.906
120.34,-70.381,357.771
120.345,-70.381,369.501
120.35000000000001,-76.246,375.366
120.355,-76.246,381.232
120.36,-76.246,387.097
120.36500000000001,-82.111,398.827
120.37,-82.111,404.692
120.375,-82.111,410.557
120.38,-87.977,410.557
120.385,-87.977,410.557
120.39,-93.842,410.557
120.395,-93.842,410.557
120.4,-99.707,410.557
120.405,-99.707,410.557
120.41,-105.572,404.692
120.415,-105.572,398.827
120.42,-105.572,381.232
120.425,-111.437,369.501
120.43,-117.302,351.906
120.435,-117.302,340.176
120.44,-123.167,322.581
120.44500000000001,-123.167,304.985
120.45,-129.032,287.39
120.455,-129.032,263.93
120.46000000000001,-129.032,234.604
120.465,-129.032,205.279
120.47,-123.167,181.818
120.47500000000001,-123.167,146.628
120.48,-117.302,117.302
120.485,-117.302,82.111
120.49000000000001,-111.437,46.921
120.495,-105.572,5.865
120.5,-99.707,-41.056
120.505,-93.842,-93.842
120.51,-87.977,-134.897
120.515,-82.111,-140.762
120.52,-76.246,-105.572
120.525,-70.381,-52.786
120.53,-64.516,-35.191
120.535,-64.516,-46.921
120.54,-70.381,-82.111
120.545,-76.246,-134.897
120.55,-82.111,-181.818
120.555,-82.111,-205.279
120.56,-82.111,-193.548
120.565,-82.111,-175.953
120.57000000000001,-82.111,-158.358
120.575,-76.246,-152.493
120.58,-76.246,-152.493
120.58500000000001,-70.381,-152.493
120.59,-64.516,-146.628
120.595,-64.516,-134.897
120.60000000000001,-58.651,-123.167
120.605,-58.651,-123.167
120.61,-46.921,-117.302
120.61500000000001,-35.191,-123.167
120.62,-23.46,-129.032
120.625,-17.595,-129.032
120.63,-5.865,-129.032
120.635,5.865,-129.032
120.64,23.46,-123.167
120.645,35.191,-117.302
120.65,41.056,-111.437
120.655,46.921,-105.572
120.66,52.786,-99.707
120.665,64.516,-99.707
120.67,70.381,-93.842
120.675,82.111,-93.842
120.68,93.842,-93.842
120.685,105.572,-93.842
120.69,123.167,-93.842
120.69500000000001,129.032,-87.977
120.7,140.762,-87.977
120.705,152.493,-87.977
120.71000000000001,158.358,-87.977
120.715,164.223,-82.111
120.72,175.953,-82.111
120.72500000000001,181.818,-76.246
120.73,187.683,-76.246
120.735,199.413,-70.381
120.74000000000001,205.279,-70.381
120.745,211.144,-64.516
120.75,217.009,-64.516
120.755,222.874,-58.651
120.76,228.739,-58.651
120.765,234.604,-58.651
120.77,240.469,-58.651
120.775,246.334,-58.651
120.78,252.199,-58.651
120.785,252.199,-58.651
120.79,258.064,-58.651
120.795,258.064,-58.651
120.8,258.064,-52.786
120.805,263.93,-52.786
120.81,263.93,-52.786
120.815,269.795,-52.786
120.82000000000001,269.795,-52.786
120.825,269.795,-52.786
120.83,275.66,-52.786
120.83500000000001,275.66,-52.786
120.84,275.66,-46.921
120.845,275.66,-52.786
120.85000000000001,275.66,-46.921
120.855,269.795,-46.921
120.86,269.795,-46.921
120.86500000000001,269.795,-46.921
120.87,263.93,-46.921
120.875,263.93,-46.921
120.88,258.064,-46.921
120.885,252.199,-46.921
120.89,246.334,-46.921
120.895,240.469,-46.921
120.9,228.739,-46.921
120.905,222.874,-46.921
120.91,217.009,-46.921
120.915,205.279,-46.921
120.92,199.413,-46.921
120.925,181.818,-46.921
120.93,170.088,-46.921
120.935,158.358,-46.921
120.94,140.762,-46.921
120.94500000000001,129.032,-46.921
120.95,111.437,-46.921
120.955,93.842,-46.921
120.96000000000001,76.246,-46.921
120.965,52.786,-46.921
120.97,35.191,-46.921
120.97500000000001,17.595,-46.921
120.98,-0.0,-46.921
120.985,-17.595,-46.921
120.99000000000001,-35.191,-46.921
120.995,-46.921,-46.921
121.0,-58.651,-52.786
121.005,-64.516,-52.786
121.01,-82.111,-52.786
121.015,-99.707,-52.786
121.02,-117.302,-52.786
121.025,-117.302,-58.651
121.03,-99.707,-58.651
121.035,-64.516,-58.651
121.04,-35.191,-58.651
121.045,-41.056,-58.651
121.05,-64.516,-64.516
121.055,-93.842,-64.516
121.06,-117.302,-64.516
121.065,-134.897,-64.516
121.07000000000001,-152.493,-64.516
121.075,-158.358,-70.381
121.08,-152.493,-70.381
121.08500000000001,-129.032,-70.381
121.09,-117.302,-70.381
121.095,-129.032,-76.246
121.10000000000001,-140.762,-76.246
121.105,-152.493,-82.111
121.11,-152.493,-82.111
121.11500000000001,-146.628,-87.977
121.12,-129.032,-93.842
121.125,-123.167,-99.707
121.13,-117.302,-105.572
121.135,-111.437,-105.572
121.14,-105.572,-111.437
121.145,-99.707,-117.302
121.15,-87.977,-123.167
121.155,-82.111,-129.032
121.16,-82.111,-134.897
121.165,-82.111,-134.897
121.17,-82.111,-140.762
121.175,-76.246,-146.628
121.18,-76.246,-146.628
121.185,-76.246,-152.493
121.19,-70.381,-152.493
121.19500000000001,-70.381,-152.493
121.2,-70.381,-158.358
121.205,-70.381,-158.358
121.21000000000001,-70.381,-158.358
121.215,-70.381,-158.358
121.22,-76.246,-158.358
121.22500000000001,-76.246,-152.493
121.23,-76.246,-152.493
121.235,-76.246,-146.628
121.24000000000001,-76.246,-152.493
121.245,-76.246,-152.493
121.25,-76.246,-158.358
121.255,-76.246,-158.358
121.26,-76.246,-146.628
121.265,-76.246,-134.897
121.27,-76.246,-129.032
121.275,-82.111,-117.302
121.28,-82.111,-117.302
121.285,-82.111,-123.167
121.29,-82.111,-123.167
121.295,-82.111,-117.302
121.3,-82.111,-99.707
121.305,-87.977,-76.246
121.31,-87.977,-58.651
121.315,-87.977,-46.921
121.32000000000001,-87.977,-23.46
121.325,-87.977,-5.865
121.33,-82.111,23.46
121.33500000000001,-82.111,58.651
121.34,-82.111,87.977
121.345,-76.246,105.572
121.35000000000001,-76.246,117.302
121.355,-70.381,123.167
121.36,-70.381,134.897
121.36500000000001,-70.381,140.762
121.37,-64.516,158.358
121.375,-64.516,175.953
121.38,-64.516,193.548
121.385,-64.516,217.009
121.39,-64.516,234.604
121.395,-64.516,246.334
121.4,-64.516,263.93
121.405,-64.516,281.525
121.41,-64.516,293.255
121.415,-64.516,310.85
121.42,-64.516,322.581
121.425,-64.516,334.311
121.43,-64.516,346.041
121.435,-64.516,357.771
121.44,-70.381,369.501
121.44500000000001,-70.381,375.366
121.45,-70.381,387.097
121.455,-76.246,392.962
121.46000000000001,-76.246,404.692
121.465,-82.111,410.557
121.47,-82.111,416.422
121.47500000000001,-87.977,416.422
121.48,-87.977,422.287
121.485,-93.842,428.152
121.49000000000001,-93.842,428.152
121.495,-93.842,434.017
121.5,-99.707,434.017
121.505,-99.707,434.017
121.51,-105.572,434.017
121.515,-111.437,428.152
121.52,-111.437,428.152
121.525,-117.302,416.422
121.53,-123.167,404.692
121.535,-123.167,387.097
121.54,-129.032,369.501
121.545,-129.032,351.906
121.55,-129.032,334.311
121.555,-129.032,310.85
121.56,-129.032,287.39
121.565,-129.032,258.064
121.57000000000001,-129.032,228.739
121.575,-134.897,199.413
121.58,-129.032,170.088
121.58500000000001,-129.032,129.032
121.59,-129.032,93.842
121.595,-123.167,52.786
121.60000000000001,-117.302,11.73
121.605,-111.437,-23.46
121.61,-105.572,-58.651
121.61500000000001,-105.572,-99.707
121.62,-93.842,-129.032
121.625,-87.977,-152.493
121.63,-87.977,-140.762
121.635,-87.977,-99.707
121.64,-87.977,-23.46
121.645,-93.842,23.46
121.65,-99.707,5.865
121.655,-99.707,-35.191
121.66,-99.707,-82.111
121.665,-93.842,-146.628
121.67,-87.977,-199.413
121.675,-82.111,-222.874
121.68,-82.111,-205.279
121.685,-76.246,-170.088
121.69,-76.246,-146.628
121.69500000000001,-70.381,-140.762
121.7,-64.516,-152.493
121.705,-64.516,-170.088
121.71000000000001,-58.651,-187.683
121.715,-46.921,-187.683
121.72,-35.191,-187.683
121.72500000000001,-29.326,-175.953
121.73,-23.46,-170.088
121.735,-17.595,-164.223
121.74000000000001,-5.865,-164.223
121.745,-0.0,-170.088
121.75,5.865,-170.088
121.755,17.595,-164.223
121.76,23.46,-152.493
121.765,29.326,-146.628
121.77,35.191,-134.897
121.775,46.921,-123.167
121.78,52.786,-117.302
121.785,64.516,-117.302
121.79,70.381,-117.302
121.795,82.111,-111.437
121.8,87.977,-111.437
121.805,99.707,-105.572
121.81,105.572,-105.572
121.815,117.302,-105.572
121.82000000000001,123.167,-99.707
121.825,129.032,-93.842
121.83,140.762,-87.977
121.83500000000001,146.628,-87.977
121.84,152.493,-82.111
121.845,158.358,-82.111
121.85000000000001,170.088,-76.246
121.855,175.953,-76.246
121.86,181.818,-70.381
121.86500000000001,187.683,-64.516
121.87,193.548,-64.516
121.875,199.413,-64.516
121.88,205.279,-58.651
121.885,211.144,-58.651
121.89,211.144,-52.786
121.895,217.009,-52.786
121.9,217.009,-46.921
121.905,222.874,-46.921
121.91,228.739,-46.921
121.915,234.604,-46.921
121.92,234.604,-46.921
121.925,240.469,-46.921
121.93,240.469,-46.921
121.935,246.334,-46.921
121.94,246.334,-46.921
121.94500000000001,252.199,-46.921
121.95,258.064,-46.921
121.955,258.064,-46.921
121.96000000000001,263.93,-46.921
121.965,263.93,-46.921
121.97,269.795,-46.921
121.97500000000001,269.795,-46.921
121.98,275.66,-46.921
121.985,275.66,-46.921
121.99000000000001,275.66,-46.921
121.995,275.66,-46.921
122.0,275.66,-46.921
122.005,275.66,-46.921
122.01,275.66,-46.921
122.015,275.66,-46.921
122.02,269.795,-46.921
122.025,269.795,-46.921
122.03,263.93,-46.921
122.035,258.064,-52.786
122.04,252.199,-52.786
122.045,246.334,-52.786
122.05,240.469,-52.786
122.055,228.739,-52.786
122.06,217.009,-52.786
122.065,199.413,-52.786
122.07000000000001,181.818,-52.786
122.075,170.088,-52.786
122.08,152.493,-52.786
122.08500000000001,134.897,-52.786
122.09,117.302,-52.786
122.095,93.842,-58.651
122.10000000000001,70.381,-58.651
122.105,41.056,-58.651
122.11,11.73,-58.651
122.11500000000001,-17.595,-58.651
122.12,-46.921,-58.651
122.125,-70.381,-64.516
122.13,-93.842,-64.516
122.135,-117.302,-64.516
122.14,-117.302,-64.516
122.145,-87.977,-64.516
122.15,-58.651,-70.381
122.155,-52.786,-70.381
122.16,-70.381,-70.381
122.165,-93.842,-70.381
122.17,-111.437,-76.246
122.175,-129.032,-76.246
122.18,-146.628,-76.246
122.185,-146.628,-82.111
122.19,-134.897,-82.111
122.19500000000001,-129.032,-82.111
122.2,-140.762,-87.977
122.205,-140.762,-93.842
122.21000000000001,-134.897,-93.842
122.215,-134.897,-99.707
122.22,-129.032,-99.707
122.22500000000001,-123.167,-105.572
122.23,-123.167,-111.437
122.235,-117.302,-111.437
122.24000000000001,-117.302,-117.302
122.245,-105.572,-123.167
122.25,-99.707,-123.167
122.255,-93.842,-129.032
122.26,-93.842,-140.762
122.265,-93.842,-146.628
122.27,-87.977,-152.493
122.275,-87.977,-158.358
122.28,-82.111,-164.223
122.285,-82.111,-170.088
122.29,-76.246,-175.953
122.295,-76.246,-175.953
122.3,-70.381,-175.953
122.305,-70.381,-175.953
122.31,-70.381,-175.953
122.315,-64.516,-175.953
122.32000000000001,-64.516,-170.088
122.325,-64.516,-170.088
122.33,-64.516,-170.088
122.33500000000001,-64.516,-170.088
122.34,-58.651,-170.088
122.345,-58.651,-164.223
122.35000000000001,-58.651,-152.493
122.355,-58.651,-134.897
122.36,-58.651,-123.167
122.36500000000001,-58.651,-105.572
122.37,-58.651,-93.842
122.375,-58.651,-87.977
122.38,-58.651,-93.842
122.385,-58.651,-99.707
122.39,-58.651,-82.111
122.395,-58.651,-58.651
122.4,-58.651,-41.056
122.405,-64.516,-23.46
122.41,-64.516,5.865
122.415,-64.516,17.595
122.42,-70.381,41.056
122.425,-70.381,70.381
122.43,-70.381,105.572
122.435,-70.381,123.167
122.44,-76.246,129.032
122.44500000000001,-76.246,134.897
122.45,-76.246,140.762
122.455,-76.246,146.628
122.46000000000001,-76.246,158.358
122.465,-76.246,170.088
122.47,-76.246,187.683
122.47500000000001,-76.246,199.413
122.48,-70.381,222.874
122.485,-70.381,228.739
122.49000000000001,-70.381,246.334
122.495,-64.516,258.064
122.5,-64.516,275.66
122.505,-64.516,287.39
122.51,-64.516,299.12
122.515,-64.516,310.85
122.52,-64.516,316.715
122.525,-64.516,322.581
122.53,-70.381,334.311
122.535,-70.381,340.176
122.54,-70.381,346.041
122.545,-76.246,357.771
122.55,-76.246,357.771
122.555,-82.111,369.501
122.56,-82.111,369.501
122.565,-87.977,375.366
122.57000000000001,-87.977,381.232
122.575,-87.977,381.232
122.58,-93.842,387.097
122.58500000000001,-93.842,387.097
122.59,-93.842,387.097
122.595,-93.842,387.097
122.60000000000001,-93.842,387.097
122.605,-93.842,387.097
122.61,-93.842,381.232
122.61500000000001,-93.842,381.232
122.62,-93.842,369.501
122.625,-93.842,363.636
122.63,-93.842,357.771
122.635,-93.842,340.176
122.64,-93.842,328.446
122.645,-93.842,310.85
122.65,-99.707,293.255
122.655,-105.572,263.93
122.66,-111.437,234.604
122.665,-111.437,211.144
122.67,-123.167,187.683
122.675,-129.032,170.088
122.68,-129.032,146.628
122.685,-134.897,123.167
122.69,-140.762,93.842
122.69500000000001,-140.762,64.516
122.7,-146.628,35.191
122.705,-146.628,0.0
122.71000000000001,-146.628,-35.191
122.715,-146.628,-70.381
122.72,-146.628,-99.707
122.72500000000001,-140.762,-129.032
122.73,-134.897,-140.762
122.735,-129.032,-123.167
122.74000000000001,-123.167,-76.246
122.745,-111.437,-29.326
122.75,-99.707,-23.46
122.755,-93.842,-58.651
122.76,-87.977,-93.842
122.765,-87.977,-140.762
122.77,-87.977,-187.683
122.775,-93.842,-211.144
122.78,-87.977,-199.413
122.785,-82.111,-175.953
122.79,-76.246,-152.493
122.795,-70.381,-140.762
122.8,-70.381,-146.628
122.805,-70.381,-152.493
122.81,-70.381,-152.493
122.815,-70.381,-146.628
122.82000000000001,-64.516,-129.032
122.825,-52.786,-123.167
122.83,-46.921,-111.437
122.83500000000001,-35.191,-111.437
122.84,-23.46,-117.302
122.845,-17.595,-123.167
122.85000000000001,-11.73,-123.167
122.855,5.865,-117.302
122.86,35.191,-117.302
122.86500000000001,52.786,-117.302
122.87,58.651,-117.302
122.875,64.516,-111.437
122.88,70.381,-105.572
122.885,76.246,-99.707
122.89,82.111,-99.707
122.895,93.842,-93.842
122.9,105.572,-93.842
122.905,123.167,-87.977
122.91,134.897,-87.977
122.915,152.493,-87.977
122.92,164.223,-87.977
122.925,175.953,-87.977
122.93,187.683,-87.977
122.935,193.548,-87.977
122.94,205.279,-82.111
122.94500000000001,217.009,-82.111
122.95,222.874,-76.246
122.955,228.739,-76.246
122.96000000000001,240.469,-70.381
122.965,246.334,-70.381
122.97,252.199,-70.381
122.97500000000001,258.064,-70.381
122.98,263.93,-64.516
122.985,275.66,-64.516
122.99000000000001,281.525,-64.516
122.995,281.525,-64.516
123.0,287.39,-58.651
123.00500000000001,293.255,-58.651
123.01,293.255,-58.651
123.015,293.255,-64.516
123.02,299.12,-64.516
123.025,299.12,-64.516
123.03,304.985,-64.516
123.035,304.985,-64.516
123.04,304.985,-64.516
123.045,304.985,-64.516
123.05,310.85,-58.651
123.055,304.985,-64.516
123.06,304.985,-58.651
123.065,304.985,-64.516
123.07000000000001,304.985,-64.516
123.075,299.12,-58.651
123.08,299.12,-58.651
123.08500000000001,293.255,-58.651
123.09,293.255,-58.651
123.095,281.525,-58.651
123.10000000000001,281.525,-58.651
123.105,269.795,-58.651
123.11,263.93,-58.651
123.11500000000001,252.199,-58.651
123.12,240.469,-58.651
123.125,228.739,-58.651
123.13000000000001,211.144,-58.651
123.135,199.413,-58.651
123.14,181.818,-58.651
123.145,158.358,-64.516
123.15,140.762,-64.516
123.155,117.302,-58.651
123.16,93.842,-58.651
123.165,70.381,-64.516
123.17,46.921,-64.516
123.175,23.46,-64.516
123.18,-5.865,-64.516
123.185,-29.326,-64.516
123.19,-46.921,-64.516
123.19500000000001,-64.516,-64.516
123.2,-76.246,-64.516
123.205,-87.977,-64.516
123.21000000000001,-93.842,-64.516
123.215,-105.572,-64.516
123.22,-117.302,-64.516
123.22500000000001,-123.167,-64.516
123.23,-117.302,-64.516
123.235,-87.977,-64.516
123.24000000000001,-52.786,-64.516
123.245,-41.056,-70.381
123.25,-58.651,-64.516
123.25500000000001,-93.842,-70.381
123.26,-123.167,-70.381
123.265,-140.762,-70.381
123.27,-158.358,-70.381
123.275,-164.223,-70.381
123.28,-164.223,-70.381
123.285,-134.897,-70.381
123.29,-117.302,-70.381
123.295,-129.032,-70.381
123.3,-146.628,-76.246
123.305,-152.493,-76.246
123.31,-152.493,-82.111
123.315,-140.762,-82.111
123.32000000000001,-129.032,-87.977
123.325,-117.302,-87.977
123.33,-111.437,-93.842
123.33500000000001,-105.572,-99.707
123.34,-99.707,-99.707
123.345,-93.842,-105.572
123.35000000000001,-87.977,-105.572
123.355,-76.246,-111.437
123.36,-76.246,-117.302
123.36500000000001,-70.381,-117.302
123.37,-70.381,-123.167
123.375,-64.516,-123.167
123.38000000000001,-64.516,-129.032
123.385,-64.516,-129.032
123.39,-58.651,-134.897
123.395,-58.651,-134.897
123.4,-58.651,-140.762
123.405,-58.651,-140.762
123.41,-58.651,-146.628
123.415,-58.651,-152.493
123.42,-58.651,-152.493
123.425,-58.651,-152.493
123.43,-58.651,-152.493
123.435,-58.651,-152.493
123.44,-64.516,-158.358
123.44500000000001,-64.516,-158.358
123.45,-64.516,-164.223
123.455,-58.651,-158.358
123.46000000000001,-58.651,-152.493
123.465,-58.651,-134.897
123.47,-58.651,-123.167
123.47500000000001,-58.651,-111.437
123.48,-58.651,-105.572
123.485,-58.651,-105.572
123.49000000000001,-58.651,-111.437
123.495,-58.651,-111.437
123.5,-58.651,-99.707
123.50500000000001,-58.651,-82.111
123.51,-64.516,-58.651
123.515,-64.516,-52.786
123.52,-64.516,-23.46
123.525,-64.516,0.0
123.53,-70.381,17.595
123.535,-70.381,41.056
123.54,-70.381,76.246
123.545,-70.381,105.572
123.55,-70.381,123.167
123.555,-70.381,134.897
123.56,-70.381,140.762
123.565,-70.381,146.628
123.57000000000001,-70.381,152.493
123.575,-70.381,164.223
123.58,-70.381,175.953
123.58500000000001,-70.381,193.548
123.59,-70.381,211.144
123.595,-70.381,228.739
123.60000000000001,-70.381,240.469
123.605,-64.516,258.064
123.61,-64.516,269.795
123.61500000000001,-64.516,287.39
123.62,-64.516,299.12
123.625,-64.516,310.85
123.63000000000001,-70.381,322.581
123.635,-70.381,334.311
123.64,-70.381,346.041
123.645,-70.381,351.906
123.65,-70.381,363.636
123.655,-76.246,369.501
123.66,-76.246,375.366
123.665,-76.246,381.232
123.67,-82.111,387.097
123.675,-82.111,392.962
123.68,-82.111,398.827
123.685,-87.977,398.827
123.69,-87.977,404.692
123.69500000000001,-87.977,404.692
123.7,-87.977,410.557
123.705,-87.977,410.557
123.71000000000001,-93.842,410.557
123.715,-93.842,404.692
123.72,-99.707,404.692
123.72500000000001,-99.707,398.827
123.73,-105.572,387.097
123.735,-105.572,381.232
123.74000000000001,-105.572,363.636
123.745,-111.437,351.906
123.75,-117.302,334.311
123.75500000000001,-123.167,316.715
123.76,-123.167,287.39
123.765,-129.032,258.064
123.77,-134.897,228.739
123.775,-134.897,205.279
123.78,-140.762,181.818
123.785,-140.762,152.493
123.79,-140.762,129.032
123.795,-140.762,99.707
123.8,-140.762,58.651
123.805,-140.762,23.46
123.81,-140.762,-17.595
123.815,-134.897,-52.786
123.82000000000001,-134.897,-93.842
123.825,-129.032,-129.032
123.83,-117.302,-146.628
123.83500000000001,-111.437,-134.897
123.84,-99.707,-82.111
123.845,-93.842,-11.73
123.85000000000001,-82.111,5.865
123.855,-82.111,-23.46
123.86,-82.111,-64.516
123.86500000000001,-82.111,-111.437
123.87,-87.977,-164.223
123.875,-93.842,-199.413
123.88000000000001,-93.842,-205.279
123.885,-87.977,-181.818
123.89,-87.977,-152.493
123.895,-82.111,-134.897
123.9,-76.246,-140.762
123.905,-70.381,-152.493
123.91,-58.651,-152.493
123.915,-52.786,-146.628
123.92,-41.056,-134.897
123.925,-23.46,-129.032
123.93,-11.73,-117.302
123.935,-5.865,-117.302
123.94,-0.0,-123.167
123.94500000000001,17.595,-123.167
123.95,35.191,-123.167
123.955,46.921,-117.302
123.96000000000001,52.786,-111.437
123.965,58.651,-111.437
123.97,64.516,-105.572
123.97500000000001,76.246,-105.572
123.98,82.111,-99.707
123.985,87.977,-93.842
123.99000000000001,99.707,-87.977
123.995,111.437,-82.111
124.0,123.167,-82.111
124.00500000000001,134.897,-76.246
124.01,152.493,-76.246
124.015,164.223,-76.246
124.02,170.088,-76.246
124.025,181.818,-76.246
124.03,187.683,-70.381
124.035,199.413,-70.381
124.04,205.279,-64.516
124.045,211.144,-64.516
124.05,222.874,-64.516
124.055,228.739,-58.651
124.06,234.604,-58.651
124.065,240.469,-52.786
124.07000000000001,246.334,-52.786
124.075,252.199,-52.786
124.08,258.064,-52.786
124.08500000000001,258.064,-52.786
124.09,263.93,-52.786
124.095,269.795,-52.786
124.10000000000001,269.795,-46.921
124.105,275.66,-46.921
124.11,281.525,-46.921
124.11500000000001,281.525,-46.921
124.12,281.525,-46.921
124.125,281.525,-46.921
124.13000000000001,281.525,-46.921
124.135,287.39,-46.921
124.14,287.39,-52.786
124.145,287.39,-52.786
124.15,287.39,-52.786
124.155,281.525,-52.786
124.16,281.525,-52.786
124.165,281.525,-52.786
124.17,281.525,-58.651
124.175,281.525,-58.651
124.18,275.66,-58.651
124.185,269.795,-58.651
124.19,269.795,-58.651
124.19500000000001,263.93,-58.651
124.2,258.064,-58.651
124.205,252.199,-58.651
124.21000000000001,246.334,-58.651
124.215,240.469,-64.516
124.22,234.604,-64.516
124.22500000000001,222.874,-64.516
124.23,211.144,-64.516
124.235,199.413,-64.516
124.24000000000001,181.818,-64.516
124.245,164.223,-64.516
124.25,146.628,-70.381
124.25500000000001,123.167,-70.381
124.26,99.707,-70.381
124.265,76.246,-70.381
124.27,46.921,-70.381
124.275,23.46,-70.381
124.28,-5.865,-70.381
124.285,-23.46,-70.381
124.29,-46.921,-76.246
124.295,-64.516,-76.246
124.3,-76.246,-76.246
124.305,-87.977,-70.381
124.31,-99.707,-70.381
124.315,-111.437,-76.246
124.32000000000001,-123.167,-76.246
124.325,-134.897,-76.246
124.33,-123.167,-70.381
124.33500000000001,-87.977,-76.246
124.34,-46.921,-76.246
124.345,-35.191,-70.381
124.35000000000001,-64.516,-76.246
124.355,-99.707,-70.381
124.36,-129.032,-70.381
124.36500000000001,-146.628,-70.381
124.37,-164.223,-70.381
124.375,-170.088,-70.381
124.38000000000001,-164.223,-70.381
124.385,-140.762,-70.381
124.39,-117.302,-76.246
124.395,-123.167,-76.246
124.4,-140.762,-76.246
124.405,-152.493,-82.111
124.41,-152.493,-82.111
124.415,-140.762,-87.977
124.42,-123.167,-93.842
124.425,-117.302,-99.707
124.43,-111.437,-105.572
124.435,-105.572,-111.437
124.44,-105.572,-117.302
124.44500000000001,-93.842,-123.167
124.45,-87.977,-129.032
124.455,-82.111,-134.897
124.46000000000001,-76.246,-140.762
124.465,-70.381,-146.628
124.47,-70.381,-152.493
124.47500000000001,-70.381,-152.493
124.48,-70.381,-158.358
124.485,-70.381,-164.223
124.49000000000001,-70.381,-164.223
124.495,-70.381,-164.223
124.5,-70.381,-164.223
124.50500000000001,-70.381,-164.223
124.51,-70.381,-164.223
124.515,-70.381,-164.223
124.52,-70.381,-158.358
124.525,-76.246,-152.493
124.53,-76.246,-152.493
124.535,-76.246,-146.628
124.54,-76.246,-146.628
124.545,-76.246,-146.628
124.55,-70.381,-152.493
124.555,-76.246,-152.493
124.56,-76.246,-146.628
124.565,-76.246,-134.897
124.57000000000001,-76.246,-123.167
124.575,-76.246,-117.302
124.58,-76.246,-111.437
124.58500000000001,-76.246,-117.302
124.59,-76.246,-123.167
124.595,-76.246,-123.167
124.60000000000001,-76.246,-111.437
124.605,-76.246,-87.977
124.61,-76.246,-64.516
124.61500000000001,-76.246,-58.651
124.62,-76.246,-41.056
124.625,-76.246,-17.595
124.63000000000001,-76.246,5.865
124.635,-76.246,35.191
124.64,-76.246,58.651
124.645,-76.246,82.111
124.65,-70.381,93.842
124.655,-76.246,105.572
124.66,-76.246,111.437
124.665,-70.381,117.302
124.67,-70.381,129.032
124.675,-70.381,146.628
124.68,-70.381,164.223
124.685,-76.246,187.683
124.69,-76.246,205.279
124.69500000000001,-76.246,217.009
124.7,-76.246,234.604
124.705,-76.246,246.334
124.71000000000001,-76.246,263.93
124.715,-76.246,275.66
124.72,-76.246,293.255
124.72500000000001,-76.246,304.985
124.73,-76.246,316.715
124.735,-76.246,328.446
124.74000000000001,-76.246,334.311
124.745,-76.246,346.041
124.75,-76.246,357.771
124.75500000000001,-76.246,369.501
124.76,-82.111,375.366
124.765,-82.111,387.097
124.77,-82.111,392.962
124.775,-82.111,398.827
124.78,-87.977,404.692
124.785,-87.977,410.557
124.79,-87.977,410.557
124.795,-87.977,416.422
124.8,-93.842,422.287
124.805,-93.842,422.287
124.81,-99.707,422.287
124.815,-99.707,422.287
124.82000000000001,-99.707,422.287
124.825,-105.572,428.152
124.83,-111.437,422.287
124.83500000000001,-117.302,410.557
124.84,-117.302,398.827
124.845,-123.167,387.097
124.85000000000001,-129.032,369.501
124.855,-129.032,351.906
124.86,-134.897,334.311
124.86500000000001,-134.897,310.85
124.87,-134.897,287.39
124.875,-140.762,263.93
124.88000000000001,-146.628,234.604
124.885,-146.628,211.144
124.89,-152.493,175.953
124.895,-152.493,140.762
124.9,-152.493,105.572
124.905,-146.628,70.381
124.91,-146.628,35.191
124.915,-140.762,-5.865
124.92,-134.897,-41.056
124.925,-129.032,-76.246
124.93,-123.167,-111.437
124.935,-117.302,-140.762
124.94,-111.437,-146.628
124.94500000000001,-105.572,-117.302
124.95,-99.707,-46.921
124.955,-99.707,35.191
124.96000000000001,-99.707,35.191
124.965,-99.707,-23.46
124.97,-93.842,-64.516
124.97500000000001,-87.977,-129.032
124.98,-82.111,-187.683
124.985,-76.246,-217.009
124.99000000000001,-70.381,-211.144
124.995,-64.516,-175.953
125.0,-58.651,-140.762
125.00500000000001,-58.651,-134.897
125.01,-58.651,-152.493
125.015,-58.651,-181.818
125.02,-46.921,-199.413
125.025,-41.056,-205.279
125.03,-35.191,-205.279
125.035,-29.326,-193.548
125.04,-11.73,-175.953
125.045,-5.865,-175.953
125.05,-0.0,-187.683
125.055,5.865,-199.413
125.06,29.326,-181.818
125.065,46.921,-164.223
125.07000000000001,58.651,-152.493
125.075,64.516,-140.762
125.08,70.381,-129.032
125.08500000000001,76.246,-129.032
125.09,82.111,-123.167
125.095,87.977,-117.302
125.10000000000001,93.842,-117.302
125.105,105.572,-111.437
125.11,117.302,-105.572
125.11500000000001,123.167,-99.707
125.12,134.897,-99.707
125.125,152.493,-93.842
125.13000000000001,158.358,-93.842
125.135,170.088,-87.977
125.14,175.953,-87.977
125.145,181.818,-82.111
125.15,187.683,-82.111
125.155,199.413,-76.246
125.16,205.279,-70.381
125.165,211.144,-70.381
125.17,217.009,-64.516
125.175,222.874,-64.516
125.18,228.739,-58.651
125.185,234.604,-52.786
125.19,240.469,-52.786
125.19500000000001,246.334,-46.921
125.2,246.334,-46.921
125.205,252.199,-46.921
125.21000000000001,258.064,-46.921
125.215,258.064,-46.921
125.22,263.93,-46.921
125.22500000000001,263.93,-46.921
125.23,263.93,-46.921
125.235,269.795,-46.921
125.24000000000001,269.795,-46.921
125.245,269.795,-41.056
125.25,269.795,-41.056
125.25500000000001,269.795,-41.056
125.26,269.795,-41.056
125.265,269.795,-41.056
125.27,269.795,-41.056
125.275,269.795,-41.056
125.28,269.795,-35.191
125.285,269.795,-35.191
125.29,263.93,-35.191
125.295,263.93,-35.191
125.3,258.064,-35.191
125.305,258.064,-35.191
125.31,252.199,-35.191
125.315,252.199,-35.191
125.32000000000001,240.469,-35.191
125.325,240.469,-35.191
125.33,234.604,-35.191
125.33500000000001,222.874,-35.191
125.34,217.009,-35.191
125.345,211.144,-35.191
125.35000000000001,199.413,-35.191
125.355,193.548,-35.191
125.36,181.818,-35.191
125.36500000000001,170.088,-35.191
125.37,152.493,-35.191
125.375,140.762,-35.191
125.38000000000001,123.167,-35.191
125.385,105.572,-35.191
125.39,93.842,-35.191
125.395,70.381,-35.191
125.4,52.786,-35.191
125.405,35.191,-41.056
125.41,17.595,-41.056
125.415,-5.865,-41.056
125.42,-23.46,-41.056
125.425,-41.056,-41.056
125.43,-58.651,-41.056
125.435,-70.381,-41.056
125.44,-82.111,-41.056
125.44500000000001,-99.707,-41.056
125.45,-111.437,-46.921
125.455,-111.437,-41.056
125.46000000000001,-82.111,-46.921
125.465,-35.191,-46.921
125.47,-5.865,-46.921
125.47500000000001,-11.73,-46.921
125.48,-41.056,-46.921
125.485,-58.651,-46.921
125.49000000000001,-76.246,-46.921
125.495,-105.572,-46.921
125.5,-134.897,-46.921
125.50500000000001,-146.628,-52.786
125.51,-129.032,-52.786
125.515,-111.437,-52.786
125.52,-105.572,-52.786
125.525,-111.437,-58.651
125.53,-129.032,-58.651
125.535,-134.897,-64.516
125.54,-134.897,-64.516
125.545,-123.167,-70.381
125.55,-117.302,-70.381
125.555,-105.572,-76.246
125.56,-105.572,-82.111
125.565,-99.707,-82.111
125.57000000000001,-93.842,-87.977
125.575,-87.977,-93.842
125.58,-82.111,-105.572
125.58500000000001,-70.381,-111.437
125.59,-70.381,-117.302
125.595,-64.516,-123.167
125.60000000000001,-64.516,-134.897
125.605,-58.651,-140.762
125.61,-58.651,-146.628
125.61500000000001,-58.651,-152.493
125.62,-52.786,-158.358
125.625,-52.786,-164.223
125.63000000000001,-52.786,-170.088
125.635,-52.786,-175.953
125.64,-52.786,-175.953
125.645,-52.786,-181.818
125.65,-58.651,-181.818
125.655,-58.651,-181.818
125.66,-58.651,-181.818
125.665,-58.651,-181.818
125.67,-58.651,-175.953
125.675,-58.651,-175.953
125.68,-52.786,-170.088
125.685,-52.786,-170.088
125.69,-58.651,-170.088
125.69500000000001,-52.786,-164.223
125.7,-52.786,-158.358
125.705,-52.786,-152.493
125.71000000000001,-52.786,-140.762
125.715,-52.786,-123.167
125.72,-52.786,-111.437
125.72500000000001,-52.786,-99.707
125.73,-52.786,-93.842
125.735,-52.786,-93.842
125.74000000000001,-52.786,-93.842
125.745,-52.786,-82.111
125.75,-52.786,-70.381
125.75500000000001,-52.786,-52.786
125.76,-52.786,-29.326
125.765,-52.786,-5.865
125.77,-52.786,5.865
125.775,-58.651,29.326
125.78,-58.651,58.651
125.785,-58.651,87.977
125.79,-58.651,105.572
125.795,-58.651,117.302
125.8,-58.651,123.167
125.805,-58.651,129.032
125.81,-58.651,140.762
125.815,-58.651,152.493
125.82000000000001,-58.651,164.223
125.825,-58.651,181.818
125.83,-58.651,199.413
125.83500000000001,-58.651,217.009
125.84,-58.651,228.739
125.845,-64.516,240.469
125.85000000000001,-58.651,252.199
125.855,-64.516,269.795
125.86,-64.516,281.525
125.86500000000001,-64.516,293.255
125.87,-64.516,304.985
125.875,-70.381,316.715
125.88000000000001,-70.381,322.581
125.885,-70.381,334.311
125.89,-70.381,340.176
125.895,-70.381,351.906
125.9,-70.381,357.771
125.905,-70.381,363.636
125.91,-76.246,369.501
125.915,-76.246,375.366
125.92,-76.246,381.232
125.925,-76.246,381.232
125.93,-76.246,387.097
125.935,-82.111,387.097
125.94,-82.111,392.962
125.94500000000001,-82.111,392.962
125.95,-82.111,398.827
125.955,-87.977,392.962
125.96000000000001,-87.977,392.962
125.965,-87.977,392.962
125.97,-87.977,387.097
125.97500000000001,-93.842,375.366
125.98,-93.842,363.636
125.985,-93.842,346.041
125.99000000000001,-93.842,334.311
125.995,-99.707,316.715
126.0,-105.572,293.255
126.00500000000001,-105.572,269.795
126.01,-111.437,246.334
126.015,-111.437,217.009
126.02,-117.302,193.548
126.025,-117.302,170.088
126.03,-123.167,140.762
126.035,-129.032,117.302
126.04,-134.897,87.977
126.045,-134.897,58.651
126.05,-140.762,29.326
126.055,-140.762,0.0
126.06,-140.762,-35.191
126.065,-140.762,-64.516
126.07000000000001,-140.762,-93.842
126.075,-140.762,-117.302
126.08,-140.762,-129.032
126.08500000000001,-134.897,-140.762
126.09,-134.897,-140.762
126.095,-129.032,-129.032
126.10000000000001,-123.167,-82.111
126.105,-117.302,-11.73
126.11,-105.572,35.191
126.11500000000001,-99.707,29.326
126.12,-93.842,-11.73
126.125,-93.842,-64.516
126.13000000000001,-99.707,-123.167
126.135,-105.572,-164.223
126.14,-99.707,-181.818
126.145,-93.842,-181.818
126.15,-93.842,-152.493
126.155,-87.977,-123.167
126.16,-87.977,-111.437
126.165,-87.977,-123.167
126.17,-87.977,-134.897
126.175,-87.977,-146.628
126.18,-87.977,-146.628
126.185,-82.111,-140.762
126.19,-70.381,-140.762
126.19500000000001,-64.516,-134.897
126.2,-58.651,-140.762
126.205,-46.921,-146.628
126.21000000000001,-35.191,-146.628
126.215,-23.46,-146.628
126.22,-11.73,-140.762
126.22500000000001,-0.0,-134.897
126.23,17.595,-129.032
126.235,35.191,-117.302
126.24000000000001,46.921,-111.437
126.245,58.651,-105.572
126.25,64.516,-99.707
126.25500000000001,70.381,-93.842
126.26,76.246,-93.842
126.265,82.111,-93.842
126.27,93.842,-93.842
126.275,105.572,-93.842
126.28,117.302,-93.842
126.285,129.032,-93.842
126.29,140.762,-87.977
126.295,152.493,-87.977
126.3,164.223,-82.111
126.305,170.088,-82.111
126.31,181.818,-76.246
126.315,187.683,-76.246
126.32000000000001,193.548,-70.381
126.325,205.279,-70.381
126.33,211.144,-64.516
126.33500000000001,217.009,-58.651
126.34,222.874,-58.651
126.345,228.739,-52.786
126.35000000000001,234.604,-52.786
126.355,240.469,-46.921
126.36,246.334,-46.921
126.36500000000001,252.199,-46.921
126.37,258.064,-46.921
126.375,263.93,-46.921
126.38000000000001,263.93,-46.921
126.385,269.795,-46.921
126.39,269.795,-46.921
126.395,275.66,-46.921
126.4,275.66,-46.921
126.405,281.525,-46.921
126.41,281.525,-41.056
126.415,281.525,-46.921
126.42,281.525,-41.056
126.425,281.525,-41.056
126.43,287.39,-41.056
126.435,287.39,-41.056
126.44,287.39,-41.056
126.44500000000001,287.39,-41.056
126.45,287.39,-41.056
126.455,287.39,-41.056
126.46000000000001,281.525,-41.056
126.465,281.525,-41.056
126.47,281.525,-41.056
126.47500000000001,275.66,-41.056
126.48,275.66,-41.056
126.485,269.795,-41.056
126.49000000000001,263.93,-41.056
126.495,258.064,-41.056
126.5,246.334,-41.056
126.50500000000001,240.469,-41.056
126.51,234.604,-46.921
126.515,222.874,-46.921
126.52,205.279,-46.921
126.525,193.548,-46.921
126.53,175.953,-41.056
126.535,164.223,-46.921
126.54,146.628,-46.921
126.545,123.167,-46.921
126.55,105.572,-46.921
126.555,82.111,-46.921
126.56,58.651,-46.921
126.565,29.326,-46.921
126.57000000000001,5.865,-46.921
126.575,-17.595,-46.921
126.58,-35.191,-46.921
126.58500000000001,-52.786,-46.921
126.59,-76.246,-46.921
126.595,-99.707,-52.786
126.60000000000001,-123.167,-52.786
126.605,-129.032,-52.786
126.61,-111.437,-52.786
126.61500000000001,-70.381,-58.651
126.62,-41.056,-58.651
126.625,-58.651,-58.651
126.63000000000001,-99.707,-58.651
126.635,-123.167,-58.651
126.64,-134.897,-58.651
126.645,-158.358,-58.651
126.65,-175.953,-64.516
126.655,-181.818,-64.516
126.66,-146.628,-64.516
126.665,-123.167,-70.381
126.67,-134.897,-70.381
126.675,-152.493,-76.246
126.68,-164.223,-76.246
126.685,-170.088,-76.246
126.69,-158.358,-82.111
126.69500000000001,-146.628,-87.977
126.7,-140.762,-87.977
126.705,-134.897,-93.842
126.71000000000001,-129.032,-99.707
126.715,-117.302,-105.572
126.72,-105.572,-111.437
126.72500000000001,-99.707,-117.302
126.73,-87.977,-123.167
126.735,-82.111,-129.032
126.74000000000001,-82.111,-140.762
126.745,-76.246,-140.762
126.75,-70.381,-146.628
126.75500000000001,-70.381,-152.493
126.76,-70.381,-152.493
126.765,-70.381,-158.358
126.77,-70.381,-158.358
126.775,-70.381,-164.223
126.78,-70.381,-164.223
126.785,-70.381,-170.088
126.79,-76.246,-170.088
126.795,-76.246,-170.088
126.8,-76.246,-175.953
126.805,-76.246,-175.953
126.81,-76.246,-175.953
126.815,-70.381,-175.953
126.82000000000001,-76.246,-175.953
126.825,-76.246,-170.088
126.83,-70.381,-175.953
126.83500000000001,-70.381,-175.953
126.84,-70.381,-175.953
126.845,-70.381,-170.088
126.85000000000001,-70.381,-164.223
126.855,-70.381,-152.493
126.86,-70.381,-140.762
126.86500000000001,-70.381,-134.897
126.87,-70.381,-140.762
126.875,-76.246,-146.628
126.88000000000001,-76.246,-140.762
126.885,-76.246,-129.032
126.89,-76.246,-111.437
126.895,-76.246,-87.977
126.9,-76.246,-70.381
126.905,-76.246,-46.921
126.91,-76.246,-23.46
126.915,-76.246,0.0
126.92,-76.246,23.46
126.925,-70.381,52.786
126.93,-70.381,76.246
126.935,-70.381,93.842
126.94,-70.381,111.437
126.94500000000001,-64.516,123.167
126.95,-64.516,129.032
126.955,-64.516,140.762
126.96000000000001,-64.516,152.493
126.965,-64.516,170.088
126.97,-70.381,181.818
126.97500000000001,-70.381,199.413
126.98,-64.516,217.009
126.985,-64.516,234.604
126.99000000000001,-70.381,246.334
126.995,-70.381,263.93
127.0,-70.381,281.525
127.00500000000001,-70.381,299.12
127.01,-70.381,310.85
127.015,-70.381,328.446
127.02,-70.381,340.176
127.025,-76.246,351.906
127.03,-76.246,357.771
127.035,-76.246,369.501
127.04,-82.111,381.232
127.045,-82.111,387.097
127.05,-82.111,398.827
127.055,-87.977,404.692
127.06,-87.977,410.557
127.065,-93.842,416.422
127.07000000000001,-93.842,416.422
127.075,-99.707,428.152
127.08,-105.572,428.152
127.08500000000001,-105.572,434.017
127.09,-111.437,434.017
127.095,-111.437,439.883
127.10000000000001,-117.302,439.883
127.105,-117.302,439.883
127.11,-123.167,434.017
127.11500000000001,-123.167,428.152
127.12,-123.167,416.422
127.125,-129.032,410.557
127.13000000000001,-129.032,392.962
127.135,-129.032,381.232
127.14,-134.897,357.771
127.145,-134.897,334.311
127.15,-134.897,310.85
127.155,-134.897,281.525
127.16,-134.897,252.199
127.165,-134.897,222.874
127.17,-134.897,193.548
127.175,-134.897,158.358
127.18,-134.897,123.167
127.185,-134.897,87.977
127.19,-134.897,46.921
127.19500000000001,-129.032,0.0
127.2,-123.167,-41.056
127.205,-117.302,-82.111
127.21000000000001,-111.437,-117.302
127.215,-105.572,-140.762
127.22,-99.707,-152.493
127.22500000000001,-99.707,-152.493
127.23,-93.842,-123.167
127.235,-99.707,-58.651
127.24000000000001,-93.842,29.326
127.245,-93.842,58.651
127.25,-87.977,17.595
127.25500000000001,-76.246,-23.46
127.26,-76.246,-87.977
127.265,-70.381,-158.358
127.27,-76.246,-211.144
127.275,-76.246,-228.739
127.28,-82.111,-187.683
127.285,-76.246,-152.493
127.29,-76.246,-129.032
127.295,-64.516,-129.032
127.3,-52.786,-152.493
127.305,-52.786,-175.953
127.31,-46.921,-187.683
127.315,-23.46,-193.548
127.32000000000001,-5.865,-187.683
127.325,-11.73,-175.953
127.33,-11.73,-170.088
127.33500000000001,5.865,-164.223
127.34,29.326,-164.223
127.345,41.056,-164.223
127.35000000000001,52.786,-158.358
127.355,58.651,-158.358
127.36,64.516,-152.493
127.36500000000001,70.381,-146.628
127.37,76.246,-140.762
127.375,87.977,-134.897
127.38000000000001,99.707,-129.032
127.385,111.437,-123.167
127.39,129.032,-117.302
127.395,140.762,-111.437
127.4,152.493,-105.572
127.405,158.358,-99.707
127.41,170.088,-99.707
127.415,175.953,-99.707
127.42,181.818,-93.842
127.425,193.548,-93.842
127.43,199.413,-87.977
127.435,211.144,-82.111
127.44,217.009,-76.246
127.44500000000001,222.874,-70.381
127.45,228.739,-64.516
127.455,234.604,-64.516
127.46000000000001,234.604,-58.651
127.465,240.469,-58.651
127.47,246.334,-52.786
127.47500000000001,252.199,-52.786
127.48,258.064,-52.786
127.485,263.93,-52.786
127.49000000000001,263.93,-52.786
127.495,269.795,-46.921
127.5,269.795,-52.786
127.50500000000001,269.795,-46.921
127.51,269.795,-46.921
127.515,275.66,-46.921
127.52,275.66,-46.921
127.525,275.66,-46.921
127.53,275.66,-46.921
127.535,275.66,-46.921
127.54,281.525,-46.921
127.545,281.525,-46.921
127.55,281.525,-46.921
127.555,281.525,-52.786
127.56,281.525,-52.786
127.565,281.525,-52.786
127.57000000000001,281.525,-52.786
127.575,281.525,-52.786
127.58,281.525,-58.651
127.58500000000001,281.525,-58.651
127.59,281.525,-58.651
127.595,275.66,-58.651
127.60000000000001,275.66,-58.651
127.605,269.795,-58.651
127.61,263.93,-58.651
127.61500000000001,258.064,-64.516
127.62,246.334,-64.516
127.625,240.469,-64.516
127.63000000000001,228.739,-64.516
127.635,217.009,-64.516
127.64,199.413,-64.516
127.645,187.683,-70.381
127.65,170.088,-70.381
127.655,158.358,-70.381
127.66,140.762,-70.381
127.665,117.302,-70.381
127.67,99.707,-70.381
127.675,76.246,-70.381
127.68,52.786,-70.381
127.685,29.326,-70.381
127.69,5.865,-70.381
127.69500000000001,-17.595,-70.381
127.7,-41.056,-70.381
127.705,-58.651,-70.381
127.71000000000001,-70.381,-70.381
127.715,-87.977,-76.246
127.72,-105.572,-76.246
127.72500000000001,-129.032,-76.246
127.73,-129.032,-70.381
127.735,-105.572,-76.246
127.74000000000001,-64.516,-76.246
127.745,-29.326,-76.246
127.75,-35.191,-76.246
127.75500000000001,-70.381,-76.246
127.76,-111.437,-76.246
127.765,-129.032,-76.246
127.77,-146.628,-76.246
127.775,-158.358,-76.246
127.78,-164.223,-76.246
127.785,-152.493,-76.246
127.79,-134.897,-76.246
127.795,-129.032,-76.246
127.8,-129.032,-76.246
127.805,-134.897,-76.246
127.81,-146.628,-82.111
127.815,-152.493,-82.111
127.82000000000001,-152.493,-82.111
127.825,-134.897,-87.977
127.83,-123.167,-87.977
127.83500000000001,-111.437,-93.842
127.84,-105.572,-93.842
127.845,-105.572,-99.707
127.85000000000001,-99.707,-105.572
127.855,-93.842,-105.572
127.86,-87.977,-111.437
127.86500000000001,-82.111,-111.437
127.87,-76.246,-117.302
127.875,-76.246,-117.302
127.88000000000001,-76.246,-123.167
127.885,-70.381,-123.167
127.89,-70.381,-129.032
127.895,-70.381,-129.032
127.9,-64.516,-129.032
127.905,-64.516,-134.897
127.91,-64.516,-140.762
127.915,-64.516,-140.762
127.92,-64.516,-140.762
127.925,-70.381,-146.628
127.93,-70.381,-140.762
127.935,-70.381,-140.762
127.94,-70.381,-140.762
127.94500000000001,-70.381,-140.762
127.95,-70.381,-140.762
127.955,-70.381,-146.628
127.96000000000001,-70.381,-152.493
127.965,-70.381,-152.493
127.97,-70.381,-140.762
127.97500000000001,-76.246,-129.032
127.98,-76.246,-117.302
127.985,-76.246,-105.572
127.99000000000001,-76.246,-99.707
127.995,-76.246,-105.572
128.0,-76.246,-105.572
128.005,-76.246,-105.572
128.01,-76.246,-93.842
128.01500000000001,-76.246,-76.246
128.02,-70.381,-58.651
128.025,-70.381,-46.921
128.03,-76.246,-29.326
128.035,-76.246,-5.865
128.04,-76.246,23.46
128.04500000000002,-76.246,58.651
128.05,-76.246,82.111
128.055,-76.246,99.707
128.06,-76.246,105.572
128.065,-70.381,111.437
128.07,-70.381,117.302
128.075,-70.381,129.032
128.08,-70.381,146.628
128.085,-76.246,164.223
128.09,-76.246,181.818
128.095,-76.246,199.413
128.1,-76.246,217.009
128.105,-76.246,228.739
128.11,-76.246,240.469
128.115,-76.246,258.064
128.12,-70.381,269.795
128.125,-70.381,287.39
128.13,-70.381,299.12
128.135,-70.381,310.85
128.14000000000001,-70.381,322.581
128.145,-70.381,334.311
128.15,-70.381,340.176
128.155,-70.381,351.906
128.16,-70.381,357.771
128.165,-70.381,363.636
128.17000000000002,-70.381,375.366
128.175,-76.246,381.232
128.18,-76.246,387.097
128.185,-76.246,387.097
128.19,-82.111,392.962
128.195,-82.111,392.962
128.2,-82.111,398.827
128.205,-87.977,404.692
128.21,-87.977,410.557
128.215,-93.842,410.557
128.22,-93.842,410.557
128.225,-99.707,416.422
128.23,-99.707,416.422
128.235,-105.572,410.557
128.24,-111.437,404.692
128.245,-111.437,392.962
128.25,-117.302,387.097
128.255,-123.167,369.501
128.26,-123.167,351.906
128.26500000000001,-129.032,334.311
128.27,-134.897,316.715
128.275,-134.897,293.255
128.28,-134.897,263.93
128.285,-140.762,240.469
128.29,-140.762,211.144
128.29500000000002,-146.628,187.683
128.3,-146.628,158.358
128.305,-146.628,129.032
128.31,-146.628,93.842
128.315,-146.628,58.651
128.32,-146.628,17.595
128.325,-146.628,-17.595
128.33,-140.762,-52.786
128.335,-140.762,-82.111
128.34,-134.897,-111.437
128.345,-129.032,-146.628
128.35,-123.167,-158.358
128.355,-117.302,-134.897
128.36,-105.572,-76.246
128.365,-99.707,5.865
128.37,-93.842,23.46
128.375,-99.707,-23.46
128.38,-99.707,-70.381
128.385,-99.707,-123.167
128.39000000000001,-87.977,-187.683
128.395,-82.111,-222.874
128.4,-76.246,-222.874
128.405,-70.381,-199.413
128.41,-64.516,-164.223
128.415,-64.516,-152.493
128.42000000000002,-64.516,-164.223
128.425,-58.651,-181.818
128.43,-52.786,-187.683
128.435,-41.056,-181.818
128.44,-35.191,-164.223
128.445,-23.46,-152.493
128.45,-0.0,-140.762
128.455,5.865,-140.762
128.46,11.73,-146.628
128.465,35.191,-146.628
128.47,58.651,-140.762
128.475,70.381,-134.897
128.48,82.111,-134.897
128.485,87.977,-129.032
128.49,93.842,-129.032
128.495,93.842,-129.032
128.5,105.572,-123.167
128.505,111.437,-111.437
128.51,123.167,-105.572
128.51500000000001,134.897,-99.707
128.52,146.628,-99.707
128.525,164.223,-93.842
128.53,175.953,-93.842
128.535,187.683,-87.977
128.54,193.548,-87.977
128.54500000000002,199.413,-87.977
128.55,205.279,-82.111
128.555,217.009,-82.111
128.56,222.874,-76.246
128.565,228.739,-70.381
128.57,234.604,-70.381
128.575,240.469,-70.381
128.58,246.334,-64.516
128.585,252.199,-64.516
128.59,258.064,-64.516
128.595,258.064,-58.651
128.6,263.93,-58.651
128.605,263.93,-52.786
128.61,269.795,-52.786
128.615,269.795,-52.786
128.62,275.66,-52.786
128.625,275.66,-52.786
128.63,275.66,-52.786
128.635,275.66,-52.786
128.64000000000001,275.66,-46.921
128.645,275.66,-46.921
128.65,281.525,-46.921
128.655,281.525,-46.921
128.66,281.525,-52.786
128.665,281.525,-52.786
128.67000000000002,281.525,-46.921
128.675,281.525,-46.921
128.68,275.66,-52.786
128.685,275.66,-46.921
128.69,269.795,-52.786
128.695,269.795,-52.786
128.7,263.93,-52.786
128.705,263.93,-46.921
128.71,258.064,-52.786
128.715,252.199,-46.921
128.72,246.334,-46.921
128.725,234.604,-52.786
128.73,228.739,-46.921
128.735,217.009,-46.921
128.74,211.144,-52.786
128.745,205.279,-52.786
128.75,193.548,-52.786
128.755,181.818,-52.786
128.76,170.088,-52.786
128.76500000000001,158.358,-52.786
128.77,146.628,-58.651
128.775,129.032,-58.651
128.78,117.302,-58.651
128.785,105.572,-58.651
128.79,87.977,-58.651
128.79500000000002,70.381,-58.651
128.8,52.786,-64.516
128.805,29.326,-64.516
128.81,11.73,-64.516
128.815,-5.865,-64.516
128.82,-23.46,-64.516
128.825,-35.191,-64.516
128.83,-46.921,-64.516
128.835,-64.516,-64.516
128.84,-87.977,-64.516
128.845,-105.572,-70.381
128.85,-117.302,-70.381
128.855,-117.302,-70.381
128.86,-87.977,-70.381
128.865,-58.651,-70.381
128.87,-46.921,-70.381
128.875,-64.516,-70.381
128.88,-93.842,-70.381
128.885,-105.572,-70.381
128.89000000000001,-129.032,-70.381
128.895,-152.493,-70.381
128.9,-164.223,-76.246
128.905,-164.223,-76.246
128.91,-146.628,-76.246
128.915,-123.167,-76.246
128.92000000000002,-129.032,-76.246
128.925,-152.493,-82.111
128.93,-170.088,-82.111
128.935,-170.088,-82.111
128.94,-158.358,-87.977
128.945,-146.628,-87.977
128.95,-134.897,-93.842
128.955,-134.897,-93.842
128.96,-129.032,-99.707
128.965,-123.167,-105.572
128.97,-111.437,-111.437
128.975,-99.707,-117.302
128.98,-93.842,-117.302
128.985,-87.977,-123.167
128.99,-82.111,-129.032
128.995,-76.246,-134.897
129.0,-76.246,-140.762
129.005,-70.381,-146.628
129.01,-70.381,-152.493
129.01500000000001,-70.381,-152.493
129.02,-64.516,-158.358
129.025,-64.516,-158.358
129.03,-64.516,-158.358
129.035,-64.516,-158.358
129.04,-58.651,-164.223
129.04500000000002,-58.651,-164.223
129.05,-58.651,-158.358
129.055,-58.651,-158.358
129.06,-58.651,-158.358
129.065,-58.651,-158.358
129.07,-58.651,-158.358
129.075,-58.651,-152.493
129.08,-58.651,-152.493
129.085,-58.651,-146.628
129.09,-58.651,-134.897
129.095,-58.651,-123.167
129.1,-58.651,-111.437
129.105,-58.651,-105.572
129.11,-58.651,-93.842
129.115,-58.651,-93.842
129.12,-58.651,-93.842
129.125,-58.651,-99.707
129.13,-58.651,-87.977
129.135,-64.516,-70.381
129.14000000000001,-64.516,-52.786
129.145,-64.516,-41.056
129.15,-64.516,-17.595
129.155,-64.516,0.0
129.16,-64.516,17.595
129.165,-64.516,46.921
129.17000000000002,-64.516,70.381
129.175,-64.516,93.842
129.18,-64.516,105.572
129.185,-64.516,117.302
129.19,-64.516,117.302
129.195,-70.381,123.167
129.2,-70.381,134.897
129.205,-70.381,146.628
129.21,-70.381,164.223
129.215,-70.381,175.953
129.22,-64.516,193.548
129.225,-70.381,211.144
129.23,-64.516,222.874
129.235,-64.516,234.604
129.24,-64.516,252.199
129.245,-64.516,263.93
129.25,-64.516,281.525
129.255,-70.381,293.255
129.26,-64.516,304.985
129.26500000000001,-70.381,310.85
129.27,-70.381,322.581
129.275,-70.381,328.446
129.28,-76.246,340.176
129.285,-76.246,346.041
129.29,-76.246,357.771
129.29500000000002,-82.111,363.636
129.3,-82.111,369.501
129.305,-82.111,375.366
129.31,-87.977,381.232
129.315,-87.977,381.232
129.32,-87.977,387.097
129.325,-87.977,392.962
129.33,-87.977,398.827
129.335,-87.977,398.827
129.34,-87.977,404.692
129.345,-87.977,404.692
129.35,-87.977,410.557
129.355,-87.977,410.557
129.36,-87.977,404.692
129.365,-87.977,404.692
129.37,-87.977,398.827
129.375,-87.977,387.097
129.38,-87.977,381.232
129.385,-93.842,363.636
129.39000000000001,-93.842,351.906
129.395,-99.707,334.311
129.4,-105.572,310.85
129.405,-111.437,281.525
129.41,-117.302,258.064
129.415,-123.167,228.739
129.42000000000002,-129.032,199.413
129.425,-134.897,175.953
129.43,-134.897,152.493
129.435,-140.762,117.302
129.44,-140.762,82.111
129.445,-140.762,52.786
129.45,-140.762,11.73
129.455,-140.762,-23.46
129.46,-134.897,-52.786
129.465,-134.897,-87.977
129.47,-134.897,-117.302
129.475,-129.032,-140.762
129.48,-123.167,-134.897
129.485,-123.167,-105.572
129.49,-111.437,-41.056
129.495,-105.572,17.595
129.5,-99.707,17.595
129.505,-87.977,-17.595
129.51,-82.111,-64.516
129.51500000000001,-82.111,-129.032
129.52,-82.111,-181.818
129.525,-82.111,-211.144
129.53,-82.111,-205.279
129.535,-76.246,-175.953
129.54,-70.381,-146.628
129.54500000000002,-64.516,-134.897
129.55,-58.651,-140.762
129.555,-52.786,-152.493
129.56,-52.786,-164.223
129.565,-52.786,-164.223
129.57,-58.651,-158.358
129.575,-64.516,-140.762
129.58,-58.651,-134.897
129.585,-52.786,-129.032
129.59,-46.921,-129.032
129.595,-41.056,-129.032
129.6,-29.326,-129.032
129.605,-11.73,-129.032
129.61,-5.865,-129.032
129.615,-11.73,-123.167
129.62,-5.865,-123.167
129.625,11.73,-117.302
129.63,35.191,-117.302
129.635,52.786,-111.437
129.64000000000001,64.516,-111.437
129.645,64.516,-105.572
129.65,64.516,-99.707
129.655,64.516,-99.707
129.66,70.381,-99.707
129.665,76.246,-99.707
129.67000000000002,82.111,-93.842
129.675,93.842,-93.842
129.68,105.572,-87.977
129.685,111.437,-87.977
129.69,123.167,-87.977
129.695,129.032,-82.111
129.7,140.762,-76.246
129.705,146.628,-76.246
129.71,152.493,-70.381
129.715,164.223,-70.381
129.72,170.088,-64.516
129.725,175.953,-64.516
129.73,181.818,-64.516
129.735,187.683,-58.651
129.74,187.683,-58.651
129.745,193.548,-58.651
129.75,199.413,-52.786
129.755,205.279,-52.786
129.76,211.144,-52.786
129.76500000000001,211.144,-52.786
129.77,217.009,-46.921
129.775,222.874,-46.921
129.78,228.739,-46.921
129.785,234.604,-46.921
129.79,240.469,-46.921
129.79500000000002,240.469,-46.921
129.8,246.334,-46.921
129.805,252.199,-46.921
129.81,258.064,-52.786
129.815,258.064,-52.786
129.82,263.93,-52.786
129.825,269.795,-52.786
129.83,269.795,-52.786
129.835,275.66,-52.786
129.84,281.525,-52.786
129.845,281.525,-52.786
129.85,281.525,-46.921
129.855,281.525,-46.921
129.86,281.525,-46.921
129.865,281.525,-46.921
129.87,281.525,-46.921
129.875,281.525,-46.921
129.88,281.525,-46.921
129.885,281.525,-52.786
129.89000000000001,275.66,-52.786
129.895,275.66,-52.786
129.9,269.795,-52.786
129.905,263.93,-52.786
129.91,258.064,-52.786
129.915,252.199,-52.786
129.92000000000002,240.469,-52.786
129.925,234.604,-52.786
129.93,228.739,-52.786
129.935,211.144,-58.651
129.94,199.413,-58.651
129.945,187.683,-58.651
129.95,170.088,-58.651
129.955,152.493,-64.516
129.96,134.897,-58.651
129.965,117.302,-64.516
129.97,93.842,-64.516
129.975,70.381,-64.516
129.98,46.921,-64.516
129.985,17.595,-70.381
129.99,-5.865,-70.381
129.995,-29.326,-70.381
130.0,-46.921,-70.381
130.005,-64.516,-70.381
130.01,-82.111,-70.381
130.01500000000001,-99.707,-70.381
130.02,-123.167,-70.381
130.025,-123.167,-64.516
130.03,-93.842,-64.516
130.035,-52.786,-64.516
130.04,-23.46,-64.516
130.04500000000002,-35.191,-70.381
130.05,-76.246,-64.516
130.055,-99.707,-64.516
130.06,-117.302,-64.516
130.065,-134.897,-64.516
130.07,-152.493,-70.381
130.075,-158.358,-70.381
130.08,-134.897,-70.381
130.085,-117.302,-70.381
130.09,-117.302,-70.381
130.095,-129.032,-70.381
130.1,-146.628,-76.246
130.105,-152.493,-76.246
130.11,-140.762,-82.111
130.115,-129.032,-87.977
130.12,-123.167,-87.977
130.125,-117.302,-93.842
130.13,-117.302,-99.707
130.135,-111.437,-99.707
130.14000000000001,-105.572,-105.572
130.145,-99.707,-111.437
130.15,-87.977,-117.302
130.155,-82.111,-123.167
130.16,-82.111,-129.032
130.165,-76.246,-134.897
130.17000000000002,-70.381,-134.897
130.175,-70.381,-140.762
130.18,-64.516,-146.628
130.185,-64.516,-146.628
130.19,-64.516,-152.493
130.195,-58.651,-152.493
130.2,-58.651,-152.493
130.205,-58.651,-152.493
130.21,-58.651,-152.493
130.215,-58.651,-152.493
130.22,-58.651,-152.493
130.225,-58.651,-146.628
130.23,-58.651,-146.628
130.235,-58.651,-146.628
130.24,-58.651,-146.628
130.245,-52.786,-146.628
130.25,-52.786,-146.628
130.255,-52.786,-140.762
130.26,-52.786,-129.032
130.26500000000001,-52.786,-117.302
130.27,-52.786,-111.437
130.275,-52.786,-111.437
130.28,-52.786,-111.437
130.285,-52.786,-117.302
130.29,-52.786,-111.437
130.29500000000002,-52.786,-93.842
130.3,-52.786,-76.246
130.305,-52.786,-58.651
130.31,-52.786,-46.921
130.315,-52.786,-17.595
130.32,-52.786,5.865
130.325,-58.651,17.595
130.33,-58.651,35.191
130.335,-58.651,64.516
130.34,-58.651,87.977
130.345,-58.651,105.572
130.35,-64.516,117.302
130.355,-64.516,129.032
130.36,-64.516,134.897
130.365,-64.516,140.762
130.37,-64.516,152.493
130.375,-64.516,164.223
130.38,-64.516,175.953
130.385,-64.516,193.548
130.39000000000001,-64.516,205.279
130.395,-58.651,222.874
130.4,-64.516,234.604
130.405,-64.516,246.334
130.41,-64.516,263.93
130.415,-64.516,275.66
130.42000000000002,-64.516,287.39
130.425,-64.516,299.12
130.43,-64.516,310.85
130.435,-70.381,316.715
130.44,-70.381,328.446
130.445,-76.246,340.176
130.45,-76.246,346.041
130.455,-76.246,351.906
130.46,-76.246,357.771
130.465,-76.246,363.636
130.47,-76.246,369.501
130.475,-82.111,375.366
130.48,-82.111,381.232
130.485,-82.111,381.232
130.49,-82.111,387.097
130.495,-82.111,387.097
130.5,-82.111,387.097
130.505,-82.111,392.962
130.51,-82.111,392.962
130.51500000000001,-82.111,398.827
130.52,-82.111,392.962
130.525,-82.111,387.097
130.53,-82.111,387.097
130.535,-82.111,381.232
130.54,-82.111,375.366
130.54500000000002,-82.111,369.501
130.55,-82.111,357.771
130.555,-82.111,346.041
130.56,-82.111,334.311
130.565,-87.977,316.715
130.57,-87.977,293.255
130.575,-87.977,269.795
130.58,-87.977,240.469
130.585,-93.842,211.144
130.59,-93.842,181.818
130.595,-99.707,158.358
130.6,-105.572,134.897
130.605,-111.437,99.707
130.61,-111.437,64.516
130.615,-111.437,29.326
130.62,-117.302,-11.73
130.625,-117.302,-52.786
130.63,-117.302,-87.977
130.635,-123.167,-117.302
130.64000000000001,-123.167,-146.628
130.645,-123.167,-164.223
130.65,-129.032,-170.088
130.655,-123.167,-170.088
130.66,-123.167,-152.493
130.665,-123.167,-105.572
130.67000000000002,-123.167,-35.191
130.675,-117.302,41.056
130.68,-111.437,52.786
130.685,-111.437,23.46
130.69,-105.572,-11.73
130.695,-99.707,-76.246
130.7,-93.842,-140.762
130.705,-93.842,-187.683
130.71,-99.707,-211.144
130.715,-99.707,-181.818
130.72,-99.707,-134.897
130.725,-93.842,-99.707
130.73,-87.977,-87.977
130.735,-87.977,-99.707
130.74,-82.111,-129.032
130.745,-82.111,-140.762
130.75,-82.111,-152.493
130.755,-82.111,-152.493
130.76,-76.246,-140.762
130.76500000000001,-76.246,-134.897
130.77,-70.381,-123.167
130.775,-64.516,-123.167
130.78,-58.651,-123.167
130.785,-52.786,-129.032
130.79,-46.921,-129.032
130.79500000000002,-35.191,-129.032
130.8,-23.46,-123.167
130.805,-17.595,-117.302
130.81,-11.73,-111.437
130.815,-0.0,-105.572
130.82,17.595,-99.707
130.825,35.191,-93.842
130.83,41.056,-93.842
130.835,52.786,-93.842
130.84,52.786,-93.842
130.845,58.651,-93.842
130.85,64.516,-93.842
130.855,70.381,-87.977
130.86,82.111,-87.977
130.865,87.977,-87.977
130.87,99.707,-82.111
130.875,111.437,-76.246
130.88,123.167,-76.246
130.885,129.032,-76.246
130.89000000000001,140.762,-70.381
130.895,152.493,-70.381
130.9,158.358,-64.516
130.905,170.088,-64.516
130.91,175.953,-64.516
130.915,187.683,-58.651
130.92000000000002,199.413,-58.651
130.925,205.279,-58.651
130.93,211.144,-64.516
130.935,222.874,-58.651
130.94,228.739,-58.651
130.945,234.604,-58.651
130.95,240.469,-52.786
130.955,246.334,-52.786
130.96,252.199,-52.786
130.965,258.064,-52.786
130.97,263.93,-52.786
130.975,269.795,-52.786
130.98,275.66,-52.786
130.985,281.525,-52.786
130.99,287.39,-52.786
130.995,293.255,-52.786
131.0,293.255,-52.786
131.005,293.255,-52.786
131.01,299.12,-52.786
131.01500000000001,299.12,-52.786
131.02,299.12,-52.786
131.025,304.985,-52.786
131.03,304.985,-58.651
131.035,304.985,-52.786
131.04,304.985,-52.786
131.04500000000002,304.985,-58.651
131.05,304.985,-58.651
131.055,304.985,-58.651
131.06,299.12,-58.651
131.065,293.255,-58.651
131.07,293.255,-52.786
131.075,287.39,-58.651
131.08,281.525,-58.651
131.085,269.795,-58.651
131.09,263.93,-58.651
131.095,252.199,-58.651
131.1,240.469,-58.651
131.105,222.874,-58.651
131.11,205.279,-58.651
131.115,187.683,-64.516
131.12,170.088,-64.516
131.125,146.628,-64.516
131.13,123.167,-64.516
131.135,99.707,-64.516
131.14000000000001,76.246,-64.516
131.145,52.786,-64.516
131.15,23.46,-64.516
131.155,-5.865,-64.516
131.16,-35.191,-64.516
131.165,-64.516,-64.516
131.17000000000002,-87.977,-64.516
131.175,-117.302,-64.516
131.18,-134.897,-70.381
131.185,-134.897,-70.381
131.19,-105.572,-70.381
131.195,-76.246,-70.381
131.2,-58.651,-70.381
131.205,-82.111,-70.381
131.21,-111.437,-70.381
131.215,-117.302,-70.381
131.22,-134.897,-70.381
131.225,-158.358,-70.381
131.23,-170.088,-70.381
131.235,-158.358,-70.381
131.24,-134.897,-70.381
131.245,-134.897,-76.246
131.25,-152.493,-76.246
131.255,-152.493,-76.246
131.26,-152.493,-82.111
131.26500000000001,-152.493,-82.111
131.27,-134.897,-87.977
131.275,-129.032,-87.977
131.28,-123.167,-93.842
131.285,-117.302,-93.842
131.29,-111.437,-99.707
131.29500000000002,-99.707,-99.707
131.3,-93.842,-111.437
131.305,-87.977,-117.302
131.31,-82.111,-123.167
131.315,-82.111,-129.032
131.32,-76.246,-134.897
131.325,-70.381,-140.762
131.33,-70.381,-146.628
131.335,-64.516,-152.493
131.34,-64.516,-152.493
131.345,-58.651,-158.358
131.35,-58.651,-158.358
131.355,-58.651,-164.223
131.36,-58.651,-164.223
131.365,-58.651,-170.088
131.37,-58.651,-164.223
131.375,-58.651,-164.223
131.38,-58.651,-164.223
131.385,-58.651,-164.223
131.39000000000001,-58.651,-158.358
131.395,-58.651,-152.493
131.4,-58.651,-158.358
131.405,-58.651,-158.358
131.41,-58.651,-158.358
131.415,-58.651,-152.493
131.42000000000002,-58.651,-146.628
131.425,-58.651,-134.897
131.43,-58.651,-129.032
131.435,-58.651,-117.302
131.44,-58.651,-111.437
131.445,-58.651,-105.572
131.45,-58.651,-111.437
131.455,-58.651,-105.572
131.46,-64.516,-93.842
131.465,-64.516,-76.246
131.47,-64.516,-58.651
131.475,-64.516,-41.056
131.48,-70.381,-11.73
131.485,-70.381,17.595
131.49,-70.381,29.326
131.495,-76.246,35.191
131.5,-76.246,58.651
131.505,-76.246,82.111
131.51,-82.111,99.707
131.51500000000001,-82.111,111.437
131.52,-82.111,123.167
131.525,-82.111,134.897
131.53,-76.246,146.628
131.535,-76.246,152.493
131.54,-76.246,164.223
131.54500000000002,-70.381,175.953
131.55,-70.381,181.818
131.555,-70.381,199.413
131.56,-70.381,211.144
131.565,-70.381,222.874
131.57,-64.516,234.604
131.575,-64.516,246.334
131.58,-64.516,263.93
131.585,-64.516,275.66
131.59,-64.516,287.39
131.595,-64.516,304.985
131.6,-70.381,310.85
131.605,-70.381,322.581
131.61,-70.381,334.311
131.615,-76.246,340.176
131.62,-76.246,351.906
131.625,-76.246,357.771
131.63,-76.246,363.636
131.635,-76.246,369.501
131.64000000000001,-76.246,375.366
131.645,-76.246,381.232
131.65,-76.246,387.097
131.655,-76.246,387.097
131.66,-76.246,392.962
131.665,-76.246,398.827
131.67000000000002,-76.246,398.827
131.675,-76.246,404.692
131.68,-82.111,404.692
131.685,-82.111,404.692
131.69,-82.111,404.692
131.695,-87.977,398.827
131.7,-87.977,392.962
131.705,-93.842,387.097
131.71,-99.707,375.366
131.715,-99.707,357.771
131.72,-105.572,340.176
131.725,-105.572,328.446
131.73,-111.437,304.985
131.735,-111.437,269.795
131.74,-117.302,240.469
131.745,-123.167,211.144
131.75,-123.167,187.683
131.755,-129.032,158.358
131.76,-129.032,129.032
131.76500000000001,-129.032,99.707
131.77,-129.032,64.516
131.775,-134.897,29.326
131.78,-134.897,-5.865
131.785,-134.897,-46.921
131.79,-134.897,-87.977
131.79500000000002,-129.032,-123.167
131.8,-129.032,-146.628
131.805,-123.167,-146.628
131.81,-111.437,-105.572
131.815,-105.572,-35.191
131.82,-99.707,23.46
131.825,-93.842,11.73
131.83,-87.977,-29.326
131.835,-93.842,-82.111
131.84,-93.842,-134.897
131.845,-93.842,-175.953
131.85,-87.977,-193.548
131.855,-87.977,-181.818
131.86,-76.246,-152.493
131.865,-76.246,-134.897
131.87,-76.246,-123.167
131.875,-70.381,-134.897
131.88,-70.381,-152.493
131.885,-70.381,-164.223
131.89000000000001,-58.651,-164.223
131.895,-52.786,-152.493
131.9,-46.921,-152.493
131.905,-41.056,-152.493
131.91,-29.326,-158.358
131.915,-11.73,-164.223
131.92000000000002,-5.865,-164.223
131.925,-0.0,-152.493
131.93,17.595,-140.762
131.935,35.191,-129.032
131.94,52.786,-123.167
131.945,58.651,-123.167
131.95,64.516,-111.437
131.955,70.381,-105.572
131.96,76.246,-105.572
131.965,82.111,-105.572
131.97,87.977,-105.572
131.975,93.842,-105.572
131.98,105.572,-105.572
131.985,117.302,-99.707
131.99,123.167,-99.707
131.995,134.897,-93.842
132.0,146.628,-93.842
132.005,158.358,-87.977
132.01,170.088,-87.977
132.01500000000001,175.953,-82.111
132.02,181.818,-82.111
132.025,193.548,-76.246
132.03,199.413,-70.381
132.035,205.279,-70.381
132.04,211.144,-64.516
132.04500000000002,217.009,-64.516
132.05,222.874,-58.651
132.055,228.739,-58.651
132.06,228.739,-58.651
132.065,240.469,-52.786
132.07,240.469,-58.651
132.075,246.334,-52.786
132.08,246.334,-52.786
132.085,252.199,-52.786
132.09,258.064,-52.786
132.095,258.064,-52.786
132.1,258.064,-52.786
132.105,263.93,-52.786
132.11,263.93,-52.786
132.115,269.795,-52.786
132.12,269.795,-46.921
132.125,275.66,-46.921
132.13,275.66,-46.921
132.135,275.66,-46.921
132.14000000000001,275.66,-46.921
132.145,275.66,-46.921
132.15,281.525,-46.921
132.155,281.525,-46.921
132.16,281.525,-46.921
132.165,281.525,-46.921
132.17000000000002,281.525,-46.921
132.175,275.66,-46.921
132.18,275.66,-46.921
132.185,269.795,-46.921
132.19,269.795,-46.921
132.195,263.93,-46.921
132.2,258.064,-52.786
132.205,252.199,-46.921
132.21,246.334,-52.786
132.215,234.604,-52.786
132.22,228.739,-52.786
132.225,217.009,-52.786
132.23,205.279,-52.786
132.235,193.548,-52.786
132.24,181.818,-52.786
132.245,164.223,-52.786
132.25,152.493,-52.786
132.255,134.897,-52.786
132.26,117.302,-58.651
132.26500000000001,99.707,-58.651
132.27,76.246,-58.651
132.275,52.786,-58.651
132.28,29.326,-58.651
132.285,5.865,-58.651
132.29,-11.73,-64.516
132.29500000000002,-29.326,-64.516
132.3,-46.921,-64.516
132.305,-58.651,-64.516
132.31,-76.246,-64.516
132.315,-87.977,-64.516
132.32,-93.842,-64.516
132.325,-99.707,-64.516
132.33,-99.707,-64.516
132.335,-105.572,-64.516
132.34,-123.167,-64.516
132.345,-129.032,-64.516
132.35,-105.572,-64.516
132.355,-70.381,-70.381
132.36,-41.056,-70.381
132.365,-46.921,-70.381
132.37,-70.381,-70.381
132.375,-111.437,-70.381
132.38,-146.628,-70.381
132.385,-164.223,-70.381
132.39000000000001,-170.088,-70.381
132.395,-164.223,-70.381
132.4,-134.897,-70.381
132.405,-117.302,-76.246
132.41,-134.897,-76.246
132.415,-158.358,-76.246
132.42000000000002,-170.088,-82.111
132.425,-175.953,-82.111
132.43,-164.223,-82.111
132.435,-152.493,-82.111
132.44,-152.493,-87.977
132.445,-146.628,-87.977
132.45,-140.762,-93.842
132.455,-129.032,-93.842
132.46,-117.302,-93.842
132.465,-111.437,-99.707
132.47,-105.572,-99.707
132.475,-99.707,-105.572
132.48,-93.842,-111.437
132.485,-87.977,-111.437
132.49,-82.111,-111.437
132.495,-76.246,-117.302
132.5,-76.246,-117.302
132.505,-70.381,-123.167
132.51,-64.516,-123.167
132.51500000000001,-64.516,-129.032
132.52,-64.516,-134.897
132.525,-64.516,-134.897
132.53,-64.516,-140.762
132.535,-64.516,-140.762
132.54,-64.516,-140.762
132.54500000000002,-64.516,-140.762
132.55,-64.516,-140.762
132.555,-70.381,-140.762
132.56,-70.381,-140.762
132.565,-70.381,-146.628
132.57,-70.381,-158.358
132.575,-70.381,-158.358
132.58,-70.381,-152.493
132.585,-70.381,-146.628
132.59,-76.246,-134.897
132.595,-76.246,-129.032
132.6,-76.246,-123.167
132.605,-76.246,-117.302
132.61,-76.246,-117.302
132.615,-76.246,-117.302
132.62,-76.246,-111.437
132.625,-76.246,-99.707
132.63,-70.381,-76.246
132.635,-70.381,-58.651
132.64000000000001,-70.381,-46.921
132.645,-70.381,-17.595
132.65,-64.516,11.73
132.655,-64.516,23.46
132.66,-64.516,41.056
132.665,-64.516,64.516
132.67000000000002,-64.516,87.977
132.675,-64.516,105.572
132.68,-64.516,117.302
132.685,-64.516,129.032
132.69,-64.516,134.897
132.695,-64.516,146.628
132.7,-64.516,152.493
132.705,-64.516,164.223
132.71,-64.516,175.953
132.715,-64.516,193.548
132.72,-70.381,211.144
132.725,-70.381,222.874
132.73,-64.516,240.469
132.735,-64.516,252.199
132.74,-64.516,263.93
132.745,-64.516,281.525
132.75,-64.516,293.255
132.755,-64.516,304.985
132.76,-64.516,316.715
132.76500000000001,-64.516,328.446
132.77,-64.516,340.176
132.775,-58.651,346.041
132.78,-64.516,357.771
132.785,-58.651,363.636
132.79,-64.516,375.366
132.79500000000002,-64.516,375.366
132.8,-64.516,381.232
132.805,-70.381,387.097
132.81,-70.381,387.097
132.815,-70.381,392.962
132.82,-76.246,398.827
132.825,-76.246,398.827
132.83,-82.111,398.827
132.835,-82.111,404.692
132.84,-87.977,404.692
132.845,-93.842,404.692
132.85,-93.842,398.827
132.855,-99.707,398.827
132.86,-105.572,392.962
132.865,-105.572,381.232
132.87,-111.437,369.501
132.875,-111.437,351.906
132.88,-117.302,334.311
132.885,-123.167,316.715
132.89000000000001,-123.167,293.255
132.895,-123.167,269.795
132.9,-129.032,246.334
132.905,-129.032,217.009
132.91,-129.032,187.683
132.915,-134.897,164.223
132.92000000000002,-134.897,134.897
132.925,-134.897,105.572
132.93,-134.897,76.246
132.935,-134.897,41.056
132.94,-134.897,11.73
132.945,-129.032,-23.46
132.95,-129.032,-52.786
132.955,-123.167,-82.111
132.96,-117.302,-111.437
132.965,-105.572,-129.032
132.97,-99.707,-123.167
132.975,-93.842,-87.977
132.98,-87.977,-29.326
132.985,-87.977,23.46
132.99,-93.842,29.326
132.995,-93.842,0.0
133.0,-87.977,-46.921
133.005,-87.977,-99.707
133.01,-82.111,-146.628
133.01500000000001,-76.246,-175.953
133.02,-70.381,-175.953
133.025,-64.516,-152.493
133.03,-64.516,-134.897
133.035,-64.516,-129.032
133.04,-64.516,-140.762
133.04500000000002,-58.651,-158.358
133.05,-58.651,-175.953
133.055,-52.786,-170.088
133.06,-41.056,-158.358
133.065,-41.056,-146.628
133.07,-35.191,-146.628
133.075,-11.73,-152.493
133.08,-0.0,-152.493
133.085,-0.0,-146.628
133.09,5.865,-134.897
133.095,17.595,-129.032
133.1,41.056,-129.032
133.105,52.786,-123.167
133.11,64.516,-111.437
133.115,70.381,-105.572
133.12,76.246,-99.707
133.125,76.246,-99.707
133.13,82.111,-93.842
133.135,87.977,-87.977
133.14000000000001,93.842,-87.977
133.145,105.572,-82.111
133.15,111.437,-82.111
133.155,123.167,-82.111
133.16,134.897,-76.246
133.165,146.628,-76.246
133.17000000000002,152.493,-70.381
133.175,164.223,-64.516
133.18,170.088,-64.516
133.185,175.953,-58.651
133.19,187.683,-58.651
133.195,193.548,-58.651
133.2,199.413,-52.786
133.205,205.279,-52.786
133.21,211.144,-46.921
133.215,217.009,-46.921
133.22,222.874,-46.921
133.225,222.874,-46.921
133.23,228.739,-46.921
133.235,234.604,-41.056
133.24,240.469,-41.056
133.245,246.334,-41.056
133.25,246.334,-41.056
133.255,252.199,-41.056
133.26,252.199,-41.056
133.26500000000001,258.064,-41.056
133.27,258.064,-41.056
133.275,263.93,-41.056
133.28,263.93,-41.056
133.285,269.795,-41.056
133.29,269.795,-41.056
133.29500000000002,269.795,-41.056
133.3,269.795,-41.056
133.305,275.66,-46.921
133.31,275.66,-46.921
133.315,275.66,-46.921
133.32,275.66,-46.921
133.325,275.66,-46.921
133.33,275.66,-46.921
133.335,275.66,-46.921
133.34,269.795,-46.921
133.345,269.795,-46.921
133.35,263.93,-46.921
133.355,258.064,-46.921
133.36,252.199,-46.921
133.365,246.334,-46.921
133.37,240.469,-46.921
133.375,228.739,-46.921
133.38,222.874,-52.786
133.385,211.144,-52.786
133.39000000000001,199.413,-52.786
133.395,187.683,-52.786
133.4,175.953,-52.786
133.405,158.358,-52.786
133.41,146.628,-58.651
133.415,129.032,-58.651
133.42000000000002,105.572,-58.651
133.425,87.977,-58.651
133.43,70.381,-58.651
133.435,52.786,-64.516
133.44,29.326,-64.516
133.445,11.73,-64.516
133.45,-11.73,-64.516
133.455,-29.326,-64.516
133.46,-46.921,-64.516
133.465,-70.381,-64.516
133.47,-87.977,-64.516
133.475,-105.572,-64.516
133.48,-111.437,-70.381
133.485,-105.572,-70.381
133.49,-76.246,-70.381
133.495,-46.921,-64.516
133.5,-46.921,-64.516
133.505,-70.381,-70.381
133.51,-93.842,-70.381
133.51500000000001,-111.437,-70.381
133.52,-123.167,-70.381
133.525,-134.897,-70.381
133.53,-146.628,-70.381
133.535,-134.897,-70.381
133.54,-123.167,-70.381
133.54500000000002,-117.302,-70.381
133.55,-134.897,-70.381
133.555,-140.762,-70.381
133.56,-140.762,-70.381
133.565,-140.762,-70.381
133.57,-129.032,-70.381
133.575,-123.167,-70.381
133.58,-117.302,-70.381
133.585,-117.302,-76.246
133.59,-105.572,-76.246
133.595,-99.707,-76.246
133.6,-93.842,-82.111
133.605,-87.977,-82.111
133.61,-82.111,-87.977
133.615,-82.111,-93.842
133.62,-76.246,-93.842
133.625,-70.381,-105.572
133.63,-64.516,-105.572
133.635,-64.516,-111.437
133.64000000000001,-64.516,-111.437
133.645,-64.516,-117.302
133.65,-64.516,-123.167
133.655,-64.516,-123.167
133.66,-64.516,-129.032
133.665,-64.516,-134.897
133.67000000000002,-64.516,-134.897
133.675,-70.381,-140.762
133.68,-70.381,-140.762
133.685,-70.381,-146.628
133.69,-70.381,-146.628
133.695,-64.516,-146.628
133.7,-70.381,-152.493
133.705,-64.516,-146.628
133.71,-64.516,-146.628
133.715,-64.516,-146.628
133.72,-64.516,-152.493
133.725,-64.516,-152.493
133.73,-64.516,-152.493
133.735,-64.516,-158.358
133.74,-58.651,-146.628
133.745,-58.651,-140.762
133.75,-58.651,-129.032
133.755,-58.651,-123.167
133.76,-58.651,-117.302
133.76500000000001,-58.651,-111.437
133.77,-58.651,-111.437
133.775,-58.651,-111.437
133.78,-58.651,-105.572
133.785,-58.651,-93.842
133.79,-58.651,-76.246
133.79500000000002,-52.786,-64.516
133.8,-52.786,-46.921
133.805,-52.786,-35.191
133.81,-52.786,-17.595
133.815,-52.786,0.0
133.82,-52.786,23.46
133.825,-52.786,52.786
133.83,-52.786,70.381
133.835,-52.786,87.977
133.84,-52.786,99.707
133.845,-52.786,105.572
133.85,-52.786,117.302
133.855,-52.786,123.167
133.86,-52.786,134.897
133.865,-52.786,146.628
133.87,-52.786,158.358
133.875,-52.786,175.953
133.88,-52.786,193.548
133.885,-52.786,205.279
133.89000000000001,-52.786,217.009
133.895,-52.786,234.604
133.9,-52.786,246.334
133.905,-52.786,258.064
133.91,-52.786,269.795
133.915,-52.786,281.525
133.92000000000002,-52.786,293.255
133.925,-52.786,299.12
133.93,-52.786,310.85
133.935,-52.786,316.715
133.94,-52.786,328.446
133.945,-52.786,334.311
133.95,-52.786,340.176
133.955,-52.786,346.041
133.96,-52.786,351.906
133.965,-52.786,357.771
133.97,-52.786,357.771
133.975,-52.786,363.636
133.98,-52.786,369.501
133.985,-58.651,369.501
133.99,-58.651,375.366
133.995,-58.651,375.366
134.0,-64.516,381.232
134.005,-64.516,381.232
134.01,-64.516,375.366
134.01500000000001,-64.516,375.366
134.02,-70.381,375.366
134.025,-70.381,369.501
134.03,-70.381,363.636
134.035,-76.246,351.906
134.04,-76.246,346.041
134.04500000000002,-76.246,334.311
134.05,-76.246,328.446
134.055,-82.111,310.85
134.06,-82.111,299.12
134.065,-82.111,281.525
134.07,-87.977,258.064
134.075,-87.977,228.739
134.08,-87.977,211.144
134.085,-93.842,193.548
134.09,-93.842,170.088
134.095,-99.707,146.628
134.1,-99.707,117.302
134.105,-99.707,87.977
134.11,-105.572,52.786
134.115,-105.572,17.595
134.12,-105.572,-23.46
134.125,-105.572,-58.651
134.13,-105.572,-93.842
134.135,-99.707,-123.167
134.14000000000001,-93.842,-129.032
134.145,-87.977,-111.437
134.15,-87.977,-76.246
134.155,-82.111,-46.921
134.16,-76.246,-35.191
134.165,-70.381,-35.191
134.17000000000002,-64.516,-58.651
134.175,-58.651,-93.842
134.18,-58.651,-134.897
134.185,-58.651,-152.493
134.19,-58.651,-146.628
134.195,-58.651,-129.032
134.2,-58.651,-117.302
134.205,-58.651,-117.302
134.21,-58.651,-134.897
134.215,-52.786,-152.493
134.22,-52.786,-164.223
134.225,-41.056,-146.628
134.23,-35.191,-134.897
134.235,-23.46,-129.032
134.24,-17.595,-129.032
134.245,-11.73,-129.032
134.25,-5.865,-123.167
134.255,5.865,-117.302
134.26,11.73,-111.437
134.26500000000001,23.46,-111.437
134.27,29.326,-105.572
134.275,41.056,-105.572
134.28,52.786,-99.707
134.285,52.786,-87.977
134.29,58.651,-82.111
134.29500000000002,58.651,-82.111
134.3,64.516,-82.111
134.305,70.381,-76.246
134.31,76.246,-76.246
134.315,82.111,-70.381
134.32,87.977,-70.381
134.325,93.842,-64.516
134.33,105.572,-64.516
134.335,111.437,-58.651
134.34,123.167,-58.651
134.345,129.032,-58.651
134.35,134.897,-52.786
134.355,140.762,-52.786
134.36,146.628,-52.786
134.365,152.493,-46.921
134.37,158.358,-46.921
134.375,164.223,-46.921
134.38,170.088,-46.921
134.385,175.953,-46.921
134.39000000000001,175.953,-41.056
134.395,181.818,-41.056
134.4,187.683,-41.056
134.405,187.683,-41.056
134.41,193.548,-41.056
134.415,193.548,-35.191
134.42000000000002,193.548,-35.191
134.425,199.413,-35.191
134.43,199.413,-41.056
134.435,199.413,-35.191
134.44,205.279,-41.056
134.445,205.279,-41.056
134.45,199.413,-41.056
134.455,205.279,-41.056
134.46,199.413,-35.191
134.465,199.413,-35.191
134.47,199.413,-41.056
134.475,199.413,-41.056
134.48,193.548,-41.056
134.485,193.548,-35.191
134.49,187.683,-41.056
134.495,187.683,-41.056
134.5,181.818,-41.056
134.505,181.818,-41.056
134.51,175.953,-41.056
134.51500000000001,170.088,-41.056
134.52,170.088,-41.056
134.525,164.223,-41.056
134.53,158.358,-41.056
134.535,152.493,-41.056
134.54,146.628,-46.921
134.54500000000002,140.762,-46.921
134.55,134.897,-46.921
134.555,129.032,-46.921
134.56,123.167,-46.921
134.565,111.437,-46.921
134.57,105.572,-46.921
134.575,99.707,-46.921
134.58,87.977,-46.921
134.585,82.111,-46.921
134.59,76.246,-46.921
134.595,64.516,-46.921
134.6,52.786,-46.921
134.605,46.921,-46.921
134.61,35.191,-46.921
134.615,29.326,-52.786
134.62,17.595,-46.921
134.625,11.73,-52.786
134.63,5.865,-52.786
134.635,-0.0,-52.786
134.64000000000001,-5.865,-52.786
134.645,-11.73,-52.786
134.65,-23.46,-52.786
134.655,-17.595,-52.786
134.66,-17.595,-52.786
134.665,-23.46,-52.786
134.67000000000002,-23.46,-52.786
134.675,-17.595,-52.786
134.68,-11.73,-52.786
134.685,-17.595,-52.786
134.69,-17.595,-52.786
134.695,-17.595,-52.786
134.7,-23.46,-52.786
134.705,-29.326,-52.786
134.71,-35.191,-52.786
134.715,-46.921,-52.786
134.72,-52.786,-52.786
134.725,-52.786,-58.651
134.73,-52.786,-52.786
134.735,-52.786,-58.651
134.74,-52.786,-58.651
134.745,-52.786,-58.651
134.75,-46.921,-58.651
134.755,-46.921,-58.651
134.76,-41.056,-58.651
134.76500000000001,-41.056,-64.516
134.77,-35.191,-64.516
134.775,-35.191,-64.516
134.78,-29.326,-64.516
134.785,-23.46,-70.381
134.79,-23.46,-70.381
134.79500000000002,-23.46,-76.246
134.8,-17.595,-76.246
134.805,-17.595,-82.111
134.81,-23.46,-87.977
134.815,-23.46,-87.977
134.82,-23.46,-93.842
134.825,-29.326,-99.707
134.83,-29.326,-105.572
134.835,-29.326,-105.572
134.84,-35.191,-111.437
134.845,-35.191,-117.302
134.85,-41.056,-117.302
134.855,-41.056,-123.167
134.86,-41.056,-129.032
134.865,-41.056,-134.897
134.87,-46.921,-134.897
134.875,-46.921,-134.897
134.88,-46.921,-134.897
134.885,-52.786,-134.897
134.89000000000001,-52.786,-134.897
134.895,-52.786,-134.897
134.9,-52.786,-129.032
134.905,-52.786,-129.032
134.91,-52.786,-123.167
134.915,-46.921,-123.167
134.92000000000002,-46.921,-117.302
134.925,-46.921,-117.302
134.93,-41.056,-111.437
134.935,-41.056,-105.572
134.94,-41.056,-93.842
134.945,-41.056,-87.977
134.95,-41.056,-76.246
134.955,-41.056,-70.381
134.96,-35.191,-64.516
134.965,-35.191,-64.516
134.97,-35.191,-70.381
134.975,-35.191,-70.381
134.98,-29.326,-70.381
134.985,-29.326,-64.516
134.99,-29.326,-58.651
134.995,-29.326,-52.786
135.0,-29.326,-52.786
135.005,-29.326,-52.786
135.01,-29.326,-35.191
135.01500000000001,-23.46,-5.865
135.02,-23.46,23.46
135.025,-17.595,46.921
135.03,-17.595,58.651
135.035,-17.595,70.381
135.04,-11.73,76.246
135.04500000000002,-11.73,82.111
135.05,-11.73,93.842
135.055,-5.865,105.572
135.06,-5.865,117.302
135.065,-5.865,134.897
135.07,-5.865,146.628
135.075,-5.865,164.223
135.08,-5.865,175.953
135.085,-0.0,187.683
135.09,-5.865,199.413
135.095,-0.0,211.144
135.1,-0.0,222.874
135.105,-0.0,228.739
135.11,-0.0,234.604
135.115,5.865,246.334
135.12,-0.0,252.199
135.125,-0.0,252.199
135.13,5.865,258.064
135.135,5.865,269.795
135.14000000000001,5.865,275.66
135.145,5.865,281.525
135.15,5.865,287.39
135.155,5.865,287.39
135.16,5.865,293.255
135.165,5.865,293.255
135.17000000000002,5.865,293.255
135.175,5.865,293.255
135.18,5.865,293.255
135.185,5.865,293.255
135.19,5.865,293.255
135.195,5.865,287.39
135.2,5.865,281.525
135.205,5.865,281.525
135.21,5.865,275.66
135.215,5.865,269.795
135.22,5.865,263.93
135.225,5.865,258.064
135.23,5.865,246.334
135.235,5.865,240.469
135.24,5.865,234.604
135.245,5.865,222.874
135.25,5.865,217.009
135.255,5.865,205.279
135.26,5.865,199.413
135.26500000000001,5.865,187.683
135.27,11.73,175.953
135.275,11.73,164.223
135.28,11.73,158.358
135.285,11.73,146.628
135.29,11.73,140.762
135.29500000000002,11.73,129.032
135.3,11.73,123.167
135.305,11.73,111.437
135.31,11.73,99.707
135.315,11.73,76.246
135.32,11.73,58.651
135.325,11.73,35.191
135.33,11.73,17.595
135.335,11.73,-11.73
135.34,11.73,-35.191
135.345,5.865,-70.381
135.35,5.865,-93.842
135.355,5.865,-105.572
135.36,5.865,-99.707
135.365,5.865,-82.111
135.37,5.865,-64.516
135.375,5.865,-52.786
135.38,-0.0,-41.056
135.385,-0.0,-41.056
135.39000000000001,-0.0,-46.921
135.395,-0.0,-52.786
135.4,-0.0,-52.786
135.405,-0.0,-58.651
135.41,-0.0,-52.786
135.415,-0.0,-46.921
135.42000000000002,-5.865,-41.056
135.425,-5.865,-35.191
135.43,-5.865,-35.191
135.435,-0.0,-35.191
135.44,-0.0,-35.191
135.445,-0.0,-29.326
135.45,-0.0,-29.326
135.455,5.865,-23.46
135.46,5.865,-17.595
135.465,11.73,-17.595
135.47,11.73,-17.595
135.475,17.595,-17.595
135.48,23.46,-17.595
135.485,29.326,-17.595
135.49,35.191,-23.46
135.495,41.056,-17.595
135.5,41.056,-23.46
135.505,46.921,-23.46
135.51,46.921,-17.595
135.51500000000001,52.786,-17.595
135.52,58.651,-17.595
135.525,58.651,-17.595
135.53,64.516,-17.595
135.535,64.516,-17.595
135.54,70.381,-17.595
135.54500000000002,70.381,-17.595
135.55,76.246,-17.595
135.555,76.246,-17.595
135.56,82.111,-17.595
135.565,82.111,-17.595
135.57,87.977,-23.46
135.575,82.111,-23.46
135.58,82.111,-23.46
135.585,82.111,-23.46
135.59,82.111,-23.46
135.595,82.111,-23.46
135.6,82.111,-23.46
135.605,82.111,-29.326
135.61,82.111,-29.326
135.615,82.111,-29.326
135.62,82.111,-29.326
135.625,82.111,-29.326
135.63,76.246,-29.326
135.635,76.246,-29.326
135.64000000000001,76.246,-29.326
135.645,70.381,-29.326
135.65,70.381,-29.326
135.655,64.516,-29.326
135.66,64.516,-29.326
135.665,58.651,-29.326
135.67000000000002,58.651,-29.326
135.675,52.786,-29.326
135.68,52.786,-29.326
135.685,52.786,-29.326
135.69,46.921,-29.326
135.695,41.056,-29.326
135.7,41.056,-29.326
135.705,41.056,-29.326
135.71,35.191,-23.46
135.715,35.191,-23.46
135.72,35.191,-23.46
135.725,29.326,-23.46
135.73,29.326,-17.595
135.735,29.326,-17.595
135.74,29.326,-17.595
135.745,29.326,-17.595
135.75,35.191,-17.595
135.755,41.056,-17.595
135.76,52.786,-17.595
135.76500000000001,52.786,-17.595
135.77,52.786,-17.595
135.775,58.651,-17.595
135.78,58.651,-17.595
135.785,58.651,-17.595
135.79,52.786,-17.595
135.79500000000002,52.786,-17.595
135.8,52.786,-17.595
135.805,52.786,-17.595
135.81,52.786,-17.595
135.815,46.921,-11.73
135.82,46.921,-11.73
135.825,41.056,-17.595
135.83,41.056,-17.595
135.835,35.191,-17.595
135.84,29.326,-17.595
135.845,23.46,-17.595
135.85,11.73,-17.595
135.855,11.73,-17.595
135.86,11.73,-17.595
135.865,11.73,-17.595
135.87,17.595,-17.595
135.875,17.595,-17.595
135.88,11.73,-17.595
135.885,11.73,-23.46
135.89000000000001,11.73,-23.46
135.895,11.73,-23.46
135.9,11.73,-23.46
135.905,11.73,-23.46
135.91,11.73,-23.46
135.915,11.73,-23.46
135.92000000000002,5.865,-23.46
135.925,5.865,-29.326
135.93,5.865,-29.326
135.935,5.865,-29.326
135.94,5.865,-29.326
135.945,5.865,-29.326
135.95,5.865,-29.326
135.955,5.865,-29.326
135.96,5.865,-29.326
135.965,5.865,-35.191
135.97,-0.0,-35.191
135.975,-0.0,-35.191
135.98,-0.0,-41.056
135.985,-0.0,-41.056
135.99,-0.0,-41.056
135.995,-0.0,-46.921
136.0,-0.0,-46.921
136.005,-0.0,-46.921
136.01,-0.0,-46.921
136.01500000000001,-5.865,-52.786
136.02,-0.0,-52.786
136.025,-5.865,-58.651
136.03,-0.0,-58.651
136.035,-0.0,-58.651
136.04,-0.0,-58.651
136.04500000000002,-0.0,-64.516
136.05,-0.0,-64.516
136.055,-0.0,-64.516
136.06,-0.0,-64.516
136.065,-0.0,-70.381
136.07,-0.0,-70.381
136.075,-0.0,-70.381
136.08,5.865,-76.246
136.085,-0.0,-76.246
136.09,5.865,-82.111
136.095,5.865,-82.111
136.1,5.865,-87.977
136.105,5.865,-87.977
136.11,5.865,-87.977
136.115,5.865,-87.977
136.12,5.865,-87.977
136.125,5.865,-93.842
136.13,5.865,-87.977
136.135,5.865,-87.977
136.14000000000001,5.865,-87.977
136.145,5.865,-87.977
136.15,11.73,-87.977
136.155,11.73,-87.977
136.16,11.73,-82.111
136.165,11.73,-82.111
136.17000000000002,11.73,-82.111
136.175,5.865,-76.246
136.18,5.865,-76.246
136.185,5.865,-76.246
136.19,5.865,-70.381
136.195,5.865,-70.381
136.2,5.865,-64.516
136.205,5.865,-64.516
136.21,5.865,-58.651
136.215,5.865,-58.651
136.22,5.865,-52.786
136.225,5.865,-46.921
136.23,11.73,-46.921
136.235,5.865,-46.921
136.24,11.73,-41.056
136.245,5.865,-41.056
136.25,11.73,-35.191
136.255,5.865,-29.326
136.26,11.73,-17.595
136.26500000000001,11.73,-5.865
136.27,11.73,11.73
136.275,11.73,17.595
136.28,11.73,29.326
136.285,11.73,35.191
136.29,5.865,41.056
136.29500000000002,5.865,46.921
136.3,5.865,52.786
136.305,5.865,64.516
136.31,5.865,70.381
136.315,5.865,82.111
136.32,5.865,87.977
136.325,-0.0,93.842
136.33,5.865,99.707
136.335,-0.0,105.572
136.34,-0.0,111.437
136.345,-0.0,117.302
136.35,-0.0,123.167
136.355,-0.0,129.032
136.36,-5.865,129.032
136.365,-5.865,134.897
136.37,-5.865,140.762
136.375,-5.865,140.762
136.38,-11.73,146.628
136.385,-11.73,146.628
136.39000000000001,-11.73,152.493
136.395,-11.73,158.358
136.4,-11.73,158.358
136.405,-11.73,164.223
136.41,-11.73,164.223
136.415,-11.73,170.088
136.42000000000002,-11.73,170.088
136.425,-5.865,170.088
136.43,-5.865,175.953
136.435,-5.865,175.953
136.44,-5.865,175.953
136.445,-0.0,164.223
136.45,-0.0,129.032
136.455,-0.0,58.651
136.46,-0.0,-70.381
136.465,-0.0,-117.302
136.47,-0.0,-52.786
136.475,-0.0,17.595
136.48,-0.0,41.056
136.485,-0.0,35.191
136.49,-0.0,23.46
136.495,-0.0,23.46
136.5,-0.0,23.46
136.505,-0.0,11.73
136.51,-0.0,-11.73
136.51500000000001,-0.0,-29.326
136.52,5.865,-17.595
136.525,5.865,5.865
136.53,5.865,11.73
136.535,5.865,5.865
136.54,5.865,5.865
136.54500000000002,5.865,5.865
136.55,5.865,5.865
136.555,5.865,5.865
136.56,5.865,5.865
136.565,5.865,5.865
136.57,5.865,5.865
136.57500000000002,5.865,5.865
136.58,5.865,11.73
136.585,5.865,11.73
136.59,5.865,11.73
136.595,5.865,11.73
136.6,5.865,11.73
136.605,5.865,11.73
136.61,5.865,11.73
136.615,5.865,11.73
136.62,5.865,11.73
136.625,5.865,11.73
136.63,5.865,11.73
136.635,5.865,11.73
136.64000000000001,5.865,11.73
136.645,5.865,11.73
136.65,-0.0,11.73
136.655,5.865,11.73
136.66,-0.0,11.73
136.665,5.865,11.73
136.67000000000002,-0.0,11.73
136.675,-0.0,11.73
136.68,-0.0,11.73
136.685,-0.0,11.73
136.69,-0.0,11.73
136.695,-5.865,11.73
136.70000000000002,-5.865,11.73
136.705,-5.865,5.865
136.71,-5.865,5.865
136.715,-5.865,5.865
136.72,-11.73,5.865
136.725,-11.73,5.865
136.73,-11.73,5.865
136.735,-11.73,5.865
136.74,-11.73,5.865
136.745,-11.73,5.865
136.75,-11.73,5.865
136.755,-11.73,5.865
136.76,-11.73,5.865
136.76500000000001,-11.73,0.0
136.77,-11.73,5.865
136.775,-11.73,0.0
136.78,-11.73,0.0
136.785,-11.73,0.0
136.79,-11.73,0.0
136.79500000000002,-11.73,0.0
136.8,-11.73,5.865
136.805,-5.865,5.865
136.81,-11.73,5.865
136.815,-11.73,5.865
136.82,-5.865,5.865
136.82500000000002,-5.865,5.865
136.83,-11.73,0.0
136.835,-5.865,0.0
136.84,-5.865,0.0
136.845,-11.73,0.0
136.85,-11.73,0.0
136.855,-11.73,0.0
136.86,-11.73,0.0
136.865,-11.73,5.865
136.87,-11.73,0.0
136.875,-5.865,0.0
136.88,-5.865,0.0
136.885,-5.865,0.0
136.89000000000001,-5.865,0.0
136.895,-5.865,0.0
136.9,-5.865,0.0
136.905,-5.865,0.0
136.91,-5.865,0.0
136.915,-5.865,0.0
136.92000000000002,-5.865,0.0
136.925,-5.865,0.0
136.93,-5.865,0.0
136.935,-5.865,0.0
136.94,-5.865,0.0
136.945,-5.865,0.0
136.95000000000002,-5.865,0.0
136.955,-5.865,-5.865
136.96,-5.865,-5.865
136.965,-5.865,0.0
136.97,-5.865,0.0
136.975,-5.865,-5.865
136.98,-0.0,0.0
136.985,-5.865,-5.865
136.99,-0.0,-5.865
136.995,-5.865,-5.865
137.0,-5.865,-5.865
137.005,-5.865,-5.865
137.01,-5.865,-5.865
137.01500000000001,-5.865,-5.865
137.02,-5.865,-5.865
137.025,-5.865,-5.865
137.03,-5.865,-5.865
137.035,-5.865,-5.865
137.04,-5.865,-5.865
137.04500000000002,-5.865,-5.865
137.05,-5.865,-5.865
137.055,-5.865,-5.865
137.06,-0.0,-5.865
137.065,-5.865,-5.865
137.07,-5.865,-5.865
137.07500000000002,-0.0,0.0
137.08,-5.865,-5.865
137.085,-0.0,0.0
137.09,-0.0,-5.865
137.095,-5.865,0.0
137.1,-5.865,0.0
137.105,-5.865,-5.865
137.11,-0.0,-5.865
137.115,-0.0,-5.865
137.12,-0.0,0.0
137.125,-5.865,0.0
137.13,-5.865,0.0
137.135,-0.0,0.0
137.14000000000001,-5.865,0.0
137.145,-5.865,0.0
137.15,-5.865,0.0
137.155,-5.865,0.0
137.16,-0.0,0.0
137.165,-5.865,0.0
137.17000000000002,-5.865,0.0
137.175,-5.865,0.0
137.18,-0.0,0.0
137.185,-0.0,0.0
137.19,-5.865,0.0
137.195,-0.0,0.0
137.20000000000002,-5.865,0.0
137.205,-5.865,5.865
137.21,-0.0,5.865
137.215,-0.0,5.865
137.22,-0.0,5.865
137.225,-0.0,5.865
137.23,-0.0,5.865
137.235,-0.0,5.865
137.24,-0.0,5.865
137.245,-0.0,5.865
137.25,-0.0,5.865
137.255,-0.0,5.865
137.26,-0.0,5.865
137.26500000000001,-0.0,5.865
137.27,-0.0,5.865
137.275,-0.0,5.865
137.28,-0.0,5.865
137.285,-0.0,5.865
137.29,-0.0,5.865
137.29500000000002,-0.0,5.865
137.3,-0.0,5.865
137.305,-0.0,5.865
137.31,-5.865,5.865
137.315,-0.0,5.865
137.32,-0.0,5.865
137.32500000000002,-0.0,5.865
137.33,-0.0,5.865
137.335,-5.865,5.865
137.34,-0.0,5.865
137.345,-5.865,5.865
137.35,-5.865,5.865
137.355,-0.0,5.865
137.36,-0.0,0.0
137.365,-5.865,5.865
137.37,-5.865,0.0
137.375,-5.865,5.865
137.38,-5.865,0.0
137.385,-5.865,5.865
137.39000000000001,-5.865,5.865
137.395,-5.865,0.0
137.4,-5.865,0.0
137.405,-5.865,5.865
137.41,-0.0,0.0
137.415,-0.0,0.0
137.42000000000002,-5.865,0.0
137.425,-5.865,0.0
137.43,-0.0,0.0
137.435,-0.0,0.0
137.44,-0.0,5.865
137.445,-0.0,0.0
137.45000000000002,-0.0,0.0
137.455,-0.0,0.0
137.46,-0.0,0.0
137.465,-0.0,0.0
137.47,-0.0,0.0
137.475,-0.0,0.0
137.48,-0.0,0.0
137.485,-0.0,0.0
137.49,-0.0,0.0
137.495,-0.0,0.0
137.5,-0.0,0.0
137.505,-0.0,0.0
137.51,-0.0,0.0
137.51500000000001,-0.0,0.0
137.52,-0.0,0.0
137.525,-0.0,0.0
137.53,-0.0,0.0
137.535,-0.0,0.0
137.54,-0.0,0.0
137.54500000000002,-0.0,0.0
137.55,-0.0,0.0
137.555,-0.0,0.0
137.56,-0.0,0.0
137.565,-0.0,5.865
137.57,-0.0,0.0
137.57500000000002,-0.0,0.0
137.58,-0.0,5.865
137.585,-0.0,0.0
137.59,-0.0,0.0
137.595,-0.0,0.0
137.6,-0.0,0.0
137.605,-0.0,0.0
137.61,-0.0,0.0
137.615,-0.0,0.0
137.62,-0.0,0.0
137.625,-0.0,0.0
137.63,-0.0,0.0
137.635,-0.0,0.0
137.64000000000001,-0.0,0.0
137.645,-0.0,0.0
137.65,-0.0,0.0
137.655,-0.0,0.0
137.66,-0.0,0.0
137.665,-0.0,0.0
137.67000000000002,-0.0,0.0
137.675,-0.0,0.0
137.68,-0.0,0.0
137.685,-0.0,0.0
137.69,-0.0,0.0
137.695,-0.0,0.0
137.70000000000002,-0.0,0.0
137.705,-0.0,0.0
137.71,-0.0,0.0
137.715,-0.0,0.0
137.72,-0.0,5.865
137.725,-0.0,0.0
137.73,-0.0,0.0
137.735,-0.0,0.0
137.74,-0.0,0.0
137.745,-0.0,0.0
137.75,-0.0,0.0
137.755,-0.0,5.865
137.76,-0.0,0.0
137.76500000000001,-0.0,5.865
137.77,-0.0,5.865
137.775,-0.0,5.865
137.78,-0.0,0.0
137.785,-0.0,0.0
137.79,5.865,5.865
137.79500000000002,-0.0,0.0
137.8,-0.0,5.865
137.805,5.865,0.0
137.81,-0.0,0.0
137.815,-0.0,5.865
137.82,-0.0,5.865
137.82500000000002,5.865,0.0
137.83,-0.0,5.865
137.835,-0.0,5.865
137.84,-0.0,0.0
137.845,-0.0,5.865
137.85,-0.0,5.865
137.855,-0.0,0.0
137.86,-0.0,0.0
137.865,5.865,0.0
137.87,-0.0,5.865
137.875,-0.0,0.0
137.88,-0.0,5.865
137.885,-0.0,5.865
137.89000000000001,5.865,5.865
137.895,-0.0,5.865
137.9,-0.0,5.865
137.905,-0.0,5.865
137.91,5.865,0.0
137.915,-0.0,5.865
137.92000000000002,-0.0,5.865
137.925,-0.0,5.865
137.93,-0.0,5.865
137.935,5.865,5.865
137.94,5.865,5.865
137.945,5.865,5.865
137.95000000000002,-0.0,5.865
137.955,5.865,5.865
137.96,5.865,5.865
137.965,-0.0,5.865
137.97,-0.0,5.865
137.975,5.865,5.865
137.98,5.865,5.865
137.985,-0.0,5.865
137.99,5.865,5.865
137.995,5.865,5.865
138.0,5.865,5.865
138.005,5.865,5.865
138.01,5.865,5.865
138.01500000000001,5.865,5.865
138.02,5.865,5.865
138.025,5.865,5.865
138.03,5.865,5.865
138.035,5.865,5.865
138.04,5.865,5.865
138.04500000000002,5.865,5.865
138.05,5.865,5.865
138.055,5.865,5.865
138.06,5.865,5.865
138.065,5.865,5.865
138.07,5.865,5.865
138.07500000000002,5.865,5.865
138.08,5.865,5.865
138.085,5.865,5.865
138.09,5.865,5.865
138.095,5.865,5.865
138.1,5.865,5.865
138.105,5.865,5.865
138.11,5.865,5.865
138.115,5.865,5.865
138.12,5.865,5.865
138.125,5.865,5.865
138.13,5.865,5.865
138.135,5.865,5.865
138.14000000000001,11.73,5.865
138.145,11.73,5.865
138.15,11.73,5.865
138.155,11.73,5.865
138.16,11.73,5.865
138.165,11.73,5.865
138.17000000000002,11.73,5.865
138.175,11.73,5.865
138.18,11.73,5.865
138.185,11.73,5.865
138.19,11.73,5.865
138.195,11.73,5.865
138.20000000000002,11.73,5.865
138.205,11.73,5.865
138.21,11.73,5.865
138.215,11.73,5.865
138.22,11.73,5.865
138.225,5.865,5.865
138.23,11.73,5.865
138.235,5.865,5.865
138.24,5.865,5.865
138.245,5.865,5.865
138.25,5.865,5.865
138.255,5.865,5.865
138.26,5.865,5.865
138.26500000000001,5.865,5.865
138.27,5.865,5.865
138.275,5.865,5.865
138.28,11.73,5.865
138.285,5.865,5.865
138.29,5.865,5.865
138.29500000000002,5.865,5.865
138.3,5.865,5.865
138.305,5.865,5.865
138.31,5.865,5.865
138.315,5.865,5.865
138.32,5.865,5.865
138.32500000000002,11.73,5.865
138.33,5.865,5.865
138.335,5.865,5.865
138.34,5.865,5.865
138.345,5.865,5.865
138.35,5.865,5.865
138.355,11.73,5.865
138.36,11.73,5.865
138.365,11.73,5.865
138.37,5.865,5.865
138.375,5.865,5.865
138.38,11.73,5.865
138.385,11.73,5.865
138.39000000000001,11.73,5.865
138.395,11.73,5.865
138.4,11.73,5.865
138.405,11.73,5.865
138.41,11.73,5.865
138.415,11.73,5.865
138.42000000000002,5.865,5.865
138.425,5.865,5.865
138.43,5.865,5.865
138.435,5.865,5.865
138.44,5.865,5.865
138.445,5.865,5.865
138.45000000000002,5.865,5.865
138.455,5.865,5.865
138.46,5.865,5.865
138.465,5.865,5.865
138.47,5.865,5.865
138.475,5.865,5.865
138.48,5.865,5.865
138.485,5.865,5.865
138.49,-0.0,5.865
138.495,5.865,5.865
138.5,-0.0,5.865
138.505,-0.0,5.865
138.51,-0.0,5.865
138.51500000000001,-0.0,5.865
138.52,-0.0,5.865
138.525,-0.0,5.865
138.53,-0.0,5.865
138.535,-0.0,5.865
138.54,-0.0,5.865
138.54500000000002,-0.0,5.865
138.55,-0.0,5.865
138.555,-0.0,5.865
138.56,-0.0,5.865
138.565,-0.0,0.0
138.57,-0.0,5.865
138.57500000000002,-0.0,0.0
138.58,-0.0,5.865
138.585,-0.0,5.865
138.59,-0.0,5.865
138.595,-0.0,5.865
138.6,-0.0,5.865
138.605,-0.0,5.865
138.61,-0.0,5.865
138.615,-0.0,5.865
138.62,-0.0,0.0
138.625,-0.0,0.0
138.63,-0.0,0.0
138.635,-0.0,0.0
138.64000000000001,-0.0,5.865
138.645,-0.0,0.0
138.65,-0.0,5.865
138.655,-0.0,0.0
138.66,-0.0,5.865
138.665,-0.0,5.865
138.67000000000002,-0.0,5.865
138.675,-0.0,0.0
138.68,-0.0,5.865
138.685,-0.0,0.0
138.69,-0.0,5.865
138.695,-0.0,0.0
138.70000000000002,-0.0,5.865
138.705,-0.0,5.865
138.71,-0.0,5.865
138.715,-0.0,0.0
138.72,-0.0,5.865
138.725,-0.0,0.0
138.73,-0.0,5.865
138.735,-0.0,0.0
138.74,-0.0,0.0
138.745,-0.0,5.865
138.75,-0.0,0.0
138.755,-0.0,0.0
138.76,-0.0,0.0
138.76500000000001,-0.0,0.0
138.77,-0.0,0.0
138.775,-0.0,0.0
138.78,-0.0,0.0
138.785,-0.0,0.0
138.79,-0.0,0.0
138.79500000000002,-0.0,0.0
138.8,-0.0,0.0
138.805,-0.0,0.0
138.81,-0.0,0.0
138.815,-0.0,0.0
138.82,-0.0,0.0
138.82500000000002,-0.0,0.0
138.83,-0.0,0.0
138.835,-0.0,0.0
138.84,-0.0,0.0
138.845,-0.0,5.865
138.85,-0.0,0.0
138.855,-0.0,0.0
138.86,-0.0,0.0
138.865,-0.0,0.0
138.87,-0.0,0.0
138.875,-0.0,5.865
138.88,-0.0,0.0
138.885,-0.0,0.0
138.89000000000001,-0.0,0.0
138.895,-0.0,0.0
138.9,-0.0,0.0
138.905,-0.0,0.0
138.91,-0.0,0.0
138.915,-0.0,0.0
138.92000000000002,-0.0,0.0
138.925,-0.0,5.865
138.93,-0.0,0.0
138.935,5.865,0.0
138.94,-0.0,0.0
138.945,-0.0,0.0
138.95000000000002,-0.0,0.0
138.955,-0.0,0.0
138.96,-0.0,0.0
138.965,-0.0,0.0
138.97,-0.0,5.865
138.975,5.865,0.0
138.98,-0.0,5.865
138.985,5.865,5.865
138.99,5.865,0.0
138.995,5.865,5.865
139.0,5.865,5.865
139.005,5.865,0.0
139.01,-0.0,5.865
139.01500000000001,-0.0,5.865
139.02,5.865,0.0
139.025,5.865,5.865
139.03,-0.0,5.865
139.035,5.865,5.865
139.04,5.865,5.865
139.04500000000002,5.865,5.865
139.05,5.865,0.0
139.055,-0.0,5.865
139.06,5.865,5.865
139.065,5.865,0.0
139.07,5.865,0.0
139.07500000000002,5.865,5.865
139.08,5.865,5.865
139.085,5.865,5.865
139.09,5.865,0.0
139.095,5.865,0.0
139.1,5.865,0.0
139.105,5.865,5.865
139.11,5.865,0.0
139.115,5.865,0.0
139.12,5.865,5.865
139.125,5.865,5.865
139.13,5.865,5.865
139.135,5.865,5.865
139.14000000000001,5.865,0.0
139.145,5.865,0.0
139.15,5.865,0.0
139.155,5.865,0.0
139.16,5.865,0.0
139.165,5.865,0.0
139.17000000000002,5.865,5.865
139.175,5.865,5.865
139.18,5.865,0.0
139.185,5.865,0.0
139.19,5.865,5.865
139.195,-0.0,0.0
139.20000000000002,5.865,5.865
139.205,-0.0,5.865
139.21,5.865,5.865
139.215,-0.0,5.865
139.22,5.865,5.865
139.225,5.865,5.865
139.23,5.865,5.865
139.235,-0.0,5.865
139.24,-0.0,5.865
139.245,-0.0,5.865
139.25,-0.0,5.865
139.255,-0.0,5.865
139.26,5.865,5.865
139.26500000000001,-0.0,5.865
139.27,-0.0,5.865
139.275,-0.0,5.865
139.28,-0.0,5.865
139.285,-0.0,5.865
139.29,-0.0,5.865
139.29500000000002,-0.0,5.865
139.3,-0.0,5.865
139.305,-0.0,5.865
139.31,-0.0,5.865
139.315,-0.0,5.865
139.32,-0.0,5.865
139.32500000000002,-0.0,5.865
139.33,-0.0,5.865
139.335,-0.0,5.865
139.34,-0.0,5.865
139.345,-0.0,5.865
139.35,-0.0,5.865
139.355,-0.0,0.0
139.36,-0.0,0.0
139.365,-0.0,5.865
139.37,-0.0,0.0
139.375,-0.0,0.0
139.38,-0.0,0.0
139.385,-0.0,0.0
139.39000000000001,-0.0,0.0
139.395,-0.0,0.0
139.4,-0.0,0.0
139.405,-0.0,0.0
139.41,-0.0,0.0
139.415,-0.0,0.0
139.42000000000002,-0.0,0.0
139.425,-0.0,0.0
139.43,-0.0,0.0
139.435,-0.0,0.0
139.44,5.865,0.0
139.445,-0.0,0.0
139.45000000000002,-0.0,0.0
139.455,5.865,0.0
139.46,-0.0,0.0
139.465,-0.0,0.0
139.47,-0.0,0.0
139.475,-0.0,0.0
139.48,-0.0,0.0
139.485,-0.0,0.0
139.49,-0.0,0.0
139.495,-0.0,0.0
139.5,-0.0,0.0
139.505,-0.0,0.0
139.51,-0.0,0.0
139.51500000000001,-0.0,0.0
139.52,-0.0,0.0
139.525,-0.0,0.0
139.53,-0.0,0.0
139.535,-0.0,0.0
139.54,-0.0,0.0
139.54500000000002,-0.0,0.0
139.55,-0.0,0.0
139.555,-0.0,0.0
139.56,5.865,0.0
139.565,-0.0,0.0
139.57,-0.0,0.0
139.57500000000002,-0.0,0.0
139.58,5.865,0.0
139.585,-0.0,0.0
139.59,5.865,0.0
139.595,5.865,0.0
139.6,-0.0,0.0
139.605,-0.0,0.0
139.61,5.865,0.0
139.615,-0.0,0.0
139.62,5.865,0.0
139.625,-0.0,0.0
139.63,5.865,0.0
139.635,5.865,0.0
139.64000000000001,-0.0,0.0
139.645,-0.0,0.0
139.65,-0.0,0.0
139.655,-0.0,0.0
139.66,5.865,0.0
139.665,-0.0,0.0
139.67000000000002,5.865,0.0
139.675,-0.0,0.0
139.68,-0.0,0.0
139.685,5.865,0.0
139.69,-0.0,0.0
139.695,-0.0,0.0
139.70000000000002,-0.0,0.0
139.705,-0.0,0.0
139.71,-0.0,0.0
139.715,-0.0,0.0
139.72,-0.0,0.0
139.725,-0.0,0.0
139.73,-0.0,0.0
139.735,-0.0,0.0
139.74,-0.0,0.0
139.745,-0.0,0.0
139.75,-0.0,0.0
139.755,-0.0,0.0
139.76,-0.0,0.0
139.76500000000001,-0.0,0.0
139.77,-0.0,0.0
139.775,-0.0,0.0
139.78,-0.0,-5.865
139.785,-0.0,-5.865
139.79,-0.0,0.0
139.79500000000002,-0.0,0.0
139.8,-0.0,0.0
139.805,-0.0,0.0
139.81,-0.0,0.0
139.815,-0.0,0.0
139.82,-0.0,0.0
139.82500000000002,-0.0,0.0
139.83,-0.0,0.0
139.835,-0.0,0.0
139.84,-0.0,0.0
139.845,-0.0,0.0
139.85,-0.0,0.0
139.855,-0.0,0.0
139.86,-0.0,0.0
139.865,-0.0,0.0
139.87,-0.0,0.0
139.875,-0.0,0.0
139.88,-0.0,0.0
139.885,-0.0,0.0
139.89000000000001,-0.0,0.0
139.895,-0.0,0.0
139.9,-0.0,0.0
139.905,-0.0,0.0
139.91,-0.0,0.0
139.915,-0.0,0.0
139.92000000000002,-0.0,0.0
139.925,-0.0,0.0
139.93,-0.0,0.0
139.935,-0.0,0.0
139.94,-0.0,0.0
139.945,-0.0,0.0
139.95000000000002,-0.0,0.0
139.955,-0.0,0.0
139.96,-0.0,0.0
139.965,-0.0,-5.865
139.97,-0.0,0.0
139.975,-0.0,0.0
139.98,-0.0,0.0
139.985,-0.0,0.0
139.99,-0.0,0.0
139.995,-0.0,0.0
140.0,-0.0,-5.865
140.005,-0.0,-5.865
140.01,-0.0,-5.865
140.01500000000001,-0.0,-5.865
140.02,-0.0,0.0
140.025,-0.0,0.0
140.03,-0.0,-5.865
140.035,-0.0,-5.865
140.04,-0.0,-5.865
140.04500000000002,-0.0,-5.865
140.05,-0.0,-5.865
140.055,-0.0,-5.865
140.06,-0.0,0.0
140.065,-0.0,0.0
140.07,-0.0,0.0
140.07500000000002,-0.0,0.0
140.08,-0.0,0.0
140.085,-0.0,0.0
140.09,-0.0,0.0
140.095,-0.0,0.0
140.1,-0.0,0.0
140.105,-0.0,0.0
140.11,-0.0,0.0
140.115,-0.0,0.0
140.12,-0.0,0.0
140.125,-0.0,0.0
140.13,-0.0,0.0
140.135,-0.0,0.0
140.14000000000001,-0.0,0.0
140.145,-0.0,0.0
140.15,-0.0,0.0
140.155,-0.0,0.0
140.16,-0.0,0.0
140.165,-0.0,0.0
140.17000000000002,-0.0,0.0
140.175,-0.0,0.0
140.18,-0.0,0.0
140.185,-5.865,5.865
140.19,-0.0,0.0
140.195,-5.865,0.0
140.20000000000002,-5.865,0.0
140.205,-5.865,0.0
140.21,-5.865,-5.865
140.215,-5.865,-5.865
140.22,-5.865,-5.865
140.225,-5.865,-5.865
140.23,-5.865,-5.865
140.235,-5.865,-5.865
140.24,-5.865,-5.865
140.245,-5.865,-11.73
140.25,-11.73,-11.73
140.255,-11.73,-11.73
140.26,-11.73,-11.73
140.26500000000001,-11.73,-11.73
140.27,-11.73,-17.595
140.275,-11.73,-17.595
140.28,-17.595,-17.595
140.285,-11.73,-17.595
140.29,-17.595,-17.595
140.29500000000002,-17.595,-17.595
140.3,-17.595,-17.595
140.305,-17.595,-23.46
140.31,-17.595,-23.46
140.315,-23.46,-23.46
140.32,-23.46,-23.46
140.32500000000002,-23.46,-23.46
140.33,-23.46,-23.46
140.335,-23.46,-23.46
140.34,-29.326,-23.46
140.345,-29.326,-23.46
140.35,-29.326,-23.46
140.355,-29.326,-23.46
140.36,-29.326,-23.46
140.365,-29.326,-23.46
140.37,-35.191,-23.46
140.375,-35.191,-23.46
140.38,-35.191,-23.46
140.385,-35.191,-23.46
140.39000000000001,-35.191,-23.46
140.395,-35.191,-23.46
140.4,-35.191,-23.46
140.405,-35.191,-23.46
140.41,-35.191,-23.46
140.415,-35.191,-23.46
140.42000000000002,-35.191,-23.46
140.425,-35.191,-23.46
140.43,-35.191,-23.46
140.435,-35.191,-17.595
140.44,-35.191,-17.595
140.445,-35.191,-17.595
140.45000000000002,-35.191,-17.595
140.455,-35.191,-17.595
140.46,-35.191,-17.595
140.465,-35.191,-17.595
140.47,-41.056,-17.595
140.475,-41.056,-17.595
140.48,-41.056,-17.595
140.485,-41.056,-17.595
140.49,-41.056,-17.595
140.495,-41.056,-17.595
140.5,-41.056,-17.595
140.505,-46.921,-17.595
140.51,-46.921,-11.73
140.51500000000001,-46.921,-17.595
140.52,-46.921,-17.595
140.525,-46.921,-11.73
140.53,-52.786,-11.73
140.535,-52.786,-11.73
140.54,-58.651,-11.73
140.54500000000002,-58.651,-11.73
140.55,-58.651,-11.73
140.555,-58.651,-11.73
140.56,-64.516,-11.73
140.565,-64.516,-11.73
140.57,-64.516,-11.73
140.57500000000002,-70.381,-11.73
140.58,-76.246,-11.73
140.585,-76.246,-11.73
140.59,-82.111,-11.73
140.595,-82.111,-11.73
140.6,-87.977,-11.73
140.605,-87.977,-11.73
140.61,-87.977,-11.73
140.615,-87.977,-11.73
140.62,-87.977,-11.73
140.625,-87.977,-11.73
140.63,-87.977,-11.73
140.635,-87.977,-11.73
140.64000000000001,-82.111,-11.73
140.645,-82.111,-11.73
140.65,-76.246,-11.73
140.655,-70.381,-11.73
140.66,-58.651,-11.73
140.665,-52.786,-11.73
140.67000000000002,-46.921,-5.865
140.675,-35.191,-5.865
140.68,-23.46,-11.73
140.685,-5.865,-5.865
140.69,5.865,-5.865
140.695,11.73,-5.865
140.70000000000002,29.326,-5.865
140.705,35.191,-5.865
140.71,46.921,-5.865
140.715,52.786,-5.865
140.72,64.516,-5.865
140.725,70.381,-5.865
140.73,82.111,-5.865
140.735,93.842,-5.865
140.74,99.707,-5.865
140.745,111.437,-5.865
140.75,117.302,-5.865
140.755,123.167,-5.865
140.76,129.032,-5.865
140.76500000000001,134.897,-11.73
140.77,146.628,-5.865
140.775,152.493,-5.865
140.78,152.493,-5.865
140.785,164.223,-11.73
140.79,164.223,-11.73
140.79500000000002,170.088,-11.73
140.8,170.088,-5.865
140.805,175.953,-11.73
140.81,175.953,-5.865
140.815,175.953,-11.73
140.82,181.818,-5.865
140.82500000000002,181.818,-11.73
140.83,181.818,-5.865
140.835,181.818,-11.73
140.84,181.818,-11.73
140.845,181.818,-11.73
140.85,181.818,-11.73
140.855,175.953,-11.73
140.86,175.953,-11.73
140.865,175.953,-11.73
140.87,170.088,-11.73
140.875,170.088,-11.73
140.88,170.088,-11.73
140.885,164.223,-11.73
140.89000000000001,164.223,-11.73
140.895,164.223,-11.73
140.9,158.358,-11.73
140.905,152.493,-11.73
140.91,152.493,-11.73
140.915,146.628,-11.73
140.92000000000002,146.628,-11.73
140.925,140.762,-17.595
140.93,134.897,-11.73
140.935,129.032,-17.595
140.94,129.032,-17.595
140.945,123.167,-17.595
140.95000000000002,117.302,-17.595
140.955,111.437,-23.46
140.96,105.572,-23.46
140.965,99.707,-23.46
140.97,93.842,-23.46
140.975,93.842,-29.326
140.98,82.111,-29.326
140.985,82.111,-29.326
140.99,76.246,-29.326
140.995,70.381,-29.326
141.0,58.651,-35.191
141.005,52.786,-35.191
141.01,46.921,-35.191
141.01500000000001,41.056,-35.191
141.02,35.191,-35.191
141.025,23.46,-35.191
141.03,17.595,-35.191
141.035,11.73,-35.191
141.04,-0.0,-41.056
141.04500000000002,-5.865,-41.056
141.05,-17.595,-41.056
141.055,-29.326,-35.191
141.06,-41.056,-41.056
141.065,-52.786,-41.056
141.07,-70.381,-41.056
141.07500000000002,-82.111,-41.056
141.08,-87.977,-41.056
141.085,-87.977,-41.056
141.09,-70.381,-41.056
141.095,-46.921,-41.056
141.1,-29.326,-41.056
141.105,-41.056,-41.056
141.11,-58.651,-41.056
141.115,-76.246,-41.056
141.12,-93.842,-41.056
141.125,-111.437,-41.056
141.13,-117.302,-41.056
141.135,-123.167,-41.056
141.14000000000001,-117.302,-46.921
141.145,-111.437,-46.921
141.15,-111.437,-46.921
141.155,-117.302,-46.921
141.16,-123.167,-46.921
141.165,-117.302,-46.921
141.17000000000002,-117.302,-52.786
141.175,-111.437,-52.786
141.18,-99.707,-52.786
141.185,-99.707,-58.651
141.19,-93.842,-58.651
141.195,-87.977,-58.651
141.20000000000002,-87.977,-58.651
141.205,-82.111,-64.516
141.21,-76.246,-64.516
141.215,-76.246,-70.381
141.22,-70.381,-70.381
141.225,-64.516,-70.381
141.23,-58.651,-76.246
141.235,-58.651,-76.246
141.24,-58.651,-76.246
141.245,-52.786,-76.246
141.25,-52.786,-82.111
141.255,-52.786,-82.111
141.26,-52.786,-82.111
141.26500000000001,-52.786,-82.111
141.27,-52.786,-87.977
141.275,-52.786,-87.977
141.28,-52.786,-87.977
141.285,-52.786,-93.842
141.29,-52.786,-93.842
141.29500000000002,-52.786,-99.707
141.3,-52.786,-99.707
141.305,-52.786,-105.572
141.31,-52.786,-105.572
141.315,-52.786,-105.572
141.32,-52.786,-105.572
141.32500000000002,-52.786,-105.572
141.33,-52.786,-105.572
141.335,-52.786,-105.572
141.34,-52.786,-111.437
141.345,-52.786,-111.437
141.35,-52.786,-123.167
141.355,-52.786,-123.167
141.36,-52.786,-117.302
141.365,-52.786,-117.302
141.37,-58.651,-117.302
141.375,-58.651,-111.437
141.38,-58.651,-117.302
141.385,-58.651,-117.302
141.39000000000001,-58.651,-111.437
141.395,-58.651,-111.437
141.4,-58.651,-105.572
141.405,-52.786,-105.572
141.41,-52.786,-105.572
141.415,-52.786,-93.842
141.42000000000002,-52.786,-76.246
141.425,-52.786,-64.516
141.43,-52.786,-58.651
141.435,-52.786,-46.921
141.44,-46.921,-11.73
141.445,-46.921,5.865
141.45000000000002,-46.921,5.865
141.455,-46.921,23.46
141.46,-46.921,46.921
141.465,-46.921,58.651
141.47,-46.921,76.246
141.475,-46.921,87.977
141.48,-46.921,93.842
141.485,-46.921,105.572
141.49,-46.921,111.437
141.495,-46.921,123.167
141.5,-46.921,134.897
141.505,-46.921,152.493
141.51,-46.921,170.088
141.51500000000001,-52.786,181.818
141.52,-52.786,193.548
141.525,-52.786,211.144
141.53,-52.786,222.874
141.535,-58.651,234.604
141.54,-58.651,252.199
141.54500000000002,-58.651,263.93
141.55,-58.651,275.66
141.555,-58.651,287.39
141.56,-64.516,299.12
141.565,-64.516,304.985
141.57,-64.516,316.715
141.57500000000002,-64.516,328.446
141.58,-64.516,334.311
141.585,-64.516,340.176
141.59,-64.516,351.906
141.595,-70.381,357.771
141.6,-70.381,357.771
141.605,-70.381,363.636
141.61,-70.381,363.636
141.615,-70.381,369.501
141.62,-76.246,375.366
141.625,-76.246,375.366
141.63,-76.246,381.232
141.635,-82.111,381.232
141.64000000000001,-82.111,381.232
141.645,-82.111,381.232
141.65,-82.111,375.366
141.655,-87.977,369.501
141.66,-87.977,357.771
141.665,-87.977,351.906
141.67000000000002,-93.842,340.176
141.675,-93.842,328.446
141.68,-99.707,316.715
141.685,-105.572,299.12
141.69,-105.572,287.39
141.695,-105.572,269.795
141.70000000000002,-111.437,246.334
141.705,-117.302,222.874
141.71,-117.302,205.279
141.715,-123.167,187.683
141.72,-123.167,170.088
141.725,-123.167,146.628
141.73,-123.167,123.167
141.735,-123.167,93.842
141.74,-123.167,70.381
141.745,-117.302,41.056
141.75,-117.302,11.73
141.755,-111.437,-11.73
141.76,-111.437,-46.921
141.76500000000001,-105.572,-76.246
141.77,-105.572,-105.572
141.775,-99.707,-117.302
141.78,-99.707,-111.437
141.785,-93.842,-64.516
141.79,-87.977,-5.865
141.79500000000002,-82.111,17.595
141.8,-76.246,0.0
141.805,-76.246,-29.326
141.81,-82.111,-70.381
141.815,-82.111,-123.167
141.82,-82.111,-164.223
141.82500000000002,-82.111,-175.953
141.83,-76.246,-158.358
141.835,-76.246,-134.897
141.84,-76.246,-123.167
141.845,-70.381,-123.167
141.85,-70.381,-134.897
141.855,-64.516,-152.493
141.86,-64.516,-158.358
141.865,-64.516,-158.358
141.87,-64.516,-146.628
141.875,-64.516,-134.897
141.88,-58.651,-140.762
141.885,-52.786,-140.762
141.89000000000001,-52.786,-146.628
141.895,-46.921,-140.762
141.9,-23.46,-134.897
141.905,-5.865,-129.032
141.91,-0.0,-123.167
141.915,11.73,-123.167
141.92000000000002,29.326,-117.302
141.925,46.921,-117.302
141.93,58.651,-111.437
141.935,70.381,-111.437
141.94,82.111,-105.572
141.945,82.111,-105.572
141.95000000000002,93.842,-105.572
141.955,99.707,-105.572
141.96,111.437,-105.572
141.965,123.167,-99.707
141.97,134.897,-93.842
141.975,146.628,-93.842
141.98,158.358,-87.977
141.985,170.088,-87.977
141.99,175.953,-82.111
141.995,187.683,-76.246
142.0,199.413,-76.246
142.005,205.279,-70.381
142.01,211.144,-70.381
142.01500000000001,222.874,-64.516
142.02,228.739,-64.516
142.025,234.604,-64.516
142.03,240.469,-58.651
142.035,246.334,-58.651
142.04,246.334,-58.651
142.04500000000002,258.064,-58.651
142.05,258.064,-58.651
142.055,263.93,-58.651
142.06,269.795,-52.786
142.065,269.795,-58.651
142.07,275.66,-52.786
142.07500000000002,275.66,-52.786
142.08,281.525,-52.786
142.085,281.525,-52.786
142.09,281.525,-52.786
142.095,281.525,-52.786
142.1,287.39,-52.786
142.105,287.39,-52.786
142.11,287.39,-52.786
142.115,293.255,-52.786
142.12,293.255,-46.921
142.125,293.255,-46.921
142.13,287.39,-46.921
142.135,287.39,-46.921
142.14000000000001,281.525,-46.921
142.145,281.525,-46.921
142.15,275.66,-46.921
142.155,269.795,-46.921
142.16,263.93,-46.921
142.165,258.064,-46.921
142.17000000000002,246.334,-46.921
142.175,240.469,-46.921
142.18,228.739,-46.921
142.185,222.874,-46.921
142.19,211.144,-46.921
142.195,199.413,-46.921
142.20000000000002,181.818,-46.921
142.205,164.223,-52.786
142.21,146.628,-52.786
142.215,129.032,-52.786
142.22,111.437,-52.786
142.225,93.842,-52.786
142.23,76.246,-52.786
142.235,52.786,-52.786
142.24,29.326,-52.786
142.245,5.865,-58.651
142.25,-11.73,-58.651
142.255,-35.191,-58.651
142.26,-52.786,-58.651
142.26500000000001,-70.381,-58.651
142.27,-82.111,-64.516
142.275,-87.977,-64.516
142.28,-105.572,-64.516
142.285,-117.302,-64.516
142.29,-129.032,-64.516
142.29500000000002,-111.437,-64.516
142.3,-82.111,-64.516
142.305,-46.921,-64.516
142.31,-35.191,-64.516
142.315,-52.786,-64.516
142.32,-82.111,-64.516
142.32500000000002,-111.437,-64.516
142.33,-134.897,-70.381
142.335,-152.493,-70.381
142.34,-158.358,-70.381
142.345,-158.358,-70.381
142.35,-140.762,-70.381
142.355,-117.302,-70.381
142.36,-111.437,-70.381
142.365,-129.032,-76.246
142.37,-146.628,-76.246
142.375,-146.628,-82.111
142.38,-140.762,-82.111
142.385,-129.032,-87.977
142.39000000000001,-117.302,-87.977
142.395,-111.437,-93.842
142.4,-111.437,-93.842
142.405,-105.572,-99.707
142.41,-99.707,-105.572
142.415,-93.842,-105.572
142.42000000000002,-82.111,-111.437
142.425,-76.246,-111.437
142.43,-70.381,-117.302
142.435,-70.381,-117.302
142.44,-64.516,-123.167
142.445,-64.516,-123.167
142.45000000000002,-64.516,-129.032
142.455,-58.651,-129.032
142.46,-58.651,-129.032
142.465,-58.651,-134.897
142.47,-64.516,-134.897
142.475,-58.651,-140.762
142.48,-58.651,-140.762
142.485,-58.651,-146.628
142.49,-58.651,-140.762
142.495,-64.516,-140.762
142.5,-58.651,-140.762
142.505,-58.651,-134.897
142.51,-58.651,-134.897
142.51500000000001,-58.651,-140.762
142.52,-58.651,-146.628
142.525,-58.651,-146.628
142.53,-58.651,-140.762
142.535,-58.651,-129.032
142.54,-58.651,-123.167
142.54500000000002,-58.651,-117.302
142.55,-58.651,-117.302
142.555,-58.651,-117.302
142.56,-58.651,-123.167
142.565,-58.651,-123.167
142.57,-58.651,-111.437
142.57500000000002,-58.651,-93.842
142.58,-64.516,-64.516
142.585,-64.516,-52.786
142.59,-64.516,-46.921
142.595,-64.516,-11.73
142.6,-58.651,11.73
142.605,-58.651,23.46
142.61,-64.516,52.786
142.615,-58.651,76.246
142.62,-58.651,99.707
142.625,-58.651,117.302
142.63,-58.651,129.032
142.635,-58.651,134.897
142.64000000000001,-58.651,140.762
142.645,-58.651,152.493
142.65,-58.651,158.358
142.655,-64.516,175.953
142.66,-64.516,193.548
142.665,-64.516,211.144
142.67000000000002,-64.516,222.874
142.675,-64.516,240.469
142.68,-70.381,252.199
142.685,-70.381,269.795
142.69,-70.381,287.39
142.695,-70.381,299.12
142.70000000000002,-70.381,310.85
142.705,-70.381,322.581
142.71,-70.381,334.311
142.715,-64.516,340.176
142.72,-70.381,351.906
142.725,-70.381,357.771
142.73,-70.381,363.636
142.735,-70.381,375.366
142.74,-70.381,381.232
142.745,-70.381,387.097
142.75,-76.246,387.097
142.755,-76.246,392.962
142.76,-76.246,398.827
142.76500000000001,-76.246,398.827
142.77,-82.111,404.692
142.775,-82.111,410.557
142.78,-82.111,410.557
142.785,-82.111,410.557
142.79,-87.977,410.557
142.79500000000002,-87.977,404.692
142.8,-87.977,398.827
142.805,-93.842,392.962
142.81,-93.842,387.097
142.815,-99.707,375.366
142.82,-93.842,363.636
142.82500000000002,-99.707,346.041
142.83,-99.707,328.446
142.835,-99.707,299.12
142.84,-105.572,269.795
142.845,-105.572,240.469
142.85,-111.437,211.144
142.855,-111.437,187.683
142.86,-117.302,158.358
142.865,-123.167,129.032
142.87,-123.167,93.842
142.875,-123.167,58.651
142.88,-129.032,23.46
142.885,-129.032,-11.73
142.89000000000001,-129.032,-52.786
142.895,-129.032,-82.111
142.9,-129.032,-111.437
142.905,-129.032,-134.897
142.91,-129.032,-152.493
142.915,-123.167,-146.628
142.92000000000002,-117.302,-111.437
142.925,-111.437,-46.921
142.93,-105.572,23.46
142.935,-99.707,41.056
142.94,-87.977,0.0
142.945,-82.111,-52.786
142.95000000000002,-76.246,-111.437
142.955,-82.111,-164.223
142.96,-82.111,-193.548
142.965,-87.977,-193.548
142.97,-82.111,-158.358
142.975,-82.111,-134.897
142.98,-76.246,-123.167
142.985,-70.381,-129.032
142.99,-70.381,-152.493
142.995,-64.516,-164.223
143.0,-64.516,-158.358
143.005,-58.651,-146.628
143.01,-58.651,-140.762
143.01500000000001,-58.651,-134.897
143.02,-52.786,-129.032
143.025,-46.921,-129.032
143.03,-46.921,-129.032
143.035,-41.056,-123.167
143.04,-23.46,-117.302
143.04500000000002,-11.73,-111.437
143.05,-5.865,-105.572
143.055,5.865,-105.572
143.06,23.46,-99.707
143.065,35.191,-99.707
143.07,46.921,-93.842
143.07500000000002,58.651,-87.977
143.08,58.651,-82.111
143.085,64.516,-82.111
143.09,76.246,-82.111
143.095,82.111,-82.111
143.1,87.977,-76.246
143.105,99.707,-76.246
143.11,111.437,-76.246
143.115,123.167,-70.381
143.12,129.032,-70.381
143.125,140.762,-64.516
143.13,152.493,-64.516
143.135,158.358,-58.651
143.14000000000001,170.088,-58.651
143.145,175.953,-58.651
143.15,181.818,-52.786
143.155,187.683,-52.786
143.16,193.548,-52.786
143.165,205.279,-46.921
143.17000000000002,205.279,-46.921
143.175,211.144,-46.921
143.18,217.009,-46.921
143.185,222.874,-46.921
143.19,228.739,-46.921
143.195,228.739,-46.921
143.20000000000002,234.604,-46.921
143.205,240.469,-41.056
143.21,246.334,-46.921
143.215,246.334,-46.921
143.22,252.199,-41.056
143.225,252.199,-41.056
143.23,258.064,-41.056
143.235,258.064,-46.921
143.24,258.064,-46.921
143.245,258.064,-46.921
143.25,263.93,-46.921
143.255,263.93,-41.056
143.26,263.93,-41.056
143.26500000000001,263.93,-46.921
143.27,263.93,-46.921
143.275,263.93,-46.921
143.28,263.93,-46.921
143.285,263.93,-46.921
143.29,258.064,-46.921
143.29500000000002,258.064,-46.921
143.3,258.064,-46.921
143.305,252.199,-52.786
143.31,252.199,-52.786
143.315,246.334,-52.786
143.32,246.334,-52.786
143.32500000000002,240.469,-52.786
143.33,234.604,-58.651
143.335,228.739,-58.651
143.34,222.874,-58.651
143.345,211.144,-58.651
143.35,205.279,-58.651
143.355,193.548,-58.651
143.36,181.818,-64.516
143.365,164.223,-64.516
143.37,146.628,-64.516
143.375,134.897,-64.516
143.38,117.302,-64.516
143.385,93.842,-64.516
143.39000000000001,76.246,-64.516
143.395,58.651,-64.516
143.4,35.191,-64.516
143.405,11.73,-64.516
143.41,-5.865,-64.516
143.415,-23.46,-70.381
143.42000000000002,-41.056,-70.381
143.425,-64.516,-70.381
143.43,-87.977,-70.381
143.435,-105.572,-70.381
143.44,-129.032,-70.381
143.445,-134.897,-70.381
143.45000000000002,-111.437,-70.381
143.455,-82.111,-70.381
143.46,-70.381,-70.381
143.465,-93.842,-70.381
143.47,-123.167,-70.381
143.475,-140.762,-70.381
143.48,-152.493,-70.381
143.485,-164.223,-70.381
143.49,-175.953,-70.381
143.495,-170.088,-70.381
143.5,-146.628,-76.246
143.505,-146.628,-76.246
143.51,-164.223,-76.246
143.51500000000001,-164.223,-82.111
143.52,-158.358,-82.111
143.525,-152.493,-87.977
143.53,-140.762,-87.977
143.535,-134.897,-93.842
143.54,-129.032,-99.707
143.54500000000002,-117.302,-105.572
143.55,-111.437,-111.437
143.555,-99.707,-117.302
143.56,-93.842,-123.167
143.565,-87.977,-134.897
143.57,-82.111,-140.762
143.57500000000002,-76.246,-146.628
143.58,-70.381,-146.628
143.585,-70.381,-152.493
143.59,-64.516,-152.493
143.595,-64.516,-158.358
143.6,-64.516,-158.358
143.605,-64.516,-158.358
143.61,-64.516,-158.358
143.615,-64.516,-164.223
143.62,-64.516,-164.223
143.625,-64.516,-164.223
143.63,-64.516,-158.358
143.635,-58.651,-158.358
143.64000000000001,-58.651,-152.493
143.645,-58.651,-152.493
143.65,-58.651,-152.493
143.655,-58.651,-152.493
143.66,-58.651,-158.358
143.665,-58.651,-158.358
143.67000000000002,-58.651,-164.223
143.675,-58.651,-158.358
143.68,-58.651,-146.628
143.685,-64.516,-134.897
143.69,-64.516,-123.167
143.695,-64.516,-117.302
143.70000000000002,-64.516,-117.302
143.705,-64.516,-123.167
143.71,-64.516,-117.302
143.715,-64.516,-99.707
143.72,-64.516,-82.111
143.725,-70.381,-64.516
143.73,-70.381,-46.921
143.735,-70.381,-23.46
143.74,-70.381,0.0
143.745,-70.381,23.46
143.75,-70.381,58.651
143.755,-70.381,87.977
143.76,-70.381,105.572
143.76500000000001,-70.381,123.167
143.77,-64.516,129.032
143.775,-64.516,134.897
143.78,-64.516,140.762
143.785,-64.516,152.493
143.79,-64.516,164.223
143.79500000000002,-58.651,175.953
143.8,-58.651,193.548
143.805,-58.651,211.144
143.81,-58.651,228.739
143.815,-58.651,246.334
143.82,-58.651,263.93
143.82500000000002,-58.651,275.66
143.83,-58.651,293.255
143.835,-58.651,304.985
143.84,-58.651,316.715
143.845,-58.651,328.446
143.85,-58.651,340.176
143.855,-64.516,346.041
143.86,-64.516,357.771
143.865,-64.516,363.636
143.87,-70.381,375.366
143.875,-70.381,381.232
143.88,-70.381,387.097
143.885,-70.381,392.962
143.89000000000001,-76.246,392.962
143.895,-76.246,398.827
143.9,-76.246,404.692
143.905,-76.246,410.557
143.91,-82.111,410.557
143.915,-82.111,416.422
143.92000000000002,-82.111,422.287
143.925,-87.977,416.422
143.93,-87.977,416.422
143.935,-93.842,410.557
143.94,-93.842,404.692
143.945,-99.707,398.827
143.95000000000002,-99.707,392.962
143.955,-105.572,381.232
143.96,-111.437,363.636
143.965,-117.302,346.041
143.97,-123.167,316.715
143.975,-129.032,287.39
143.98,-129.032,258.064
143.985,-134.897,234.604
143.99,-140.762,211.144
143.995,-146.628,181.818
144.0,-152.493,152.493
144.005,-152.493,123.167
144.01,-152.493,82.111
144.01500000000001,-152.493,46.921
144.02,-146.628,11.73
144.025,-140.762,-29.326
144.03,-140.762,-70.381
144.035,-134.897,-111.437
144.04,-129.032,-134.897
144.04500000000002,-123.167,-146.628
144.05,-111.437,-117.302
144.055,-105.572,-52.786
144.06,-93.842,29.326
144.065,-93.842,35.191
144.07,-87.977,-11.73
144.07500000000002,-93.842,-58.651
144.08,-93.842,-117.302
144.085,-93.842,-175.953
144.09,-82.111,-199.413
144.095,-76.246,-193.548
144.1,-70.381,-158.358
144.105,-64.516,-134.897
144.11,-64.516,-129.032
144.115,-64.516,-146.628
144.12,-64.516,-164.223
144.125,-64.516,-175.953
144.13,-58.651,-175.953
144.135,-52.786,-158.358
144.14000000000001,-41.056,-152.493
144.145,-35.191,-146.628
144.15,-17.595,-146.628
144.155,-5.865,-140.762
144.16,-5.865,-134.897
144.165,5.865,-129.032
144.17000000000002,29.326,-129.032
144.175,52.786,-117.302
144.18,64.516,-111.437
144.185,70.381,-105.572
144.19,70.381,-99.707
144.195,76.246,-93.842
144.20000000000002,82.111,-93.842
144.205,87.977,-93.842
144.21,99.707,-93.842
144.215,111.437,-93.842
144.22,123.167,-93.842
144.225,134.897,-87.977
144.23,152.493,-87.977
144.235,164.223,-82.111
144.24,170.088,-82.111
144.245,175.953,-76.246
144.25,187.683,-76.246
144.255,193.548,-70.381
144.26,199.413,-64.516
144.26500000000001,211.144,-64.516
144.27,217.009,-58.651
144.275,222.874,-58.651
144.28,228.739,-52.786
144.285,234.604,-52.786
144.29,240.469,-46.921
144.29500000000002,240.469,-46.921
144.3,246.334,-46.921
144.305,252.199,-46.921
144.31,258.064,-46.921
144.315,263.93,-41.056
144.32,269.795,-46.921
144.32500000000002,269.795,-41.056
144.33,275.66,-46.921
144.335,269.795,-46.921
144.34,275.66,-46.921
144.345,275.66,-46.921
144.35,275.66,-46.921
144.355,275.66,-46.921
144.36,281.525,-52.786
144.365,281.525,-52.786
144.37,281.525,-52.786
144.375,281.525,-52.786
144.38,281.525,-52.786
144.385,281.525,-52.786
144.39000000000001,275.66,-52.786
144.395,275.66,-52.786
144.4,269.795,-52.786
144.405,269.795,-58.651
144.41,263.93,-58.651
144.415,263.93,-58.651
144.42000000000002,258.064,-58.651
144.425,252.199,-58.651
144.43,246.334,-58.651
144.435,234.604,-58.651
144.44,228.739,-58.651
144.445,222.874,-58.651
144.45000000000002,211.144,-64.516
144.455,199.413,-64.516
144.46,187.683,-64.516
144.465,170.088,-64.516
144.47,158.358,-64.516
144.475,140.762,-64.516
144.48,123.167,-70.381
144.485,111.437,-70.381
144.49,93.842,-70.381
144.495,76.246,-70.381
144.5,52.786,-70.381
144.505,41.056,-70.381
144.51,17.595,-70.381
144.51500000000001,-0.0,-70.381
144.52,-11.73,-70.381
144.525,-29.326,-70.381
144.53,-41.056,-70.381
144.535,-52.786,-70.381
144.54,-64.516,-70.381
144.54500000000002,-64.516,-70.381
144.55,-76.246,-70.381
144.555,-87.977,-70.381
144.56,-99.707,-70.381
144.565,-111.437,-70.381
144.57,-105.572,-70.381
144.57500000000002,-87.977,-70.381
144.58,-58.651,-70.381
144.585,-35.191,-70.381
144.59,-41.056,-70.381
144.595,-70.381,-70.381
144.6,-99.707,-70.381
144.605,-117.302,-70.381
144.61,-134.897,-70.381
144.615,-140.762,-70.381
144.62,-146.628,-70.381
144.625,-134.897,-76.246
144.63,-117.302,-76.246
144.635,-105.572,-76.246
144.64000000000001,-111.437,-76.246
144.645,-123.167,-76.246
144.65,-134.897,-82.111
144.655,-140.762,-82.111
144.66,-134.897,-87.977
144.665,-123.167,-87.977
144.67000000000002,-111.437,-93.842
144.675,-105.572,-93.842
144.68,-105.572,-99.707
144.685,-99.707,-105.572
144.69,-93.842,-105.572
144.695,-87.977,-111.437
144.70000000000002,-82.111,-117.302
144.705,-76.246,-123.167
144.71,-70.381,-123.167
144.715,-70.381,-129.032
144.72,-70.381,-129.032
144.725,-70.381,-134.897
144.73,-64.516,-140.762
144.735,-64.516,-140.762
144.74,-64.516,-140.762
144.745,-64.516,-140.762
144.75,-64.516,-146.628
144.755,-64.516,-146.628
144.76,-64.516,-152.493
144.76500000000001,-70.381,-146.628
144.77,-70.381,-146.628
144.775,-70.381,-146.628
144.78,-64.516,-146.628
144.785,-64.516,-146.628
144.79,-64.516,-152.493
144.79500000000002,-64.516,-158.358
144.8,-64.516,-158.358
144.805,-64.516,-146.628
144.81,-64.516,-129.032
144.815,-64.516,-117.302
144.82,-64.516,-111.437
144.82500000000002,-64.516,-111.437
144.83,-64.516,-117.302
144.835,-64.516,-117.302
144.84,-70.381,-117.302
144.845,-70.381,-99.707
144.85,-64.516,-76.246
144.855,-70.381,-58.651
144.86,-70.381,-41.056
144.865,-70.381,-5.865
144.87,-70.381,11.73
144.875,-64.516,35.191
144.88,-70.381,64.516
144.885,-70.381,93.842
144.89000000000001,-70.381,117.302
144.895,-70.381,129.032
144.9,-70.381,140.762
144.905,-70.381,152.493
144.91,-70.381,164.223
144.915,-70.381,170.088
144.92000000000002,-76.246,181.818
144.925,-76.246,199.413
144.93,-76.246,217.009
144.935,-82.111,240.469
144.94,-82.111,258.064
144.945,-82.111,269.795
144.95000000000002,-82.111,287.39
144.955,-82.111,304.985
144.96,-82.111,322.581
144.965,-82.111,334.311
144.97,-82.111,346.041
144.975,-82.111,357.771
144.98,-76.246,369.501
144.985,-76.246,375.366
144.99,-76.246,387.097
144.995,-76.246,392.962
145.0,-76.246,398.827
145.005,-82.111,410.557
145.01,-82.111,410.557
145.01500000000001,-82.111,422.287
145.02,-82.111,422.287
145.025,-87.977,428.152
145.03,-87.977,434.017
145.035,-87.977,434.017
145.04,-93.842,434.017
145.04500000000002,-93.842,434.017
145.05,-99.707,434.017
145.055,-99.707,428.152
145.06,-105.572,428.152
145.065,-111.437,416.422
145.07,-111.437,410.557
145.07500000000002,-117.302,392.962
145.08,-123.167,375.366
145.085,-123.167,363.636
145.09,-129.032,340.176
145.095,-129.032,316.715
145.1,-134.897,293.255
145.105,-134.897,263.93
145.11,-134.897,240.469
145.115,-134.897,217.009
145.12,-140.762,181.818
145.125,-140.762,152.493
145.13,-140.762,111.437
145.135,-140.762,76.246
145.14000000000001,-140.762,35.191
145.145,-140.762,-5.865
145.15,-140.762,-46.921
145.155,-140.762,-87.977
145.16,-134.897,-117.302
145.165,-134.897,-146.628
145.17000000000002,-129.032,-164.223
145.175,-123.167,-175.953
145.18,-117.302,-175.953
145.185,-111.437,-164.223
145.19,-99.707,-129.032
145.195,-93.842,-64.516
145.20000000000002,-93.842,29.326
145.205,-93.842,76.246
145.21,-99.707,46.921
145.215,-99.707,0.0
145.22,-93.842,-64.516
145.225,-93.842,-134.897
145.23,-82.111,-187.683
145.235,-76.246,-222.874
145.24,-76.246,-193.548
145.245,-76.246,-146.628
145.25,-76.246,-117.302
145.255,-82.111,-99.707
145.26,-82.111,-117.302
145.26500000000001,-82.111,-140.762
145.27,-76.246,-164.223
145.275,-64.516,-170.088
145.28,-58.651,-170.088
145.285,-52.786,-170.088
145.29,-29.326,-164.223
145.29500000000002,-17.595,-158.358
145.3,-11.73,-152.493
145.305,-5.865,-152.493
145.31,11.73,-152.493
145.315,35.191,-152.493
145.32,52.786,-152.493
145.32500000000002,64.516,-146.628
145.33,64.516,-140.762
145.335,70.381,-134.897
145.34,70.381,-129.032
145.345,76.246,-123.167
145.35,87.977,-117.302
145.355,99.707,-117.302
145.36,111.437,-117.302
145.365,123.167,-117.302
145.37,140.762,-117.302
145.375,152.493,-111.437
145.38,158.358,-111.437
145.385,170.088,-111.437
145.39000000000001,175.953,-105.572
145.395,181.818,-99.707
145.4,193.548,-99.707
145.405,199.413,-93.842
145.41,211.144,-93.842
145.415,217.009,-87.977
145.42000000000002,222.874,-76.246
145.425,228.739,-76.246
145.43,234.604,-70.381
145.435,240.469,-64.516
145.44,246.334,-64.516
145.445,252.199,-64.516
145.45000000000002,258.064,-64.516
145.455,263.93,-64.516
145.46,263.93,-64.516
145.465,263.93,-64.516
145.47,263.93,-64.516
145.475,269.795,-58.651
145.48,269.795,-58.651
145.485,269.795,-58.651
145.49,269.795,-58.651
145.495,269.795,-58.651
145.5,275.66,-58.651
145.505,275.66,-58.651
145.51,275.66,-58.651
145.51500000000001,275.66,-52.786
145.52,275.66,-52.786
145.525,275.66,-52.786
145.53,269.795,-52.786
145.535,269.795,-52.786
145.54,269.795,-52.786
145.54500000000002,263.93,-52.786
145.55,258.064,-52.786
145.555,252.199,-52.786
145.56,252.199,-52.786
145.565,246.334,-46.921
145.57,240.469,-52.786
145.57500000000002,234.604,-46.921
145.58,228.739,-46.921
145.585,222.874,-46.921
145.59,217.009,-46.921
145.595,205.279,-46.921
145.6,199.413,-46.921
145.605,193.548,-46.921
145.61,181.818,-46.921
145.615,170.088,-46.921
145.62,164.223,-41.056
145.625,152.493,-41.056
145.63,140.762,-41.056
145.635,129.032,-41.056
145.64000000000001,117.302,-41.056
145.645,99.707,-41.056
145.65,87.977,-41.056
145.655,70.381,-41.056
145.66,58.651,-41.056
145.665,41.056,-41.056
145.67000000000002,23.46,-41.056
145.675,11.73,-41.056
145.68,-11.73,-41.056
145.685,-29.326,-41.056
145.69,-52.786,-41.056
145.695,-70.381,-41.056
145.70000000000002,-93.842,-41.056
145.705,-111.437,-41.056
145.71,-123.167,-41.056
145.715,-117.302,-41.056
145.72,-87.977,-46.921
145.725,-64.516,-46.921
145.73,-64.516,-46.921
145.735,-82.111,-46.921
145.74,-105.572,-46.921
145.745,-123.167,-46.921
145.75,-140.762,-52.786
145.755,-152.493,-52.786
145.76,-158.358,-52.786
145.76500000000001,-152.493,-58.651
145.77,-123.167,-58.651
145.775,-117.302,-58.651
145.78,-134.897,-58.651
145.785,-146.628,-64.516
145.79,-158.358,-64.516
145.79500000000002,-152.493,-64.516
145.8,-140.762,-70.381
145.805,-134.897,-76.246
145.81,-129.032,-82.111
145.815,-117.302,-82.111
145.82,-105.572,-87.977
145.82500000000002,-99.707,-93.842
145.83,-93.842,-99.707
145.835,-93.842,-105.572
145.84,-87.977,-111.437
145.845,-87.977,-111.437
145.85,-82.111,-117.302
145.855,-76.246,-117.302
145.86,-76.246,-123.167
145.865,-76.246,-123.167
145.87,-76.246,-129.032
145.875,-76.246,-129.032
145.88,-76.246,-129.032
145.885,-76.246,-134.897
145.89000000000001,-76.246,-134.897
145.895,-76.246,-134.897
145.9,-76.246,-134.897
145.905,-76.246,-140.762
145.91,-76.246,-140.762
145.915,-76.246,-140.762
145.92000000000002,-70.381,-140.762
145.925,-70.381,-140.762
145.93,-70.381,-146.628
145.935,-70.381,-152.493
145.94,-64.516,-158.358
145.945,-64.516,-164.223
145.95000000000002,-64.516,-164.223
145.955,-64.516,-158.358
145.96,-64.516,-152.493
145.965,-64.516,-140.762
145.97,-64.516,-134.897
145.975,-64.516,-123.167
145.98,-64.516,-123.167
145.985,-64.516,-123.167
145.99,-64.516,-117.302
145.995,-70.381,-111.437
146.0,-64.516,-99.707
146.005,-70.381,-87.977
146.01,-70.381,-76.246
146.01500000000001,-70.381,-52.786
146.02,-70.381,-29.326
146.025,-70.381,-5.865
146.03,-70.381,23.46
146.035,-70.381,52.786
146.04,-70.381,76.246
146.04500000000002,-70.381,93.842
146.05,-70.381,105.572
146.055,-64.516,117.302
146.06,-64.516,129.032
146.065,-64.516,140.762
146.07,-64.516,152.493
146.07500000000002,-64.516,170.088
146.08,-64.516,187.683
146.085,-64.516,205.279
146.09,-64.516,222.874
146.095,-58.651,234.604
146.1,-58.651,252.199
146.105,-64.516,263.93
146.11,-64.516,281.525
146.115,-64.516,299.12
146.12,-64.516,310.85
146.125,-64.516,322.581
146.13,-64.516,334.311
146.135,-64.516,346.041
146.14000000000001,-64.516,357.771
146.145,-64.516,369.501
146.15,-70.381,375.366
146.155,-76.246,387.097
146.16,-76.246,392.962
146.165,-82.111,398.827
146.17000000000002,-87.977,404.692
146.175,-87.977,404.692
146.18,-93.842,410.557
146.185,-99.707,410.557
146.19,-105.572,416.422
146.195,-105.572,416.422
146.20000000000002,-111.437,422.287
146.205,-111.437,422.287
146.21,-117.302,422.287
146.215,-123.167,416.422
146.22,-123.167,410.557
146.225,-129.032,404.692
146.23,-129.032,387.097
146.235,-134.897,375.366
146.24,-134.897,363.636
146.245,-140.762,346.041
146.25,-140.762,328.446
146.255,-140.762,299.12
146.26,-146.628,269.795
146.26500000000001,-152.493,240.469
146.27,-152.493,217.009
146.275,-152.493,187.683
146.28,-146.628,152.493
146.285,-146.628,117.302
146.29,-140.762,82.111
146.29500000000002,-134.897,41.056
146.3,-129.032,0.0
146.305,-123.167,-41.056
146.31,-117.302,-82.111
146.315,-111.437,-123.167
146.32,-105.572,-146.628
146.32500000000002,-99.707,-134.897
146.33,-99.707,-82.111
146.335,-99.707,-11.73
146.34,-93.842,23.46
146.345,-93.842,-11.73
146.35,-87.977,-58.651
146.355,-76.246,-117.302
146.36,-64.516,-175.953
146.365,-64.516,-211.144
146.37,-58.651,-211.144
146.375,-58.651,-181.818
146.38,-52.786,-164.223
146.385,-52.786,-164.223
146.39000000000001,-52.786,-181.818
146.395,-41.056,-199.413
146.4,-35.191,-193.548
146.405,-35.191,-175.953
146.41,-17.595,-164.223
146.415,-11.73,-158.358
146.42000000000002,-5.865,-158.358
146.425,-0.0,-158.358
146.43,23.46,-152.493
146.435,41.056,-146.628
146.44,58.651,-140.762
146.445,70.381,-134.897
146.45000000000002,76.246,-134.897
146.455,76.246,-129.032
146.46,82.111,-117.302
146.465,93.842,-111.437
146.47,99.707,-105.572
146.475,111.437,-105.572
146.48,123.167,-99.707
146.485,140.762,-93.842
146.49,146.628,-93.842
146.495,158.358,-93.842
146.5,170.088,-87.977
146.505,175.953,-87.977
146.51,181.818,-82.111
146.51500000000001,193.548,-76.246
146.52,199.413,-76.246
146.525,199.413,-70.381
146.53,211.144,-70.381
146.535,217.009,-64.516
146.54,217.009,-64.516
146.54500000000002,222.874,-58.651
146.55,228.739,-58.651
146.555,234.604,-52.786
146.56,234.604,-52.786
146.565,240.469,-46.921
146.57,246.334,-46.921
146.57500000000002,246.334,-46.921
146.58,252.199,-41.056
146.585,258.064,-41.056
146.59,258.064,-41.056
146.595,263.93,-41.056
146.6,263.93,-41.056
146.605,269.795,-41.056
146.61,269.795,-41.056
146.615,269.795,-41.056
146.62,269.795,-41.056
146.625,275.66,-41.056
146.63,275.66,-41.056
146.635,275.66,-41.056
146.64000000000001,275.66,-41.056
146.645,275.66,-41.056
146.65,275.66,-41.056
146.655,275.66,-41.056
146.66,269.795,-41.056
146.665,269.795,-35.191
146.67000000000002,263.93,-35.191
146.675,258.064,-41.056
146.68,258.064,-35.191
146.685,252.199,-35.191
146.69,240.469,-35.191
146.695,234.604,-35.191
146.70000000000002,228.739,-35.191
146.705,217.009,-35.191
146.71,205.279,-35.191
146.715,199.413,-35.191
146.72,187.683,-35.191
146.725,175.953,-35.191
146.73,164.223,-35.191
146.735,146.628,-41.056
146.74,134.897,-41.056
146.745,123.167,-41.056
146.75,105.572,-41.056
146.755,87.977,-41.056
146.76,76.246,-41.056
146.76500000000001,58.651,-41.056
146.77,41.056,-46.921
146.775,29.326,-46.921
146.78,11.73,-46.921
146.785,-5.865,-46.921
146.79,-17.595,-52.786
146.79500000000002,-35.191,-52.786
146.8,-46.921,-52.786
146.805,-58.651,-58.651
146.81,-64.516,-52.786
146.815,-76.246,-58.651
146.82,-93.842,-58.651
146.82500000000002,-105.572,-58.651
146.83,-111.437,-58.651
146.835,-99.707,-64.516
146.84,-70.381,-64.516
146.845,-29.326,-64.516
146.85,-17.595,-64.516
146.855,-41.056,-64.516
146.86,-70.381,-64.516
146.865,-93.842,-64.516
146.87,-111.437,-64.516
146.875,-129.032,-64.516
146.88,-140.762,-64.516
146.885,-134.897,-64.516
146.89000000000001,-117.302,-64.516
146.895,-99.707,-64.516
146.9,-99.707,-64.516
146.905,-111.437,-64.516
146.91,-129.032,-64.516
146.915,-134.897,-64.516
146.92000000000002,-129.032,-70.381
146.925,-117.302,-70.381
146.93,-99.707,-70.381
146.935,-99.707,-76.246
146.94,-93.842,-76.246
146.945,-87.977,-82.111
146.95000000000002,-82.111,-87.977
146.955,-82.111,-93.842
146.96,-76.246,-99.707
146.965,-70.381,-105.572
146.97,-64.516,-111.437
146.975,-58.651,-117.302
146.98,-52.786,-129.032
146.985,-52.786,-129.032
146.99,-52.786,-134.897
146.995,-52.786,-140.762
147.0,-52.786,-146.628
147.005,-52.786,-146.628
147.01,-58.651,-152.493
147.01500000000001,-58.651,-152.493
147.02,-58.651,-158.358
147.025,-58.651,-164.223
147.03,-64.516,-164.223
147.035,-64.516,-164.223
147.04,-64.516,-164.223
147.04500000000002,-64.516,-164.223
147.05,-64.516,-158.358
147.055,-64.516,-158.358
147.06,-64.516,-164.223
147.065,-64.516,-170.088
147.07,-64.516,-170.088
147.07500000000002,-64.516,-170.088
147.08,-64.516,-158.358
147.085,-64.516,-146.628
147.09,-64.516,-140.762
147.095,-64.516,-129.032
147.1,-64.516,-117.302
147.105,-64.516,-105.572
147.11,-64.516,-99.707
147.115,-64.516,-99.707
147.12,-64.516,-93.842
147.125,-64.516,-82.111
147.13,-70.381,-64.516
147.135,-64.516,-52.786
147.14000000000001,-64.516,-41.056
147.145,-70.381,-11.73
147.15,-64.516,0.0
147.155,-64.516,11.73
147.16,-64.516,35.191
147.165,-64.516,70.381
147.17000000000002,-58.651,99.707
147.175,-58.651,117.302
147.18,-58.651,129.032
147.185,-58.651,140.762
147.19,-58.651,146.628
147.195,-58.651,152.493
147.20000000000002,-58.651,164.223
147.205,-58.651,175.953
147.21,-58.651,181.818
147.215,-64.516,199.413
147.22,-64.516,211.144
147.225,-64.516,228.739
147.23,-64.516,240.469
147.235,-70.381,252.199
147.24,-70.381,263.93
147.245,-70.381,275.66
147.25,-70.381,287.39
147.255,-70.381,299.12
147.26,-70.381,304.985
147.26500000000001,-70.381,316.715
147.27,-70.381,322.581
147.275,-70.381,334.311
147.28,-70.381,340.176
147.285,-70.381,346.041
147.29,-70.381,351.906
147.29500000000002,-76.246,357.771
147.3,-76.246,363.636
147.305,-76.246,369.501
147.31,-76.246,369.501
147.315,-76.246,375.366
147.32,-76.246,375.366
147.32500000000002,-76.246,381.232
147.33,-76.246,387.097
147.335,-76.246,387.097
147.34,-76.246,387.097
147.345,-82.111,387.097
147.35,-82.111,387.097
147.355,-82.111,381.232
147.36,-82.111,375.366
147.365,-82.111,369.501
147.37,-82.111,363.636
147.375,-82.111,351.906
147.38,-82.111,340.176
147.385,-87.977,328.446
147.39000000000001,-87.977,310.85
147.395,-87.977,293.255
147.4,-93.842,269.795
147.405,-99.707,246.334
147.41,-99.707,228.739
147.415,-105.572,205.279
147.42000000000002,-105.572,187.683
147.425,-111.437,158.358
147.43,-117.302,134.897
147.435,-123.167,99.707
147.44,-123.167,70.381
147.445,-129.032,35.191
147.45000000000002,-129.032,-5.865
147.455,-129.032,-41.056
147.46,-134.897,-70.381
147.465,-134.897,-99.707
147.47,-134.897,-117.302
147.475,-129.032,-129.032
147.48,-129.032,-140.762
147.485,-129.032,-134.897
147.49,-123.167,-99.707
147.495,-117.302,-41.056
147.5,-111.437,35.191
147.505,-105.572,46.921
147.51,-99.707,17.595
147.51500000000001,-93.842,-23.46
147.52,-93.842,-76.246
147.525,-93.842,-134.897
147.53,-93.842,-170.088
147.535,-93.842,-170.088
147.54,-87.977,-140.762
147.54500000000002,-82.111,-111.437
147.55,-76.246,-93.842
147.555,-70.381,-93.842
147.56,-70.381,-111.437
147.565,-64.516,-129.032
147.57,-64.516,-146.628
147.57500000000002,-70.381,-146.628
147.58,-64.516,-146.628
147.585,-64.516,-134.897
147.59,-58.651,-129.032
147.595,-46.921,-123.167
147.6,-41.056,-123.167
147.605,-29.326,-123.167
147.61,-17.595,-123.167
147.615,-11.73,-117.302
147.62,-0.0,-117.302
147.625,17.595,-111.437
147.63,41.056,-105.572
147.635,58.651,-99.707
147.64000000000001,70.381,-99.707
147.645,76.246,-93.842
147.65,76.246,-93.842
147.655,76.246,-87.977
147.66,82.111,-87.977
147.665,87.977,-93.842
147.67000000000002,99.707,-93.842
147.675,105.572,-87.977
147.68,117.302,-82.111
147.685,129.032,-82.111
147.69,134.897,-76.246
147.695,146.628,-76.246
147.70000000000002,152.493,-70.381
147.705,164.223,-70.381
147.71,170.088,-64.516
147.715,181.818,-64.516
147.72,187.683,-58.651
147.725,193.548,-52.786
147.73,199.413,-52.786
147.735,205.279,-46.921
147.74,211.144,-46.921
147.745,217.009,-41.056
147.75,222.874,-41.056
147.755,228.739,-41.056
147.76,234.604,-41.056
147.76500000000001,240.469,-41.056
147.77,240.469,-41.056
147.775,246.334,-41.056
147.78,252.199,-41.056
147.785,258.064,-41.056
147.79,263.93,-41.056
147.79500000000002,269.795,-41.056
147.8,275.66,-41.056
147.805,275.66,-41.056
147.81,281.525,-41.056
147.815,281.525,-41.056
147.82,287.39,-41.056
147.82500000000002,287.39,-41.056
147.83,287.39,-41.056
147.835,287.39,-41.056
147.84,287.39,-41.056
147.845,293.255,-46.921
147.85,293.255,-41.056
147.855,293.255,-46.921
147.86,293.255,-46.921
147.865,287.39,-46.921
147.87,281.525,-52.786
147.875,281.525,-52.786
147.88,275.66,-52.786
147.885,269.795,-52.786
147.89000000000001,258.064,-52.786
147.895,252.199,-58.651
147.9,240.469,-58.651
147.905,234.604,-58.651
147.91,222.874,-58.651
147.915,211.144,-64.516
147.92000000000002,199.413,-64.516
147.925,187.683,-64.516
147.93,175.953,-70.381
147.935,158.358,-70.381
147.94,140.762,-70.381
147.945,123.167,-76.246
147.95000000000002,105.572,-76.246
147.955,87.977,-76.246
147.96,70.381,-82.111
147.965,46.921,-82.111
147.97,23.46,-82.111
147.975,-0.0,-82.111
147.98,-17.595,-82.111
147.985,-35.191,-82.111
147.99,-52.786,-82.111
147.995,-70.381,-82.111
148.0,-82.111,-82.111
148.005,-87.977,-87.977
148.01,-93.842,-87.977
148.01500000000001,-111.437,-87.977
148.02,-129.032,-87.977
148.025,-123.167,-87.977
148.03,-93.842,-87.977
148.035,-46.921,-87.977
148.04,-35.191,-87.977
148.04500000000002,-58.651,-87.977
148.05,-99.707,-87.977
148.055,-123.167,-87.977
148.06,-146.628,-87.977
148.065,-164.223,-87.977
148.07,-175.953,-82.111
148.07500000000002,-170.088,-82.111
148.08,-140.762,-82.111
148.085,-129.032,-82.111
148.09,-129.032,-82.111
148.095,-152.493,-87.977
148.1,-170.088,-87.977
148.105,-164.223,-87.977
148.11,-146.628,-93.842
148.115,-129.032,-93.842
148.12,-123.167,-93.842
148.125,-123.167,-99.707
148.13,-117.302,-105.572
148.135,-111.437,-111.437
148.14000000000001,-105.572,-111.437
148.145,-93.842,-117.302
148.15,-87.977,-129.032
148.155,-82.111,-134.897
148.16,-76.246,-140.762
148.165,-76.246,-146.628
148.17000000000002,-70.381,-152.493
148.175,-70.381,-152.493
148.18,-70.381,-158.358
148.185,-70.381,-158.358
148.19,-70.381,-164.223
148.195,-64.516,-164.223
148.20000000000002,-64.516,-164.223
148.205,-64.516,-164.223
148.21,-64.516,-158.358
148.215,-64.516,-158.358
148.22,-64.516,-158.358
148.225,-64.516,-158.358
148.23,-64.516,-152.493
148.235,-64.516,-152.493
148.24,-58.651,-152.493
148.245,-58.651,-158.358
148.25,-58.651,-152.493
148.255,-58.651,-146.628
148.26,-58.651,-140.762
148.26500000000001,-58.651,-129.032
148.27,-52.786,-123.167
148.275,-52.786,-117.302
148.28,-52.786,-117.302
148.285,-52.786,-117.302
148.29,-52.786,-117.302
148.29500000000002,-46.921,-99.707
148.3,-52.786,-76.246
148.305,-46.921,-58.651
148.31,-52.786,-46.921
148.315,-52.786,-17.595
148.32,-52.786,5.865
148.32500000000002,-52.786,23.46
148.33,-52.786,41.056
148.335,-52.786,70.381
148.34,-52.786,99.707
148.345,-52.786,117.302
148.35,-58.651,129.032
148.355,-58.651,140.762
148.36,-58.651,146.628
148.365,-58.651,158.358
148.37,-58.651,164.223
148.375,-58.651,170.088
148.38,-52.786,181.818
148.385,-52.786,199.413
148.39000000000001,-52.786,217.009
148.395,-52.786,228.739
148.4,-52.786,240.469
148.405,-52.786,258.064
148.41,-52.786,275.66
148.415,-52.786,287.39
148.42000000000002,-52.786,299.12
148.425,-52.786,310.85
148.43,-52.786,316.715
148.435,-58.651,328.446
148.44,-58.651,334.311
148.445,-58.651,346.041
148.45000000000002,-58.651,346.041
148.455,-64.516,351.906
148.46,-64.516,357.771
148.465,-64.516,357.771
148.47,-64.516,363.636
148.475,-64.516,363.636
148.48,-64.516,363.636
148.485,-70.381,363.636
148.49,-70.381,363.636
148.495,-70.381,363.636
148.5,-76.246,363.636
148.505,-76.246,357.771
148.51,-76.246,357.771
148.51500000000001,-76.246,351.906
148.52,-82.111,346.041
148.525,-82.111,340.176
148.53,-82.111,328.446
148.535,-82.111,322.581
148.54,-82.111,310.85
148.54500000000002,-82.111,299.12
148.55,-82.111,287.39
148.555,-82.111,269.795
148.56,-82.111,258.064
148.565,-82.111,240.469
148.57,-82.111,217.009
148.57500000000002,-82.111,193.548
148.58,-87.977,170.088
148.585,-87.977,146.628
148.59,-87.977,123.167
148.595,-93.842,99.707
148.6,-99.707,76.246
148.605,-105.572,46.921
148.61,-111.437,23.46
148.615,-111.437,-11.73
148.62,-117.302,-35.191
148.625,-117.302,-64.516
148.63,-123.167,-87.977
148.635,-123.167,-111.437
148.64000000000001,-123.167,-134.897
148.645,-123.167,-146.628
148.65,-129.032,-146.628
148.655,-129.032,-146.628
148.66,-123.167,-134.897
148.665,-123.167,-105.572
148.67000000000002,-123.167,-41.056
148.675,-117.302,23.46
148.68,-117.302,41.056
148.685,-111.437,11.73
148.69,-105.572,-29.326
148.695,-93.842,-76.246
148.70000000000002,-87.977,-129.032
148.705,-76.246,-164.223
148.71,-70.381,-187.683
148.715,-70.381,-170.088
148.72,-76.246,-134.897
148.725,-76.246,-111.437
148.73,-82.111,-99.707
148.735,-76.246,-99.707
148.74,-76.246,-111.437
148.745,-70.381,-123.167
148.75,-64.516,-129.032
148.755,-64.516,-117.302
148.76,-64.516,-111.437
148.76500000000001,-70.381,-105.572
148.77,-70.381,-99.707
148.775,-76.246,-105.572
148.78,-76.246,-105.572
148.785,-70.381,-105.572
148.79,-64.516,-105.572
148.79500000000002,-58.651,-99.707
148.8,-52.786,-93.842
148.805,-29.326,-93.842
148.81,-17.595,-87.977
148.815,-11.73,-82.111
148.82,-5.865,-82.111
148.82500000000002,23.46,-76.246
148.83,52.786,-76.246
148.835,70.381,-76.246
148.84,82.111,-76.246
148.845,82.111,-76.246
148.85,87.977,-76.246
148.855,99.707,-70.381
148.86,105.572,-70.381
148.865,117.302,-70.381
148.87,129.032,-70.381
148.875,140.762,-64.516
148.88,152.493,-64.516
148.885,164.223,-58.651
148.89000000000001,175.953,-58.651
148.895,187.683,-58.651
148.9,199.413,-58.651
148.905,211.144,-52.786
148.91,222.874,-52.786
148.915,228.739,-52.786
148.92000000000002,240.469,-52.786
148.925,246.334,-52.786
148.93,252.199,-52.786
148.935,263.93,-52.786
148.94,269.795,-46.921
148.945,275.66,-46.921
148.95000000000002,281.525,-46.921
148.955,287.39,-46.921
148.96,293.255,-46.921
148.965,299.12,-46.921
148.97,304.985,-46.921
148.975,310.85,-46.921
148.98,310.85,-46.921
148.985,310.85,-46.921
148.99,310.85,-46.921
148.995,310.85,-46.921
149.0,310.85,-46.921
149.005,316.715,-52.786
149.01,316.715,-52.786
149.01500000000001,316.715,-52.786
149.02,316.715,-52.786
149.025,316.715,-52.786
149.03,316.715,-52.786
149.035,310.85,-52.786
149.04,304.985,-52.786
149.04500000000002,304.985,-52.786
149.05,299.12,-52.786
149.055,293.255,-52.786
149.06,281.525,-52.786
149.065,275.66,-52.786
149.07,263.93,-58.651
149.07500000000002,258.064,-58.651
149.08,246.334,-58.651
149.085,228.739,-64.516
149.09,217.009,-64.516
149.095,199.413,-64.516
149.1,175.953,-64.516
149.105,158.358,-70.381
149.11,134.897,-70.381
149.115,111.437,-70.381
149.12,93.842,-76.246
149.125,70.381,-76.246
149.13,46.921,-76.246
149.135,23.46,-76.246
149.14000000000001,-0.0,-76.246
149.145,-17.595,-76.246
149.15,-41.056,-76.246
149.155,-64.516,-76.246
149.16,-87.977,-76.246
149.165,-105.572,-76.246
149.17000000000002,-129.032,-76.246
149.175,-134.897,-76.246
149.18,-117.302,-76.246
149.185,-76.246,-76.246
149.19,-64.516,-76.246
149.195,-87.977,-76.246
149.20000000000002,-123.167,-76.246
149.205,-146.628,-82.111
149.21,-170.088,-82.111
149.215,-187.683,-82.111
149.22,-193.548,-82.111
149.225,-187.683,-82.111
149.23,-158.358,-82.111
149.235,-146.628,-82.111
149.24,-164.223,-87.977
149.245,-181.818,-87.977
149.25,-187.683,-93.842
149.255,-181.818,-93.842
149.26,-170.088,-93.842
149.26500000000001,-158.358,-99.707
149.27,-140.762,-105.572
149.275,-134.897,-105.572
149.28,-123.167,-111.437
149.285,-123.167,-111.437
149.29,-111.437,-117.302
149.29500000000002,-105.572,-123.167
149.3,-93.842,-129.032
149.305,-87.977,-129.032
149.31,-82.111,-134.897
149.315,-82.111,-134.897
149.32,-76.246,-134.897
149.32500000000002,-76.246,-140.762
149.33,-76.246,-140.762
149.335,-76.246,-140.762
149.34,-76.246,-140.762
149.345,-76.246,-140.762
149.35,-76.246,-140.762
149.355,-76.246,-140.762
149.36,-76.246,-140.762
149.365,-76.246,-140.762
149.37,-76.246,-140.762
149.375,-76.246,-140.762
149.38,-70.381,-140.762
149.385,-70.381,-134.897
149.39000000000001,-70.381,-140.762
149.395,-70.381,-146.628
149.4,-64.516,-146.628
149.405,-64.516,-152.493
149.41,-64.516,-146.628
149.415,-64.516,-140.762
149.42000000000002,-64.516,-129.032
149.425,-64.516,-117.302
149.43,-64.516,-117.302
149.435,-64.516,-123.167
149.44,-64.516,-129.032
149.445,-64.516,-129.032
149.45000000000002,-64.516,-123.167
149.455,-64.516,-111.437
149.46,-64.516,-93.842
149.465,-64.516,-76.246
149.47,-64.516,-58.651
149.475,-64.516,-41.056
149.48,-64.516,-5.865
149.485,-64.516,29.326
149.49,-64.516,58.651
149.495,-64.516,76.246
149.5,-64.516,93.842
149.505,-64.516,99.707
149.51,-64.516,105.572
149.51500000000001,-64.516,117.302
149.52,-64.516,129.032
149.525,-64.516,146.628
149.53,-64.516,170.088
149.535,-70.381,193.548
149.54,-70.381,205.279
149.54500000000002,-70.381,222.874
149.55,-70.381,240.469
149.555,-70.381,258.064
149.56,-70.381,269.795
149.565,-70.381,287.39
149.57,-70.381,299.12
149.57500000000002,-70.381,310.85
149.58,-64.516,322.581
149.585,-64.516,334.311
149.59,-70.381,346.041
149.595,-70.381,357.771
149.6,-70.381,369.501
149.605,-76.246,375.366
149.61,-76.246,381.232
149.615,-82.111,387.097
149.62,-87.977,392.962
149.625,-87.977,398.827
149.63,-93.842,398.827
149.635,-93.842,404.692
149.64000000000001,-99.707,404.692
149.645,-105.572,404.692
149.65,-105.572,404.692
149.655,-111.437,404.692
149.66,-111.437,404.692
149.665,-117.302,404.692
149.67000000000002,-117.302,398.827
149.675,-123.167,392.962
149.68,-123.167,387.097
149.685,-129.032,375.366
149.69,-129.032,363.636
149.695,-134.897,351.906
149.70000000000002,-134.897,334.311
149.705,-134.897,310.85
149.71,-140.762,293.255
149.715,-140.762,275.66
149.72,-140.762,252.199
149.725,-146.628,228.739
149.73,-146.628,205.279
149.735,-146.628,170.088
149.74,-146.628,140.762
149.745,-146.628,105.572
149.75,-140.762,70.381
149.755,-134.897,35.191
149.76,-129.032,5.865
149.76500000000001,-123.167,-35.191
149.77,-117.302,-70.381
149.775,-111.437,-105.572
149.78,-105.572,-129.032
149.785,-99.707,-123.167
149.79,-99.707,-76.246
149.79500000000002,-99.707,5.865
149.8,-99.707,29.326
149.805,-93.842,-23.46
149.81,-93.842,-70.381
149.815,-93.842,-123.167
149.82,-87.977,-187.683
149.82500000000002,-87.977,-222.874
149.83,-76.246,-217.009
149.835,-70.381,-187.683
149.84,-58.651,-170.088
149.845,-46.921,-170.088
149.85,-35.191,-187.683
149.855,-17.595,-199.413
149.86,-5.865,-187.683
149.865,-0.0,-175.953
149.87,17.595,-170.088
149.875,35.191,-170.088
149.88,46.921,-170.088
149.885,58.651,-164.223
149.89000000000001,64.516,-158.358
149.895,70.381,-146.628
149.9,76.246,-140.762
149.905,82.111,-134.897
149.91,93.842,-129.032
149.915,99.707,-117.302
149.92000000000002,111.437,-111.437
149.925,123.167,-105.572
149.93,134.897,-99.707
149.935,146.628,-99.707
149.94,158.358,-93.842
149.945,170.088,-87.977
149.95000000000002,175.953,-87.977
149.955,181.818,-82.111
149.96,187.683,-76.246
149.965,193.548,-76.246
149.97,199.413,-70.381
149.975,205.279,-64.516
149.98,211.144,-64.516
149.985,217.009,-64.516
149.99,217.009,-58.651
149.995,222.874,-52.786
150.0,222.874,-52.786
150.005,228.739,-46.921
150.01,228.739,-46.921
150.01500000000001,228.739,-41.056
150.02,228.739,-41.056
150.025,228.739,-41.056
150.03,234.604,-35.191
150.035,228.739,-35.191
150.04,228.739,-35.191
150.04500000000002,234.604,-35.191
150.05,234.604,-35.191
150.055,234.604,-35.191
150.06,228.739,-35.191
150.065,228.739,-35.191
150.07,228.739,-35.191
150.07500000000002,234.604,-35.191
150.08,234.604,-35.191
150.085,234.604,-35.191
150.09,228.739,-41.056
150.095,228.739,-41.056
150.1,228.739,-41.056
150.105,228.739,-41.056
150.11,228.739,-41.056
150.115,222.874,-41.056
150.12,222.874,-41.056
150.125,222.874,-41.056
150.13,217.009,-41.056
150.135,217.009,-41.056
150.14000000000001,217.009,-41.056
150.145,211.144,-41.056
150.15,211.144,-41.056
150.155,211.144,-46.921
150.16,205.279,-46.921
150.165,205.279,-46.921
150.17000000000002,199.413,-46.921
150.175,193.548,-46.921
150.18,187.683,-46.921
150.185,187.683,-46.921
150.19,175.953,-52.786
150.195,170.088,-52.786
150.20000000000002,158.358,-52.786
150.205,146.628,-52.786
150.21,129.032,-52.786
150.215,117.302,-52.786
150.22,99.707,-52.786
150.225,87.977,-58.651
150.23,70.381,-58.651
150.235,52.786,-58.651
150.24,35.191,-64.516
150.245,17.595,-64.516
150.25,-0.0,-64.516
150.255,-17.595,-70.381
150.26,-41.056,-70.381
150.26500000000001,-58.651,-70.381
150.27,-82.111,-70.381
150.275,-99.707,-76.246
150.28,-117.302,-76.246
150.285,-105.572,-76.246
150.29,-76.246,-76.246
150.29500000000002,-52.786,-76.246
150.3,-58.651,-82.111
150.305,-93.842,-82.111
150.31,-111.437,-76.246
150.315,-129.032,-82.111
150.32,-146.628,-76.246
150.32500000000002,-152.493,-76.246
150.33,-152.493,-76.246
150.335,-134.897,-82.111
150.34,-134.897,-82.111
150.345,-152.493,-76.246
150.35,-152.493,-82.111
150.355,-152.493,-82.111
150.36,-146.628,-82.111
150.365,-140.762,-82.111
150.37,-140.762,-87.977
150.375,-134.897,-87.977
150.38,-123.167,-93.842
150.385,-111.437,-93.842
150.39000000000001,-105.572,-99.707
150.395,-93.842,-105.572
150.4,-87.977,-111.437
150.405,-82.111,-117.302
150.41,-76.246,-123.167
150.415,-70.381,-123.167
150.42000000000002,-64.516,-129.032
150.425,-64.516,-129.032
150.43,-58.651,-134.897
150.435,-58.651,-134.897
150.44,-58.651,-140.762
150.445,-58.651,-140.762
150.45000000000002,-58.651,-146.628
150.455,-58.651,-152.493
150.46,-58.651,-152.493
150.465,-58.651,-152.493
150.47,-58.651,-158.358
150.475,-58.651,-158.358
150.48,-58.651,-158.358
150.485,-58.651,-158.358
150.49,-58.651,-152.493
150.495,-58.651,-152.493
150.5,-64.516,-152.493
150.505,-58.651,-152.493
150.51,-64.516,-152.493
150.51500000000001,-64.516,-146.628
150.52,-64.516,-140.762
150.525,-64.516,-129.032
150.53,-64.516,-123.167
150.535,-70.381,-123.167
150.54,-70.381,-123.167
150.54500000000002,-70.381,-117.302
150.55,-70.381,-111.437
150.555,-70.381,-93.842
150.56,-76.246,-76.246
150.565,-76.246,-64.516
150.57,-76.246,-41.056
150.57500000000002,-76.246,-11.73
150.58,-70.381,11.73
150.585,-70.381,35.191
150.59,-70.381,52.786
150.595,-70.381,70.381
150.6,-70.381,87.977
150.605,-70.381,99.707
150.61,-70.381,105.572
150.615,-70.381,123.167
150.62,-70.381,129.032
150.625,-70.381,140.762
150.63,-70.381,152.493
150.635,-70.381,164.223
150.64000000000001,-70.381,181.818
150.645,-70.381,193.548
150.65,-70.381,211.144
150.655,-76.246,222.874
150.66,-70.381,240.469
150.665,-70.381,252.199
150.67000000000002,-70.381,263.93
150.675,-70.381,281.525
150.68,-70.381,293.255
150.685,-70.381,299.12
150.69,-70.381,310.85
150.695,-64.516,322.581
150.70000000000002,-70.381,334.311
150.705,-70.381,340.176
150.71,-70.381,351.906
150.715,-70.381,357.771
150.72,-70.381,363.636
150.725,-76.246,369.501
150.73,-76.246,375.366
150.735,-76.246,381.232
150.74,-82.111,387.097
150.745,-82.111,387.097
150.75,-82.111,392.962
150.755,-87.977,392.962
150.76,-87.977,398.827
150.76500000000001,-87.977,398.827
150.77,-93.842,404.692
150.775,-93.842,404.692
150.78,-99.707,404.692
150.785,-99.707,404.692
150.79,-99.707,398.827
150.79500000000002,-105.572,387.097
150.8,-105.572,375.366
150.805,-111.437,363.636
150.81,-111.437,346.041
150.815,-111.437,328.446
150.82,-111.437,310.85
150.82500000000002,-111.437,287.39
150.83,-111.437,258.064
150.835,-111.437,228.739
150.84,-111.437,199.413
150.845,-117.302,170.088
150.85,-117.302,140.762
150.855,-123.167,111.437
150.86,-123.167,82.111
150.865,-129.032,46.921
150.87,-129.032,17.595
150.875,-129.032,-17.595
150.88,-129.032,-52.786
150.885,-129.032,-82.111
150.89000000000001,-129.032,-99.707
150.895,-123.167,-123.167
150.9,-123.167,-140.762
150.905,-117.302,-146.628
150.91,-111.437,-129.032
150.915,-105.572,-82.111
150.92000000000002,-99.707,-11.73
150.925,-93.842,23.46
150.93,-93.842,5.865
150.935,-99.707,-35.191
150.94,-99.707,-87.977
150.945,-93.842,-146.628
150.95000000000002,-87.977,-187.683
150.955,-76.246,-205.279
150.96,-76.246,-193.548
150.965,-70.381,-164.223
150.97,-64.516,-140.762
150.975,-70.381,-134.897
150.98,-70.381,-140.762
150.985,-76.246,-152.493
150.99,-76.246,-164.223
150.995,-70.381,-170.088
151.0,-58.651,-164.223
151.005,-46.921,-146.628
151.01,-46.921,-146.628
151.01500000000001,-35.191,-140.762
151.02,-5.865,-140.762
151.025,-0.0,-152.493
151.03,-5.865,-152.493
151.035,-0.0,-158.358
151.04,29.326,-152.493
151.04500000000002,58.651,-140.762
151.05,76.246,-134.897
151.055,82.111,-123.167
151.06,87.977,-117.302
151.065,93.842,-111.437
151.07,99.707,-105.572
151.07500000000002,105.572,-105.572
151.08,117.302,-105.572
151.085,129.032,-105.572
151.09,146.628,-105.572
151.095,158.358,-99.707
151.1,170.088,-99.707
151.105,181.818,-93.842
151.11,193.548,-93.842
151.115,199.413,-87.977
151.12,211.144,-82.111
151.125,217.009,-82.111
151.13,222.874,-76.246
151.135,234.604,-76.246
151.14000000000001,240.469,-76.246
151.145,246.334,-70.381
151.15,258.064,-70.381
151.155,263.93,-64.516
151.16,269.795,-64.516
151.165,275.66,-58.651
151.17000000000002,281.525,-58.651
151.175,287.39,-58.651
151.18,293.255,-58.651
151.185,293.255,-58.651
151.19,299.12,-58.651
151.195,299.12,-58.651
151.20000000000002,299.12,-58.651
151.205,299.12,-58.651
151.21,299.12,-58.651
151.215,299.12,-58.651
151.22,304.985,-58.651
151.225,304.985,-58.651
151.23,304.985,-58.651
151.235,304.985,-58.651
151.24,304.985,-58.651
151.245,304.985,-58.651
151.25,304.985,-58.651
151.255,299.12,-52.786
151.26,299.12,-52.786
151.26500000000001,293.255,-52.786
151.27,287.39,-52.786
151.275,281.525,-52.786
151.28,275.66,-52.786
151.285,269.795,-52.786
151.29,258.064,-52.786
151.29500000000002,252.199,-52.786
151.3,240.469,-52.786
151.305,222.874,-52.786
151.31,199.413,-52.786
151.315,187.683,-52.786
151.32,164.223,-52.786
151.32500000000002,146.628,-58.651
151.33,123.167,-58.651
151.335,105.572,-52.786
151.34,82.111,-58.651
151.345,58.651,-58.651
151.35,35.191,-58.651
151.355,11.73,-58.651
151.36,-17.595,-58.651
151.365,-46.921,-58.651
151.37,-70.381,-58.651
151.375,-87.977,-58.651
151.38,-111.437,-64.516
151.385,-123.167,-64.516
151.39000000000001,-111.437,-64.516
151.395,-82.111,-64.516
151.4,-64.516,-64.516
151.405,-70.381,-64.516
151.41,-105.572,-70.381
151.415,-123.167,-70.381
151.42000000000002,-140.762,-70.381
151.425,-152.493,-70.381
151.43,-164.223,-70.381
151.435,-164.223,-76.246
151.44,-146.628,-76.246
151.445,-129.032,-76.246
151.45000000000002,-129.032,-82.111
151.455,-146.628,-82.111
151.46,-152.493,-82.111
151.465,-146.628,-87.977
151.47,-140.762,-87.977
151.475,-129.032,-93.842
151.48,-117.302,-93.842
151.485,-111.437,-99.707
151.49,-111.437,-99.707
151.495,-105.572,-105.572
151.5,-93.842,-111.437
151.505,-87.977,-117.302
151.51,-82.111,-123.167
151.51500000000001,-76.246,-129.032
151.52,-76.246,-134.897
151.525,-70.381,-140.762
151.53,-64.516,-140.762
151.535,-64.516,-146.628
151.54,-64.516,-152.493
151.54500000000002,-58.651,-152.493
151.55,-58.651,-158.358
151.555,-58.651,-164.223
151.56,-58.651,-164.223
151.565,-58.651,-164.223
151.57,-58.651,-164.223
151.57500000000002,-52.786,-164.223
151.58,-52.786,-164.223
151.585,-52.786,-164.223
151.59,-52.786,-158.358
151.595,-52.786,-158.358
151.6,-52.786,-158.358
151.605,-52.786,-158.358
151.61,-52.786,-158.358
151.615,-46.921,-152.493
151.62,-52.786,-146.628
151.625,-46.921,-134.897
151.63,-52.786,-123.167
151.635,-46.921,-111.437
151.64000000000001,-52.786,-99.707
151.645,-52.786,-105.572
151.65,-52.786,-111.437
151.655,-52.786,-99.707
151.66,-52.786,-87.977
151.665,-52.786,-70.381
151.67000000000002,-58.651,-52.786
151.675,-58.651,-35.191
151.68,-58.651,-17.595
151.685,-58.651,0.0
151.69,-58.651,29.326
151.695,-58.651,64.516
151.70000000000002,-58.651,87.977
151.705,-58.651,99.707
151.71,-58.651,111.437
151.715,-64.516,111.437
151.72,-64.516,123.167
151.725,-64.516,129.032
151.73,-64.516,140.762
151.735,-64.516,152.493
151.74,-64.516,170.088
151.745,-64.516,187.683
151.75,-64.516,205.279
151.755,-64.516,217.009
151.76,-64.516,228.739
151.76500000000001,-64.516,246.334
151.77,-64.516,258.064
151.775,-64.516,275.66
151.78,-70.381,287.39
151.785,-70.381,299.12
151.79,-70.381,304.985
151.79500000000002,-70.381,316.715
151.8,-70.381,322.581
151.805,-70.381,334.311
151.81,-70.381,340.176
151.815,-70.381,351.906
151.82,-76.246,357.771
151.82500000000002,-76.246,363.636
151.83,-76.246,369.501
151.835,-76.246,375.366
151.84,-76.246,381.232
151.845,-82.111,387.097
151.85,-82.111,387.097
151.855,-82.111,392.962
151.86,-87.977,392.962
151.865,-87.977,392.962
151.87,-87.977,398.827
151.875,-87.977,398.827
151.88,-87.977,398.827
151.885,-87.977,392.962
151.89000000000001,-87.977,387.097
151.895,-87.977,381.232
151.9,-93.842,375.366
151.905,-93.842,369.501
151.91,-93.842,357.771
151.915,-99.707,351.906
151.92000000000002,-99.707,340.176
151.925,-99.707,322.581
151.93,-105.572,304.985
151.935,-105.572,281.525
151.94,-111.437,252.199
151.945,-111.437,228.739
151.95000000000002,-117.302,199.413
151.955,-123.167,175.953
151.96,-129.032,152.493
151.965,-129.032,123.167
151.97,-134.897,87.977
151.975,-134.897,52.786
151.98,-140.762,11.73
151.985,-140.762,-29.326
151.99,-140.762,-64.516
151.995,-140.762,-99.707
152.0,-140.762,-123.167
152.005,-134.897,-140.762
152.01,-134.897,-146.628
152.01500000000001,-134.897,-140.762
152.02,-129.032,-123.167
152.025,-123.167,-58.651
152.03,-111.437,35.191
152.035,-105.572,93.842
152.04,-93.842,58.651
152.04500000000002,-87.977,5.865
152.05,-87.977,-52.786
152.055,-93.842,-129.032
152.06,-93.842,-175.953
152.065,-87.977,-193.548
152.07,-82.111,-170.088
152.07500000000002,-76.246,-123.167
152.08,-64.516,-93.842
152.085,-64.516,-93.842
152.09,-58.651,-111.437
152.095,-64.516,-140.762
152.1,-64.516,-158.358
152.105,-64.516,-164.223
152.11,-58.651,-164.223
152.115,-52.786,-152.493
152.12,-46.921,-146.628
152.125,-46.921,-134.897
152.13,-23.46,-134.897
152.135,-11.73,-134.897
152.14000000000001,-5.865,-129.032
152.145,5.865,-123.167
152.15,29.326,-117.302
152.155,46.921,-105.572
152.16,58.651,-105.572
152.165,64.516,-99.707
152.17000000000002,70.381,-93.842
152.175,76.246,-93.842
152.18,82.111,-93.842
152.185,87.977,-87.977
152.19,99.707,-87.977
152.195,117.302,-87.977
152.20000000000002,129.032,-93.842
152.205,146.628,-93.842
152.21,158.358,-87.977
152.215,170.088,-87.977
152.22,175.953,-87.977
152.225,187.683,-82.111
152.23,193.548,-82.111
152.235,205.279,-76.246
152.24,211.144,-76.246
152.245,217.009,-70.381
152.25,222.874,-70.381
152.255,228.739,-70.381
152.26,234.604,-64.516
152.26500000000001,240.469,-64.516
152.27,246.334,-64.516
152.275,252.199,-64.516
152.28,252.199,-64.516
152.285,258.064,-58.651
152.29,263.93,-58.651
152.29500000000002,269.795,-58.651
152.3,269.795,-58.651
152.305,275.66,-58.651
152.31,275.66,-58.651
152.315,275.66,-58.651
152.32,281.525,-58.651
152.32500000000002,281.525,-58.651
152.33,287.39,-58.651
152.335,287.39,-64.516
152.34,287.39,-64.516
152.345,293.255,-64.516
152.35,293.255,-64.516
152.355,293.255,-64.516
152.36,293.255,-64.516
152.365,293.255,-64.516
152.37,293.255,-64.516
152.375,287.39,-64.516
152.38,287.39,-64.516
152.385,287.39,-58.651
152.39000000000001,281.525,-58.651
152.395,275.66,-58.651
152.4,269.795,-58.651
152.405,263.93,-58.651
152.41,252.199,-58.651
152.415,246.334,-58.651
152.42000000000002,228.739,-64.516
152.425,217.009,-64.516
152.43,205.279,-64.516
152.435,193.548,-64.516
152.44,175.953,-64.516
152.445,158.358,-70.381
152.45000000000002,146.628,-70.381
152.455,129.032,-70.381
152.46,105.572,-70.381
152.465,82.111,-76.246
152.47,58.651,-76.246
152.475,35.191,-76.246
152.48,11.73,-76.246
152.485,-11.73,-76.246
152.49,-35.191,-76.246
152.495,-58.651,-76.246
152.5,-82.111,-76.246
152.505,-105.572,-76.246
152.51,-123.167,-76.246
152.51500000000001,-140.762,-82.111
152.52,-134.897,-76.246
152.525,-111.437,-82.111
152.53,-70.381,-82.111
152.535,-52.786,-82.111
152.54,-76.246,-82.111
152.54500000000002,-105.572,-82.111
152.55,-123.167,-82.111
152.555,-140.762,-82.111
152.56,-164.223,-82.111
152.565,-181.818,-82.111
152.57,-175.953,-82.111
152.57500000000002,-146.628,-82.111
152.58,-129.032,-87.977
152.585,-140.762,-87.977
152.59,-158.358,-87.977
152.595,-164.223,-87.977
152.6,-164.223,-87.977
152.605,-146.628,-87.977
152.61,-134.897,-93.842
152.615,-129.032,-93.842
152.62,-123.167,-93.842
152.625,-117.302,-93.842
152.63,-111.437,-99.707
152.635,-99.707,-105.572
152.64000000000001,-93.842,-111.437
152.645,-87.977,-117.302
152.65,-82.111,-123.167
152.655,-76.246,-123.167
152.66,-76.246,-129.032
152.665,-70.381,-134.897
152.67000000000002,-70.381,-140.762
152.675,-70.381,-140.762
152.68,-64.516,-146.628
152.685,-64.516,-152.493
152.69,-64.516,-152.493
152.695,-64.516,-158.358
152.70000000000002,-64.516,-158.358
152.705,-64.516,-158.358
152.71,-70.381,-164.223
152.715,-64.516,-170.088
152.72,-64.516,-164.223
152.725,-64.516,-164.223
152.73,-64.516,-164.223
152.735,-64.516,-164.223
152.74,-64.516,-164.223
152.745,-64.516,-164.223
152.75,-64.516,-164.223
152.755,-64.516,-158.358
152.76,-64.516,-146.628
152.76500000000001,-64.516,-134.897
152.77,-58.651,-117.302
152.775,-64.516,-111.437
152.78,-64.516,-99.707
152.785,-58.651,-105.572
152.79,-64.516,-105.572
152.79500000000002,-64.516,-99.707
152.8,-64.516,-82.111
152.805,-64.516,-64.516
152.81,-64.516,-52.786
152.815,-64.516,-29.326
152.82,-70.381,-11.73
152.82500000000002,-70.381,5.865
152.83,-70.381,29.326
152.835,-70.381,64.516
152.84,-70.381,87.977
152.845,-76.246,105.572
152.85,-76.246,117.302
152.855,-76.246,123.167
152.86,-70.381,129.032
152.865,-70.381,140.762
152.87,-70.381,152.493
152.875,-70.381,164.223
152.88,-70.381,175.953
152.885,-70.381,193.548
152.89000000000001,-64.516,205.279
152.895,-64.516,217.009
152.9,-64.516,234.604
152.905,-64.516,246.334
152.91,-64.516,258.064
152.915,-64.516,275.66
152.92000000000002,-70.381,287.39
152.925,-70.381,299.12
152.93,-70.381,304.985
152.935,-70.381,316.715
152.94,-70.381,322.581
152.945,-70.381,334.311
152.95000000000002,-70.381,340.176
152.955,-70.381,346.041
152.96,-70.381,351.906
152.965,-70.381,357.771
152.97,-70.381,369.501
152.975,-70.381,375.366
152.98,-70.381,375.366
152.985,-70.381,381.232
152.99,-76.246,381.232
152.995,-76.246,381.232
153.0,-76.246,387.097
153.005,-76.246,387.097
153.01,-76.246,392.962
153.01500000000001,-82.111,392.962
153.02,-82.111,392.962
153.025,-82.111,392.962
153.03,-87.977,387.097
153.035,-87.977,387.097
153.04,-87.977,375.366
153.04500000000002,-87.977,369.501
153.05,-93.842,363.636
153.055,-93.842,351.906
153.06,-99.707,334.311
153.065,-99.707,316.715
153.07,-105.572,293.255
153.07500000000002,-105.572,269.795
153.08,-111.437,246.334
153.085,-117.302,222.874
153.09,-123.167,199.413
153.095,-123.167,170.088
153.1,-129.032,146.628
153.105,-134.897,117.302
153.11,-134.897,82.111
153.115,-140.762,46.921
153.12,-140.762,11.73
153.125,-140.762,-29.326
153.13,-140.762,-64.516
153.135,-134.897,-93.842
153.14000000000001,-134.897,-117.302
153.145,-129.032,-134.897
153.15,-123.167,-146.628
153.155,-117.302,-152.493
153.16,-111.437,-134.897
153.165,-105.572,-93.842
153.17000000000002,-105.572,-17.595
153.175,-105.572,52.786
153.18,-105.572,52.786
153.185,-105.572,11.73
153.19,-99.707,-35.191
153.195,-93.842,-99.707
153.20000000000002,-87.977,-158.358
153.205,-82.111,-193.548
153.21,-76.246,-193.548
153.215,-76.246,-152.493
153.22,-70.381,-123.167
153.225,-70.381,-105.572
153.23,-64.516,-111.437
153.235,-58.651,-140.762
153.24,-52.786,-164.223
153.245,-46.921,-181.818
153.25,-41.056,-181.818
153.255,-35.191,-175.953
153.26,-17.595,-164.223
153.26500000000001,-0.0,-158.358
153.27,5.865,-158.358
153.275,11.73,-158.358
153.28,29.326,-152.493
153.285,46.921,-140.762
153.29,64.516,-134.897
153.29500000000002,70.381,-129.032
153.3,76.246,-123.167
153.305,82.111,-117.302
153.31,87.977,-111.437
153.315,93.842,-111.437
153.32,99.707,-105.572
153.32500000000002,111.437,-99.707
153.33,117.302,-99.707
153.335,123.167,-99.707
153.34,134.897,-99.707
153.345,146.628,-93.842
153.35,152.493,-93.842
153.355,164.223,-87.977
153.36,170.088,-82.111
153.365,175.953,-82.111
153.37,181.818,-76.246
153.375,187.683,-76.246
153.38,193.548,-70.381
153.385,205.279,-70.381
153.39000000000001,205.279,-64.516
153.395,217.009,-64.516
153.4,222.874,-58.651
153.405,222.874,-58.651
153.41,228.739,-52.786
153.415,234.604,-52.786
153.42000000000002,240.469,-52.786
153.425,240.469,-46.921
153.43,246.334,-46.921
153.435,246.334,-46.921
153.44,252.199,-46.921
153.445,252.199,-46.921
153.45000000000002,246.334,-46.921
153.455,246.334,-41.056
153.46,240.469,-41.056
153.465,234.604,-41.056
153.47,222.874,-41.056
153.475,205.279,-41.056
153.48,175.953,-41.056
153.485,117.302,-41.056
153.49,35.191,-41.056
153.495,-70.381,-41.056
153.5,-146.628,-41.056
153.505,-199.413,-41.056
153.51,-193.548,-41.056
153.51500000000001,-170.088,-41.056
153.52,-158.358,-41.056
153.525,-146.628,-41.056
153.53,-129.032,-41.056
153.535,-117.302,-41.056
153.54,-111.437,-41.056
153.54500000000002,-111.437,-46.921
153.55,-105.572,-46.921
153.555,-82.111,-46.921
153.56,-46.921,-46.921
153.565,-29.326,-52.786
153.57,-23.46,-52.786
153.57500000000002,-17.595,-52.786
153.58,-11.73,-52.786
153.585,-0.0,-52.786
153.59,29.326,-58.651
153.595,64.516,-58.651
153.6,111.437,-58.651
153.605,152.493,-58.651
153.61,181.818,-64.516
153.615,199.413,-64.516
153.62,217.009,-70.381
153.625,222.874,-70.381
153.63,234.604,-70.381
153.635,217.009,-76.246
153.64000000000001,181.818,-76.246
153.645,76.246,-76.246
153.65,-87.977,-76.246
153.655,-316.715,-82.111
153.66,-381.232,-82.111
153.665,-211.144,-87.977
153.67000000000002,-76.246,-93.842
153.675,-70.381,-99.707
153.68,-58.651,-99.707
153.685,-11.73,-105.572
153.69,17.595,-99.707
153.695,-0.0,-99.707
153.70000000000002,-29.326,-93.842
153.705,-52.786,-87.977
153.71,-46.921,-82.111
153.715,-29.326,-82.111
153.72,-11.73,-82.111
153.725,-5.865,-76.246
153.73,-11.73,-76.246
153.735,-17.595,-76.246
153.74,-23.46,-76.246
153.745,-23.46,-76.246
153.75,-17.595,-76.246
153.755,-17.595,-82.111
153.76,-11.73,-82.111
153.76500000000001,-5.865,-82.111
153.77,-0.0,-87.977
153.775,-0.0,-87.977
153.78,-0.0,-99.707
153.785,5.865,-105.572
153.79,5.865,-111.437
153.79500000000002,5.865,-123.167
153.8,5.865,-129.032
153.805,5.865,-140.762
153.81,5.865,-152.493
153.815,5.865,-164.223
153.82,-0.0,-170.088
153.82500000000002,-0.0,-181.818
153.83,-0.0,-193.548
153.835,-5.865,-199.413
153.84,-5.865,-205.279
153.845,-11.73,-205.279
153.85,-17.595,-199.413
153.855,-17.595,-187.683
153.86,-23.46,-175.953
153.865,-29.326,-152.493
153.87,-35.191,-146.628
153.875,-41.056,-158.358
153.88,-41.056,-175.953
153.885,-46.921,-187.683
153.89000000000001,-52.786,-181.818
153.895,-58.651,-164.223
153.9,-64.516,-146.628
153.905,-64.516,-129.032
153.91,-70.381,-111.437
153.915,-76.246,-93.842
153.92000000000002,-76.246,-82.111
153.925,-82.111,-70.381
153.93,-82.111,-46.921
153.935,-82.111,-23.46
153.94,-82.111,-5.865
153.945,-82.111,5.865
153.95000000000002,-82.111,17.595
153.955,-76.246,35.191
153.96,-76.246,52.786
153.965,-76.246,70.381
153.97,-70.381,93.842
153.975,-70.381,111.437
153.98,-70.381,134.897
153.985,-70.381,152.493
153.99,-70.381,170.088
153.995,-70.381,199.413
154.0,-76.246,222.874
154.005,-82.111,246.334
154.01,-87.977,275.66
154.01500000000001,-93.842,299.12
154.02,-99.707,322.581
154.025,-111.437,340.176
154.03,-117.302,363.636
154.035,-129.032,387.097
154.04,-134.897,416.422
154.04500000000002,-146.628,445.748
154.05,-158.358,469.208
154.055,-170.088,480.938
154.06,-187.683,498.534
154.065,-193.548,504.399
154.07,-205.279,504.399
154.07500000000002,-205.279,510.264
154.08,-211.144,504.399
154.085,-217.009,492.668
154.09,-217.009,486.803
154.095,-211.144,469.208
154.1,-217.009,451.613
154.105,-228.739,428.152
154.11,-222.874,398.827
154.115,-205.279,363.636
154.12,-187.683,328.446
154.125,-181.818,287.39
154.13,-164.223,240.469
154.135,-146.628,199.413
154.14000000000001,-123.167,158.358
154.145,-99.707,123.167
154.15,-87.977,93.842
154.155,-64.516,70.381
154.16,-41.056,-5.865
154.165,-11.73,-152.493
154.17000000000002,5.865,-263.93
154.175,29.326,-246.334
154.18,52.786,-316.715
154.185,76.246,-328.446
154.19,99.707,-275.66
154.195,123.167,-263.93
154.20000000000002,140.762,-269.795
154.205,158.358,-222.874
154.21,175.953,-193.548
154.215,199.413,-175.953
154.22,217.009,-152.493
154.225,234.604,-129.032
154.23,246.334,-111.437
154.235,263.93,-93.842
154.24,275.66,-76.246
154.245,287.39,-70.381
154.25,304.985,-64.516
154.255,316.715,-52.786
154.26,334.311,-46.921
154.26500000000001,351.906,-46.921
154.27,369.501,-35.191
154.275,387.097,-23.46
154.28,398.827,-5.865
154.285,410.557,0.0
154.29,422.287,0.0
154.29500000000002,434.017,5.865
154.3,439.883,11.73
154.305,439.883,17.595
154.31,445.748,23.46
154.315,445.748,29.326
154.32,445.748,29.326
154.32500000000002,445.748,29.326
154.33,434.017,29.326
154.335,428.152,29.326
154.34,410.557,23.46
154.345,392.962,23.46
154.35,369.501,17.595
154.355,346.041,11.73
154.36,316.715,5.865
154.365,293.255,-5.865
154.37,269.795,-11.73
154.375,240.469,-17.595
154.38,205.279,-29.326
154.385,170.088,-41.056
154.39000000000001,134.897,-52.786
154.395,99.707,-58.651
154.4,64.516,-70.381
154.405,35.191,-76.246
154.41,11.73,-87.977
154.415,-5.865,-99.707
154.42000000000002,-29.326,-105.572
154.425,-64.516,-117.302
154.43,-99.707,-123.167
154.435,-123.167,-134.897
154.44,-129.032,-140.762
154.445,-140.762,-146.628
154.45000000000002,-117.302,-158.358
154.455,-140.762,-164.223
154.46,-240.469,-170.088
154.465,-252.199,-175.953
154.47,-240.469,-181.818
154.475,-211.144,-181.818
154.48,-181.818,-181.818
154.485,-158.358,-187.683
154.49,-152.493,-193.548
154.495,-146.628,-193.548
154.5,-134.897,-199.413
154.505,-123.167,-211.144
154.51,-111.437,-217.009
154.51500000000001,-99.707,-222.874
154.52,-93.842,-228.739
154.525,-93.842,-234.604
154.53,-87.977,-240.469
154.535,-82.111,-246.334
154.54,-76.246,-252.199
154.54500000000002,-70.381,-252.199
154.55,-64.516,-252.199
154.555,-58.651,-246.334
154.56,-52.786,-240.469
154.565,-52.786,-228.739
154.57,-46.921,-217.009
154.57500000000002,-41.056,-205.279
154.58,-41.056,-199.413
154.585,-35.191,-193.548
154.59,-29.326,-187.683
154.595,-29.326,-181.818
154.6,-23.46,-175.953
154.605,-23.46,-152.493
154.61,-23.46,-129.032
154.615,-23.46,-105.572
154.62,-23.46,-99.707
154.625,-23.46,-99.707
154.63,-23.46,-93.842
154.635,-29.326,-76.246
154.64000000000001,-29.326,-58.651
154.645,-35.191,-35.191
154.65,-35.191,-35.191
154.655,-35.191,-11.73
154.66,-41.056,35.191
154.665,-41.056,58.651
154.67000000000002,-46.921,70.381
154.675,-46.921,82.111
154.68,-52.786,93.842
154.685,-52.786,105.572
154.69,-52.786,123.167
154.695,-46.921,146.628
154.70000000000002,-46.921,170.088
154.705,-46.921,193.548
154.71,-41.056,211.144
154.715,-41.056,222.874
154.72,-41.056,240.469
154.725,-41.056,258.064
154.73,-41.056,275.66
154.735,-41.056,293.255
154.74,-46.921,304.985
154.745,-46.921,322.581
154.75,-52.786,334.311
154.755,-58.651,346.041
154.76,-58.651,357.771
154.76500000000001,-64.516,369.501
154.77,-64.516,381.232
154.775,-70.381,387.097
154.78,-76.246,398.827
154.785,-76.246,410.557
154.79,-82.111,416.422
154.79500000000002,-82.111,416.422
154.8,-87.977,422.287
154.805,-87.977,422.287
154.81,-93.842,422.287
154.815,-99.707,422.287
154.82,-99.707,422.287
154.82500000000002,-105.572,410.557
154.83,-111.437,398.827
154.835,-117.302,387.097
154.84,-123.167,375.366
154.845,-129.032,357.771
154.85,-134.897,340.176
154.855,-140.762,322.581
154.86,-146.628,304.985
154.865,-152.493,287.39
154.87,-158.358,258.064
154.875,-164.223,228.739
154.88,-164.223,205.279
154.885,-164.223,175.953
154.89000000000001,-164.223,140.762
154.895,-164.223,111.437
154.9,-170.088,87.977
154.905,-170.088,64.516
154.91,-170.088,41.056
154.915,-164.223,11.73
154.92000000000002,-164.223,-23.46
154.925,-158.358,-58.651
154.93,-146.628,-70.381
154.935,-140.762,-64.516
154.94,-140.762,-46.921
154.945,-134.897,-46.921
154.95000000000002,-129.032,-46.921
154.955,-129.032,-64.516
154.96,-129.032,-117.302
154.965,-123.167,-181.818
154.97,-111.437,-205.279
154.975,-93.842,-222.874
154.98,-76.246,-217.009
154.985,-58.651,-211.144
154.99,-41.056,-181.818
154.995,-17.595,-117.302
155.0,5.865,-93.842
155.005,35.191,-105.572
155.01,70.381,-123.167
155.01500000000001,87.977,-123.167
155.02,99.707,-99.707
155.025,111.437,-87.977
155.03,123.167,-82.111
155.035,134.897,-82.111
155.04,152.493,-70.381
155.04500000000002,175.953,-64.516
155.05,193.548,-58.651
155.055,211.144,-52.786
155.06,222.874,-46.921
155.065,240.469,-41.056
155.07,258.064,-41.056
155.07500000000002,275.66,-35.191
155.08,287.39,-35.191
155.085,299.12,-29.326
155.09,310.85,-23.46
155.095,316.715,-17.595
155.1,322.581,-17.595
155.105,322.581,-11.73
155.11,322.581,-11.73
155.115,322.581,-5.865
155.12,316.715,-5.865
155.125,310.85,-5.865
155.13,304.985,-5.865
155.135,304.985,-5.865
155.14000000000001,304.985,0.0
155.145,304.985,0.0
155.15,299.12,0.0
155.155,299.12,-5.865
155.16,293.255,0.0
155.165,275.66,-5.865
155.17000000000002,187.683,-5.865
155.175,23.46,-5.865
155.18,-158.358,-11.73
155.185,-322.581,-11.73
155.19,-293.255,-11.73
155.195,-99.707,-11.73
155.20000000000002,-23.46,-17.595
155.205,-5.865,-17.595
155.21,52.786,-23.46
155.215,111.437,-29.326
155.22,117.302,-29.326
155.225,64.516,-35.191
155.23,35.191,-35.191
155.235,41.056,-41.056
155.24,41.056,-41.056
155.245,-0.0,-46.921
155.25,-29.326,-46.921
155.255,-17.595,-52.786
155.26,-5.865,-52.786
155.26500000000001,-5.865,-52.786
155.27,-0.0,-52.786
155.275,-0.0,-52.786
155.28,-0.0,-52.786
155.285,-0.0,-52.786
155.29,-0.0,-52.786
155.29500000000002,-5.865,-52.786
155.3,-5.865,-52.786
155.305,-5.865,-52.786
155.31,-5.865,-46.921
155.315,-11.73,-46.921
155.32,-11.73,-46.921
155.32500000000002,-11.73,-46.921
155.33,-11.73,-46.921
155.335,-17.595,-41.056
155.34,-17.595,-41.056
155.345,-17.595,-41.056
155.35,-17.595,-35.191
155.355,-17.595,-35.191
155.36,-17.595,-35.191
155.365,-17.595,-35.191
155.37,-17.595,-29.326
155.375,-17.595,-29.326
155.38,-17.595,-29.326
155.385,-17.595,-29.326
155.39000000000001,-17.595,-23.46
155.395,-17.595,-23.46
155.4,-17.595,-23.46
155.405,-17.595,-23.46
155.41,-17.595,-23.46
155.415,-17.595,-17.595
155.42000000000002,-17.595,-17.595
155.425,-17.595,-17.595
155.43,-17.595,-17.595
155.435,-17.595,-17.595
155.44,-11.73,-17.595
155.445,-11.73,-17.595
155.45000000000002,-17.595,-17.595
155.455,-11.73,-17.595
155.46,-11.73,-17.595
155.465,-11.73,-17.595
155.47,-11.73,-17.595
155.475,-11.73,-17.595
155.48,-11.73,-11.73
155.485,-11.73,-17.595
155.49,-11.73,-11.73
155.495,-11.73,-11.73
155.5,-11.73,-11.73
155.505,-11.73,-11.73
155.51,-11.73,-11.73
155.51500000000001,-11.73,-11.73
155.52,-11.73,-11.73
155.525,-5.865,-11.73
155.53,-5.865,-11.73
155.535,-5.865,-11.73
155.54,-5.865,-11.73
155.54500000000002,-5.865,-11.73
155.55,-5.865,-11.73
155.555,-5.865,-11.73
155.56,-5.865,-11.73
155.565,-5.865,-11.73
155.57,-5.865,-11.73
155.57500000000002,-0.0,-11.73
155.58,-0.0,-11.73
155.585,-0.0,-11.73
155.59,-0.0,-17.595
155.595,-0.0,-17.595
155.6,-0.0,-11.73
155.605,-0.0,-17.595
155.61,-0.0,-17.595
155.615,5.865,-17.595
155.62,-0.0,-17.595
155.625,5.865,-17.595
155.63,-0.0,-17.595
155.635,-0.0,-17.595
155.64000000000001,-0.0,-17.595
155.645,-0.0,-17.595
155.65,-0.0,-17.595
155.655,-0.0,-23.46
155.66,5.865,-23.46
155.665,-0.0,-23.46
155.67000000000002,5.865,-29.326
155.675,-0.0,-29.326
155.68,-0.0,-29.326
155.685,-0.0,-23.46
155.69,5.865,-29.326
155.695,-0.0,-29.326
155.70000000000002,-0.0,-29.326
155.705,-0.0,-29.326
155.71,-5.865,-23.46
155.715,-5.865,-23.46
155.72,-5.865,-23.46
155.725,-5.865,-17.595
155.73,-5.865,-17.595
155.735,-5.865,-17.595
155.74,-5.865,-17.595
155.745,-5.865,-17.595
155.75,-5.865,-17.595
155.755,-5.865,-17.595
155.76,-5.865,-17.595
155.76500000000001,-5.865,-11.73
155.77,-5.865,-11.73
155.775,-5.865,-11.73
155.78,-5.865,-5.865
155.785,-5.865,0.0
155.79,-5.865,0.0
155.79500000000002,-5.865,5.865
155.8,-0.0,5.865
155.805,-0.0,11.73
155.81,-0.0,11.73
155.815,-0.0,17.595
155.82,-0.0,23.46
155.82500000000002,-0.0,35.191
155.83,-0.0,46.921
155.835,-0.0,52.786
155.84,-0.0,64.516
155.845,-0.0,70.381
155.85,-0.0,76.246
155.855,-0.0,82.111
155.86,-0.0,82.111
155.865,-0.0,87.977
155.87,-0.0,93.842
155.875,5.865,99.707
155.88,5.865,105.572
155.885,-0.0,111.437
155.89000000000001,-0.0,117.302
155.895,-0.0,123.167
155.9,-0.0,123.167
155.905,-0.0,129.032
155.91,-0.0,129.032
155.915,-5.865,134.897
155.92000000000002,-5.865,134.897
155.925,-5.865,134.897
155.93,-5.865,134.897
155.935,-5.865,134.897
155.94,-5.865,134.897
155.945,-5.865,134.897
155.95000000000002,-5.865,129.032
155.955,-5.865,123.167
155.96,-5.865,123.167
155.965,-5.865,117.302
155.97,-5.865,111.437
155.975,-5.865,105.572
155.98,-5.865,82.111
155.985,-5.865,52.786
155.99,-5.865,29.326
155.995,-5.865,11.73
156.0,-5.865,5.865
156.005,-5.865,5.865
156.01,-5.865,17.595
156.01500000000001,-11.73,23.46
156.02,-11.73,23.46
156.025,-11.73,17.595
156.03,-11.73,11.73
156.035,-11.73,5.865
156.04,-17.595,-5.865
156.04500000000002,-17.595,-11.73
156.05,-17.595,-11.73
156.055,-17.595,-17.595
156.06,-17.595,-11.73
156.065,-17.595,-11.73
156.07,-17.595,-5.865
156.07500000000002,-17.595,-5.865
156.08,-11.73,0.0
156.085,-11.73,5.865
156.09,-11.73,11.73
156.095,-17.595,11.73
156.1,-11.73,11.73
156.105,-17.595,5.865
156.11,-17.595,0.0
156.115,-17.595,-5.865
156.12,-17.595,-5.865
156.125,-17.595,-5.865
156.13,-17.595,-11.73
156.135,-23.46,-11.73
156.14000000000001,-23.46,-17.595
156.145,-23.46,-17.595
156.15,-29.326,-17.595
156.155,-29.326,-17.595
156.16,-29.326,-17.595
156.165,-29.326,-23.46
156.17000000000002,-29.326,-23.46
156.175,-29.326,-23.46
156.18,-29.326,-23.46
156.185,-29.326,-29.326
156.19,-29.326,-29.326
156.195,-29.326,-29.326
156.20000000000002,-29.326,-29.326
156.205,-29.326,-29.326
156.21,-29.326,-35.191
156.215,-35.191,-35.191
156.22,-35.191,-35.191
156.225,-35.191,-35.191
156.23,-41.056,-35.191
156.235,-41.056,-35.191
156.24,-41.056,-35.191
156.245,-46.921,-35.191
156.25,-46.921,-35.191
156.255,-46.921,-35.191
156.26,-46.921,-35.191
156.26500000000001,-52.786,-35.191
156.27,-52.786,-35.191
156.275,-52.786,-35.191
156.28,-52.786,-35.191
156.285,-52.786,-35.191
156.29,-52.786,-35.191
156.29500000000002,-52.786,-35.191
156.3,-52.786,-35.191
156.305,-52.786,-35.191
156.31,-52.786,-35.191
156.315,-52.786,-35.191
156.32,-52.786,-35.191
156.32500000000002,-46.921,-35.191
156.33,-46.921,-35.191
156.335,-46.921,-35.191
156.34,-46.921,-35.191
156.345,-46.921,-35.191
156.35,-52.786,-29.326
156.355,-46.921,-35.191
156.36,-52.786,-35.191
156.365,-46.921,-35.191
156.37,-52.786,-35.191
156.375,-52.786,-29.326
156.38,-52.786,-29.326
156.385,-52.786,-29.326
156.39000000000001,-58.651,-29.326
156.395,-58.651,-29.326
156.4,-58.651,-29.326
156.405,-58.651,-29.326
156.41,-64.516,-29.326
156.415,-64.516,-29.326
156.42000000000002,-64.516,-29.326
156.425,-64.516,-29.326
156.43,-70.381,-29.326
156.435,-70.381,-23.46
156.44,-70.381,-29.326
156.445,-76.246,-23.46
156.45000000000002,-76.246,-29.326
156.455,-82.111,-29.326
156.46,-82.111,-29.326
156.465,-82.111,-29.326
156.47,-87.977,-29.326
156.475,-82.111,-23.46
156.48,-87.977,-29.326
156.485,-87.977,-29.326
156.49,-87.977,-29.326
156.495,-87.977,-29.326
156.5,-87.977,-29.326
156.505,-82.111,-29.326
156.51,-82.111,-23.46
156.51500000000001,-76.246,-23.46
156.52,-70.381,-23.46
156.525,-64.516,-23.46
156.53,-64.516,-23.46
156.535,-64.516,-23.46
156.54,-58.651,-29.326
156.54500000000002,-46.921,-23.46
156.55,-29.326,-23.46
156.555,-11.73,-23.46
156.56,11.73,-29.326
156.565,29.326,-29.326
156.57,46.921,-29.326
156.57500000000002,58.651,-29.326
156.58,70.381,-29.326
156.585,82.111,-35.191
156.59,93.842,-35.191
156.595,105.572,-35.191
156.6,117.302,-35.191
156.605,129.032,-35.191
156.61,140.762,-35.191
156.615,152.493,-35.191
156.62,170.088,-35.191
156.625,175.953,-35.191
156.63,187.683,-35.191
156.635,199.413,-35.191
156.64000000000001,205.279,-35.191
156.645,217.009,-41.056
156.65,222.874,-41.056
156.655,228.739,-41.056
156.66,240.469,-41.056
156.665,246.334,-35.191
156.67000000000002,252.199,-41.056
156.675,258.064,-41.056
156.68,263.93,-35.191
156.685,269.795,-35.191
156.69,275.66,-35.191
156.695,275.66,-35.191
156.70000000000002,281.525,-35.191
156.705,281.525,-35.191
156.71,281.525,-35.191
156.715,281.525,-35.191
156.72,281.525,-29.326
156.725,287.39,-29.326
156.73,287.39,-29.326
156.735,287.39,-29.326
156.74,281.525,-29.326
156.745,281.525,-29.326
156.75,275.66,-29.326
156.755,269.795,-29.326
156.76,263.93,-29.326
156.76500000000001,258.064,-35.191
156.77,246.334,-29.326
156.775,240.469,-29.326
156.78,228.739,-29.326
156.785,217.009,-35.191
156.79,199.413,-35.191
156.79500000000002,187.683,-35.191
156.8,164.223,-35.191
156.805,140.762,-35.191
156.81,111.437,-35.191
156.815,87.977,-35.191
156.82,64.516,-35.191
156.82500000000002,35.191,-35.191
156.83,5.865,-35.191
156.835,-23.46,-35.191
156.84,-58.651,-35.191
156.845,-93.842,-35.191
156.85,-117.302,-35.191
156.855,-123.167,-35.191
156.86,-105.572,-35.191
156.865,-76.246,-41.056
156.87,-64.516,-41.056
156.875,-76.246,-41.056
156.88,-105.572,-41.056
156.885,-123.167,-41.056
156.89000000000001,-134.897,-46.921
156.895,-140.762,-41.056
156.9,-146.628,-46.921
156.905,-152.493,-46.921
156.91,-152.493,-46.921
156.915,-140.762,-46.921
156.92000000000002,-123.167,-46.921
156.925,-117.302,-46.921
156.93,-117.302,-46.921
156.935,-111.437,-52.786
156.94,-105.572,-52.786
156.945,-93.842,-52.786
156.95000000000002,-87.977,-58.651
156.955,-82.111,-58.651
156.96,-70.381,-64.516
156.965,-64.516,-64.516
156.97,-64.516,-70.381
156.975,-58.651,-76.246
156.98,-52.786,-82.111
156.985,-52.786,-87.977
156.99,-52.786,-93.842
156.995,-46.921,-99.707
157.0,-46.921,-105.572
157.005,-46.921,-111.437
157.01,-46.921,-117.302
157.01500000000001,-46.921,-123.167
157.02,-46.921,-129.032
157.025,-46.921,-129.032
157.03,-46.921,-134.897
157.035,-46.921,-140.762
157.04,-46.921,-140.762
157.04500000000002,-46.921,-146.628
157.05,-46.921,-152.493
157.055,-46.921,-152.493
157.06,-46.921,-158.358
157.065,-46.921,-158.358
157.07,-46.921,-158.358
157.07500000000002,-46.921,-158.358
157.08,-46.921,-152.493
157.085,-46.921,-152.493
157.09,-46.921,-152.493
157.095,-46.921,-152.493
157.1,-46.921,-164.223
157.105,-46.921,-170.088
157.11,-52.786,-170.088
157.115,-52.786,-164.223
157.12,-52.786,-158.358
157.125,-52.786,-146.628
157.13,-58.651,-140.762
157.135,-58.651,-129.032
157.14000000000001,-58.651,-117.302
157.145,-64.516,-105.572
157.15,-64.516,-93.842
157.155,-64.516,-87.977
157.16,-64.516,-82.111
157.165,-64.516,-82.111
157.17000000000002,-64.516,-76.246
157.175,-64.516,-64.516
157.18,-58.651,-46.921
157.185,-58.651,-23.46
157.19,-58.651,-5.865
157.195,-58.651,5.865
157.20000000000002,-58.651,35.191
157.205,-58.651,64.516
157.21,-52.786,87.977
157.215,-58.651,111.437
157.22,-52.786,123.167
157.225,-52.786,134.897
157.23,-52.786,146.628
157.235,-58.651,158.358
157.24,-58.651,170.088
157.245,-58.651,187.683
157.25,-52.786,199.413
157.255,-52.786,217.009
157.26,-52.786,228.739
157.26500000000001,-52.786,240.469
157.27,-52.786,252.199
157.275,-52.786,269.795
157.28,-52.786,287.39
157.285,-58.651,299.12
157.29,-58.651,310.85
157.29500000000002,-58.651,322.581
157.3,-58.651,334.311
157.305,-58.651,346.041
157.31,-58.651,351.906
157.315,-64.516,363.636
157.32,-64.516,369.501
157.32500000000002,-64.516,375.366
157.33,-64.516,381.232
157.335,-64.516,387.097
157.34,-64.516,392.962
157.345,-70.381,392.962
157.35,-70.381,392.962
157.355,-70.381,392.962
157.36,-76.246,392.962
157.365,-76.246,398.827
157.37,-82.111,398.827
157.375,-82.111,398.827
157.38,-82.111,392.962
157.385,-82.111,387.097
157.39000000000001,-87.977,375.366
157.395,-87.977,357.771
157.4,-87.977,340.176
157.405,-93.842,322.581
157.41,-93.842,299.12
157.415,-93.842,281.525
157.42000000000002,-93.842,258.064
157.425,-99.707,234.604
157.43,-99.707,211.144
157.435,-105.572,187.683
157.44,-105.572,158.358
157.445,-105.572,129.032
157.45000000000002,-111.437,105.572
157.455,-111.437,76.246
157.46,-111.437,46.921
157.465,-111.437,17.595
157.47,-111.437,-11.73
157.475,-111.437,-41.056
157.48,-111.437,-70.381
157.485,-105.572,-105.572
157.49,-105.572,-123.167
157.495,-99.707,-129.032
157.5,-93.842,-99.707
157.505,-87.977,-52.786
157.51,-82.111,-11.73
157.51500000000001,-87.977,0.0
157.52,-93.842,-17.595
157.525,-99.707,-52.786
157.53,-105.572,-99.707
157.535,-105.572,-140.762
157.54,-105.572,-170.088
157.54500000000002,-99.707,-175.953
157.55,-87.977,-152.493
157.555,-82.111,-134.897
157.56,-76.246,-129.032
157.565,-76.246,-129.032
157.57,-76.246,-134.897
157.57500000000002,-70.381,-146.628
157.58,-70.381,-146.628
157.585,-70.381,-134.897
157.59,-64.516,-129.032
157.595,-58.651,-123.167
157.6,-52.786,-129.032
157.605,-46.921,-129.032
157.61,-23.46,-123.167
157.615,-5.865,-117.302
157.62,-5.865,-111.437
157.625,-0.0,-105.572
157.63,11.73,-105.572
157.635,35.191,-105.572
157.64000000000001,58.651,-93.842
157.645,70.381,-87.977
157.65,82.111,-87.977
157.655,82.111,-87.977
157.66,93.842,-82.111
157.665,99.707,-82.111
157.67000000000002,111.437,-82.111
157.675,129.032,-82.111
157.68,140.762,-82.111
157.685,152.493,-82.111
157.69,164.223,-82.111
157.695,170.088,-76.246
157.70000000000002,181.818,-76.246
157.705,193.548,-76.246
157.71,205.279,-76.246
157.715,211.144,-76.246
157.72,217.009,-70.381
157.725,228.739,-70.381
157.73,234.604,-70.381
157.735,240.469,-64.516
157.74,246.334,-64.516
157.745,258.064,-64.516
157.75,263.93,-58.651
157.755,269.795,-58.651
157.76,275.66,-58.651
157.76500000000001,281.525,-58.651
157.77,287.39,-52.786
157.775,293.255,-52.786
157.78,299.12,-52.786
157.785,304.985,-52.786
157.79,304.985,-52.786
157.79500000000002,310.85,-52.786
157.8,310.85,-52.786
157.805,310.85,-52.786
157.81,316.715,-52.786
157.815,316.715,-52.786
157.82,322.581,-52.786
157.82500000000002,322.581,-52.786
157.83,322.581,-52.786
157.835,322.581,-52.786
157.84,316.715,-52.786
157.845,310.85,-46.921
157.85,310.85,-52.786
157.855,299.12,-46.921
157.86,293.255,-46.921
157.865,287.39,-46.921
157.87,275.66,-46.921
157.875,263.93,-46.921
157.88,252.199,-46.921
157.885,234.604,-46.921
157.89000000000001,222.874,-46.921
157.895,205.279,-46.921
157.9,193.548,-46.921
157.905,175.953,-46.921
157.91,158.358,-46.921
157.915,140.762,-52.786
157.92000000000002,123.167,-52.786
157.925,99.707,-52.786
157.93,82.111,-52.786
157.935,58.651,-52.786
157.94,35.191,-58.651
157.945,11.73,-52.786
157.95000000000002,-5.865,-58.651
157.955,-23.46,-58.651
157.96,-41.056,-58.651
157.965,-58.651,-58.651
157.97,-87.977,-58.651
157.975,-105.572,-58.651
157.98,-123.167,-58.651
157.985,-117.302,-64.516
157.99,-87.977,-64.516
157.995,-58.651,-64.516
158.0,-52.786,-64.516
158.005,-76.246,-64.516
158.01,-105.572,-64.516
158.01500000000001,-123.167,-70.381
158.02,-146.628,-64.516
158.025,-170.088,-70.381
158.03,-181.818,-70.381
158.035,-164.223,-70.381
158.04,-123.167,-70.381
158.04500000000002,-111.437,-70.381
158.05,-129.032,-70.381
158.055,-146.628,-76.246
158.06,-152.493,-76.246
158.065,-158.358,-76.246
158.07,-146.628,-76.246
158.07500000000002,-129.032,-82.111
158.08,-123.167,-82.111
158.085,-117.302,-82.111
158.09,-111.437,-87.977
158.095,-105.572,-87.977
158.1,-99.707,-93.842
158.105,-93.842,-99.707
158.11,-87.977,-105.572
158.115,-82.111,-105.572
158.12,-76.246,-111.437
158.125,-76.246,-117.302
158.13,-64.516,-123.167
158.135,-64.516,-123.167
158.14000000000001,-64.516,-129.032
158.145,-64.516,-129.032
158.15,-64.516,-134.897
158.155,-64.516,-140.762
158.16,-64.516,-140.762
158.165,-64.516,-140.762
158.17000000000002,-64.516,-146.628
158.175,-64.516,-146.628
158.18,-64.516,-152.493
158.185,-64.516,-158.358
158.19,-64.516,-158.358
158.195,-64.516,-158.358
158.20000000000002,-58.651,-158.358
158.205,-58.651,-158.358
158.21,-58.651,-158.358
158.215,-58.651,-164.223
158.22,-58.651,-170.088
158.225,-58.651,-170.088
158.23,-58.651,-170.088
158.235,-52.786,-164.223
158.24,-58.651,-152.493
158.245,-52.786,-140.762
158.25,-52.786,-134.897
158.255,-52.786,-123.167
158.26,-52.786,-123.167
158.26500000000001,-52.786,-111.437
158.27,-58.651,-111.437
158.275,-58.651,-105.572
158.28,-58.651,-93.842
158.285,-58.651,-76.246
158.29,-58.651,-58.651
158.29500000000002,-58.651,-46.921
158.3,-58.651,-17.595
158.305,-58.651,5.865
158.31,-64.516,23.46
158.315,-64.516,46.921
158.32,-64.516,76.246
158.32500000000002,-64.516,105.572
158.33,-64.516,123.167
158.335,-64.516,140.762
158.34,-64.516,146.628
158.345,-64.516,158.358
158.35,-64.516,164.223
158.355,-64.516,175.953
158.36,-64.516,187.683
158.365,-64.516,205.279
158.37,-64.516,217.009
158.375,-58.651,234.604
158.38,-58.651,252.199
158.385,-58.651,263.93
158.39000000000001,-58.651,281.525
158.395,-58.651,293.255
158.4,-58.651,310.85
158.405,-58.651,322.581
158.41,-58.651,334.311
158.415,-58.651,346.041
158.42000000000002,-58.651,357.771
158.425,-64.516,369.501
158.43,-64.516,375.366
158.435,-64.516,381.232
158.44,-70.381,387.097
158.445,-70.381,392.962
158.45000000000002,-70.381,398.827
158.455,-76.246,404.692
158.46,-76.246,410.557
158.465,-76.246,410.557
158.47,-76.246,416.422
158.475,-76.246,416.422
158.48,-76.246,416.422
158.485,-82.111,416.422
158.49,-82.111,416.422
158.495,-82.111,410.557
158.5,-82.111,398.827
158.505,-87.977,392.962
158.51,-87.977,375.366
158.51500000000001,-93.842,363.636
158.52,-93.842,346.041
158.525,-93.842,328.446
158.53,-99.707,310.85
158.535,-105.572,287.39
158.54,-111.437,263.93
158.54500000000002,-117.302,240.469
158.55,-117.302,211.144
158.555,-123.167,181.818
158.56,-123.167,152.493
158.565,-129.032,117.302
158.57,-134.897,87.977
158.57500000000002,-134.897,52.786
158.58,-134.897,17.595
158.585,-134.897,-11.73
158.59,-129.032,-52.786
158.595,-129.032,-87.977
158.6,-123.167,-117.302
158.605,-117.302,-134.897
158.61,-105.572,-117.302
158.615,-93.842,-76.246
158.62,-87.977,-17.595
158.625,-82.111,17.595
158.63,-82.111,11.73
158.635,-82.111,-23.46
158.64000000000001,-93.842,-70.381
158.645,-99.707,-123.167
158.65,-99.707,-158.358
158.655,-99.707,-175.953
158.66,-87.977,-164.223
158.665,-82.111,-140.762
158.67000000000002,-76.246,-123.167
158.675,-70.381,-117.302
158.68,-70.381,-123.167
158.685,-64.516,-134.897
158.69,-52.786,-140.762
158.695,-46.921,-134.897
158.70000000000002,-35.191,-129.032
158.705,-35.191,-117.302
158.71,-23.46,-111.437
158.715,-0.0,-111.437
158.72,11.73,-111.437
158.725,17.595,-111.437
158.73,29.326,-111.437
158.735,46.921,-105.572
158.74,58.651,-105.572
158.745,70.381,-99.707
158.75,76.246,-93.842
158.755,82.111,-87.977
158.76,87.977,-87.977
158.76500000000001,99.707,-82.111
158.77,111.437,-82.111
158.775,123.167,-76.246
158.78,134.897,-76.246
158.785,146.628,-76.246
158.79,164.223,-70.381
158.79500000000002,175.953,-70.381
158.8,181.818,-70.381
158.805,193.548,-70.381
158.81,199.413,-70.381
158.815,211.144,-64.516
158.82,217.009,-64.516
158.82500000000002,222.874,-58.651
158.83,228.739,-58.651
158.835,240.469,-52.786
158.84,246.334,-58.651
158.845,252.199,-52.786
158.85,258.064,-52.786
158.855,263.93,-52.786
158.86,269.795,-52.786
158.865,275.66,-46.921
158.87,275.66,-46.921
158.875,281.525,-46.921
158.88,281.525,-46.921
158.885,287.39,-46.921
158.89000000000001,287.39,-52.786
158.895,293.255,-52.786
158.9,293.255,-52.786
158.905,299.12,-52.786
158.91,299.12,-52.786
158.915,299.12,-52.786
158.92000000000002,299.12,-52.786
158.925,299.12,-52.786
158.93,299.12,-52.786
158.935,299.12,-52.786
158.94,299.12,-52.786
158.945,293.255,-52.786
158.95000000000002,287.39,-58.651
158.955,287.39,-58.651
158.96,281.525,-58.651
158.965,275.66,-58.651
158.97,269.795,-58.651
158.975,263.93,-58.651
158.98,252.199,-58.651
158.985,240.469,-58.651
158.99,228.739,-58.651
158.995,222.874,-64.516
159.0,205.279,-64.516
159.005,193.548,-64.516
159.01,175.953,-64.516
159.01500000000001,158.358,-70.381
159.02,140.762,-64.516
159.025,123.167,-70.381
159.03,99.707,-70.381
159.035,82.111,-70.381
159.04,58.651,-70.381
159.04500000000002,41.056,-70.381
159.05,11.73,-70.381
159.055,-11.73,-76.246
159.06,-29.326,-70.381
159.065,-46.921,-76.246
159.07,-58.651,-76.246
159.07500000000002,-70.381,-76.246
159.08,-87.977,-76.246
159.085,-111.437,-76.246
159.09,-129.032,-76.246
159.095,-129.032,-76.246
159.1,-111.437,-76.246
159.105,-76.246,-76.246
159.11,-64.516,-76.246
159.115,-82.111,-76.246
159.12,-117.302,-82.111
159.125,-146.628,-82.111
159.13,-164.223,-82.111
159.135,-175.953,-82.111
159.14000000000001,-187.683,-82.111
159.145,-187.683,-82.111
159.15,-146.628,-82.111
159.155,-117.302,-82.111
159.16,-129.032,-82.111
159.165,-152.493,-82.111
159.17000000000002,-175.953,-87.977
159.175,-175.953,-87.977
159.18,-158.358,-87.977
159.185,-140.762,-87.977
159.19,-129.032,-93.842
159.195,-123.167,-93.842
159.20000000000002,-117.302,-99.707
159.205,-111.437,-99.707
159.21,-105.572,-105.572
159.215,-99.707,-111.437
159.22,-87.977,-117.302
159.225,-87.977,-123.167
159.23,-82.111,-129.032
159.235,-76.246,-134.897
159.24,-70.381,-140.762
159.245,-76.246,-146.628
159.25,-76.246,-146.628
159.255,-70.381,-152.493
159.26,-70.381,-158.358
159.26500000000001,-70.381,-158.358
159.27,-70.381,-164.223
159.275,-70.381,-170.088
159.28,-76.246,-170.088
159.285,-76.246,-175.953
159.29,-76.246,-175.953
159.29500000000002,-76.246,-175.953
159.3,-70.381,-175.953
159.305,-70.381,-175.953
159.31,-70.381,-170.088
159.315,-70.381,-170.088
159.32,-64.516,-170.088
159.32500000000002,-64.516,-170.088
159.33,-64.516,-170.088
159.335,-64.516,-164.223
159.34,-58.651,-152.493
159.345,-58.651,-134.897
159.35,-58.651,-134.897
159.355,-58.651,-134.897
159.36,-58.651,-134.897
159.365,-58.651,-129.032
159.37,-58.651,-123.167
159.375,-58.651,-105.572
159.38,-64.516,-87.977
159.385,-64.516,-64.516
159.39000000000001,-64.516,-46.921
159.395,-64.516,-29.326
159.4,-64.516,-5.865
159.405,-64.516,17.595
159.41,-70.381,41.056
159.415,-64.516,64.516
159.42000000000002,-64.516,82.111
159.425,-64.516,99.707
159.43,-64.516,105.572
159.435,-64.516,117.302
159.44,-64.516,123.167
159.445,-64.516,134.897
159.45000000000002,-64.516,146.628
159.455,-64.516,164.223
159.46,-58.651,175.953
159.465,-58.651,193.548
159.47,-58.651,205.279
159.475,-58.651,222.874
159.48,-58.651,234.604
159.485,-58.651,246.334
159.49,-58.651,258.064
159.495,-58.651,275.66
159.5,-58.651,287.39
159.505,-58.651,293.255
159.51,-58.651,304.985
159.51500000000001,-58.651,316.715
159.52,-64.516,322.581
159.525,-64.516,334.311
159.53,-64.516,340.176
159.535,-64.516,346.041
159.54,-70.381,351.906
159.54500000000002,-70.381,357.771
159.55,-70.381,363.636
159.555,-76.246,369.501
159.56,-76.246,369.501
159.565,-82.111,369.501
159.57,-82.111,369.501
159.57500000000002,-82.111,375.366
159.58,-82.111,375.366
159.585,-87.977,375.366
159.59,-87.977,375.366
159.595,-87.977,375.366
159.6,-87.977,369.501
159.605,-93.842,369.501
159.61,-93.842,363.636
159.615,-93.842,357.771
159.62,-99.707,346.041
159.625,-99.707,334.311
159.63,-105.572,322.581
159.635,-105.572,310.85
159.64000000000001,-105.572,299.12
159.645,-111.437,275.66
159.65,-111.437,258.064
159.655,-111.437,234.604
159.66,-117.302,211.144
159.665,-117.302,187.683
159.67000000000002,-123.167,164.223
159.675,-123.167,140.762
159.68,-123.167,117.302
159.685,-129.032,87.977
159.69,-129.032,52.786
159.695,-129.032,23.46
159.70000000000002,-129.032,-11.73
159.705,-123.167,-46.921
159.71,-123.167,-76.246
159.715,-117.302,-99.707
159.72,-111.437,-117.302
159.725,-105.572,-129.032
159.73,-99.707,-140.762
159.735,-99.707,-134.897
159.74,-99.707,-105.572
159.745,-99.707,-52.786
159.75,-105.572,5.865
159.755,-105.572,35.191
159.76,-105.572,17.595
159.76500000000001,-93.842,-23.46
159.77,-87.977,-82.111
159.775,-76.246,-140.762
159.78,-70.381,-175.953
159.785,-64.516,-193.548
159.79,-64.516,-175.953
159.79500000000002,-70.381,-146.628
159.8,-70.381,-140.762
159.805,-64.516,-140.762
159.81,-58.651,-158.358
159.815,-46.921,-181.818
159.82,-41.056,-181.818
159.82500000000002,-41.056,-170.088
159.83,-29.326,-158.358
159.835,-0.0,-152.493
159.84,11.73,-152.493
159.845,5.865,-152.493
159.85,5.865,-146.628
159.855,23.46,-134.897
159.86,46.921,-129.032
159.865,70.381,-123.167
159.87,82.111,-123.167
159.875,82.111,-111.437
159.88,87.977,-105.572
159.885,93.842,-99.707
159.89000000000001,99.707,-93.842
159.895,105.572,-93.842
159.9,111.437,-87.977
159.905,123.167,-82.111
159.91,134.897,-76.246
159.915,140.762,-70.381
159.92000000000002,152.493,-70.381
159.925,164.223,-70.381
159.93,170.088,-70.381
159.935,175.953,-64.516
159.94,187.683,-58.651
159.945,193.548,-58.651
159.95000000000002,199.413,-58.651
159.955,205.279,-52.786
159.96,217.009,-52.786
159.965,222.874,-46.921
159.97,228.739,-46.921
159.975,234.604,-46.921
159.98,234.604,-41.056
159.985,240.469,-41.056
159.99,246.334,-41.056
159.995,252.199,-41.056
160.0,258.064,-35.191
160.005,263.93,-35.191
160.01,263.93,-35.191
160.01500000000001,269.795,-41.056
160.02,269.795,-41.056
160.025,275.66,-41.056
160.03,275.66,-41.056
160.035,281.525,-41.056
160.04,281.525,-41.056
160.04500000000002,281.525,-41.056
160.05,287.39,-41.056
160.055,287.39,-41.056
160.06,293.255,-46.921
160.065,293.255,-46.921
160.07,293.255,-46.921
160.07500000000002,293.255,-46.921
160.08,293.255,-46.921
160.085,293.255,-52.786
160.09,293.255,-52.786
160.095,287.39,-52.786
160.1,287.39,-52.786
160.105,281.525,-52.786
160.11,275.66,-52.786
160.115,263.93,-52.786
160.12,258.064,-52.786
160.125,246.334,-52.786
160.13,234.604,-52.786
160.135,222.874,-58.651
160.14000000000001,211.144,-58.651
160.145,199.413,-58.651
160.15,181.818,-64.516
160.155,170.088,-64.516
160.16,152.493,-64.516
160.165,140.762,-64.516
160.17000000000002,123.167,-64.516
160.175,105.572,-64.516
160.18,87.977,-64.516
160.185,70.381,-64.516
160.19,46.921,-64.516
160.195,29.326,-64.516
160.20000000000002,5.865,-64.516
160.205,-11.73,-64.516
160.21,-23.46,-64.516
160.215,-41.056,-70.381
160.22,-58.651,-70.381
160.225,-76.246,-70.381
160.23,-87.977,-70.381
160.235,-99.707,-70.381
160.24,-99.707,-70.381
160.245,-76.246,-70.381
160.25,-41.056,-70.381
160.255,-23.46,-76.246
160.26,-29.326,-76.246
160.26500000000001,-64.516,-76.246
160.27,-82.111,-76.246
160.275,-99.707,-76.246
160.28,-117.302,-76.246
160.285,-134.897,-76.246
160.29,-123.167,-76.246
160.29500000000002,-87.977,-76.246
160.3,-82.111,-76.246
160.305,-99.707,-76.246
160.31,-117.302,-76.246
160.315,-129.032,-82.111
160.32,-123.167,-82.111
160.32500000000002,-117.302,-82.111
160.33,-111.437,-82.111
160.335,-111.437,-82.111
160.34,-111.437,-87.977
160.345,-105.572,-87.977
160.35,-93.842,-93.842
160.355,-87.977,-93.842
160.36,-82.111,-99.707
160.365,-76.246,-105.572
160.37,-76.246,-117.302
160.375,-70.381,-123.167
160.38,-64.516,-129.032
160.385,-64.516,-134.897
160.39000000000001,-58.651,-146.628
160.395,-58.651,-152.493
160.4,-58.651,-158.358
160.405,-58.651,-158.358
160.41,-58.651,-158.358
160.415,-58.651,-158.358
160.42000000000002,-52.786,-158.358
160.425,-58.651,-152.493
160.43,-58.651,-152.493
160.435,-58.651,-152.493
160.44,-52.786,-146.628
160.445,-52.786,-146.628
160.45000000000002,-52.786,-146.628
160.455,-52.786,-140.762
160.46,-52.786,-134.897
160.465,-52.786,-129.032
160.47,-52.786,-129.032
160.475,-46.921,-123.167
160.48,-46.921,-123.167
160.485,-46.921,-123.167
160.49,-46.921,-117.302
160.495,-46.921,-111.437
160.5,-41.056,-105.572
160.505,-41.056,-99.707
160.51,-41.056,-87.977
160.51500000000001,-41.056,-76.246
160.52,-41.056,-70.381
160.525,-41.056,-58.651
160.53,-41.056,-58.651
160.535,-41.056,-46.921
160.54,-41.056,-41.056
160.54500000000002,-41.056,-29.326
160.55,-41.056,-23.46
160.555,-41.056,-11.73
160.56,-41.056,11.73
160.565,-46.921,29.326
160.57,-41.056,35.191
160.57500000000002,-41.056,46.921
160.58,-41.056,64.516
160.585,-41.056,93.842
160.59,-41.056,111.437
160.595,-41.056,129.032
160.6,-41.056,140.762
160.605,-41.056,146.628
160.61,-41.056,152.493
160.615,-35.191,158.358
160.62,-41.056,164.223
160.625,-41.056,175.953
160.63,-35.191,181.818
160.635,-35.191,193.548
160.64000000000001,-35.191,205.279
160.645,-35.191,217.009
160.65,-35.191,228.739
160.655,-35.191,240.469
160.66,-35.191,252.199
160.665,-35.191,263.93
160.67000000000002,-35.191,275.66
160.675,-41.056,281.525
160.68,-41.056,287.39
160.685,-46.921,293.255
160.69,-46.921,299.12
160.695,-46.921,304.985
160.70000000000002,-52.786,310.85
160.705,-52.786,310.85
160.71,-58.651,316.715
160.715,-58.651,316.715
160.72,-58.651,316.715
160.725,-58.651,316.715
160.73,-58.651,316.715
160.735,-58.651,316.715
160.74,-58.651,310.85
160.745,-58.651,304.985
160.75,-58.651,299.12
160.755,-58.651,299.12
160.76,-58.651,293.255
160.76500000000001,-58.651,293.255
160.77,-58.651,287.39
160.775,-58.651,281.525
160.78,-64.516,275.66
160.785,-64.516,263.93
160.79,-64.516,258.064
160.79500000000002,-64.516,246.334
160.8,-64.516,240.469
160.805,-64.516,228.739
160.81,-64.516,211.144
160.815,-64.516,193.548
160.82,-64.516,175.953
160.82500000000002,-64.516,158.358
160.83,-64.516,140.762
160.835,-64.516,123.167
160.84,-64.516,99.707
160.845,-64.516,82.111
160.85,-64.516,64.516
160.855,-64.516,46.921
160.86,-64.516,29.326
160.865,-64.516,5.865
160.87,-64.516,-11.73
160.875,-64.516,-29.326
160.88,-70.381,-46.921
160.885,-70.381,-58.651
160.89000000000001,-76.246,-70.381
160.895,-76.246,-76.246
160.9,-82.111,-82.111
160.905,-82.111,-76.246
160.91,-82.111,-58.651
160.915,-82.111,-17.595
160.92000000000002,-87.977,35.191
160.925,-87.977,64.516
160.93,-87.977,58.651
160.935,-87.977,29.326
160.94,-87.977,5.865
160.945,-87.977,-17.595
160.95000000000002,-93.842,-52.786
160.955,-87.977,-82.111
160.96,-87.977,-99.707
160.965,-87.977,-99.707
160.97,-87.977,-82.111
160.975,-87.977,-76.246
160.98,-87.977,-70.381
160.985,-87.977,-64.516
160.99,-87.977,-70.381
160.995,-87.977,-70.381
161.0,-82.111,-76.246
161.005,-82.111,-76.246
161.01,-76.246,-70.381
161.01500000000001,-76.246,-70.381
161.02,-76.246,-64.516
161.025,-76.246,-58.651
161.03,-76.246,-58.651
161.035,-76.246,-52.786
161.04,-76.246,-52.786
161.04500000000002,-76.246,-52.786
161.05,-82.111,-52.786
161.055,-82.111,-46.921
161.06,-82.111,-46.921
161.065,-87.977,-41.056
161.07,-82.111,-41.056
161.07500000000002,-82.111,-35.191
161.08,-82.111,-35.191
161.085,-76.246,-35.191
161.09,-76.246,-35.191
161.095,-76.246,-35.191
161.1,-76.246,-35.191
161.105,-76.246,-35.191
161.11,-82.111,-35.191
161.115,-82.111,-35.191
161.12,-82.111,-35.191
161.125,-82.111,-35.191
161.13,-82.111,-35.191
161.135,-82.111,-35.191
161.14000000000001,-82.111,-35.191
161.145,-76.246,-29.326
161.15,-76.246,-35.191
161.155,-70.381,-35.191
161.16,-64.516,-35.191
161.165,-52.786,-35.191
161.17000000000002,-52.786,-35.191
161.175,-52.786,-35.191
161.18,-52.786,-29.326
161.185,-46.921,-29.326
161.19,-23.46,-29.326
161.195,-0.0,-29.326
161.20000000000002,17.595,-29.326
161.205,35.191,-35.191
161.21,46.921,-29.326
161.215,46.921,-29.326
161.22,52.786,-29.326
161.225,58.651,-29.326
161.23,64.516,-29.326
161.235,70.381,-29.326
161.24,76.246,-29.326
161.245,82.111,-29.326
161.25,93.842,-29.326
161.255,99.707,-29.326
161.26,111.437,-29.326
161.26500000000001,117.302,-29.326
161.27,129.032,-29.326
161.275,134.897,-23.46
161.28,140.762,-23.46
161.285,152.493,-23.46
161.29,158.358,-23.46
161.29500000000002,164.223,-23.46
161.3,170.088,-17.595
161.305,181.818,-17.595
161.31,181.818,-17.595
161.315,193.548,-17.595
161.32,199.413,-17.595
161.32500000000002,205.279,-17.595
161.33,211.144,-17.595
161.335,217.009,-17.595
161.34,217.009,-17.595
161.345,222.874,-17.595
161.35,222.874,-17.595
161.355,222.874,-17.595
161.36,222.874,-11.73
161.365,222.874,-11.73
161.37,222.874,-11.73
161.375,222.874,-11.73
161.38,222.874,-17.595
161.385,222.874,-17.595
161.39000000000001,222.874,-17.595
161.395,222.874,-17.595
161.4,222.874,-17.595
161.405,222.874,-17.595
161.41,222.874,-17.595
161.415,217.009,-17.595
161.42000000000002,217.009,-23.46
161.425,211.144,-23.46
161.43,205.279,-23.46
161.435,199.413,-17.595
161.44,193.548,-17.595
161.445,187.683,-23.46
161.45000000000002,181.818,-17.595
161.455,175.953,-17.595
161.46,170.088,-17.595
161.465,164.223,-23.46
161.47,158.358,-23.46
161.475,152.493,-17.595
161.48,146.628,-23.46
161.485,140.762,-17.595
161.49,134.897,-17.595
161.495,123.167,-17.595
161.5,117.302,-23.46
161.505,105.572,-17.595
161.51,93.842,-17.595
161.51500000000001,82.111,-23.46
161.52,70.381,-23.46
161.525,52.786,-23.46
161.53,41.056,-23.46
161.535,29.326,-23.46
161.54,17.595,-23.46
161.54500000000002,5.865,-23.46
161.55,-0.0,-23.46
161.555,-5.865,-23.46
161.56,-17.595,-23.46
161.565,-23.46,-23.46
161.57,-29.326,-23.46
161.57500000000002,-35.191,-23.46
161.58,-41.056,-29.326
161.585,-46.921,-29.326
161.59,-46.921,-29.326
161.595,-46.921,-29.326
161.6,-41.056,-29.326
161.605,-41.056,-29.326
161.61,-35.191,-29.326
161.615,-35.191,-29.326
161.62,-41.056,-29.326
161.625,-35.191,-29.326
161.63,-41.056,-29.326
161.635,-46.921,-29.326
161.64000000000001,-46.921,-29.326
161.645,-46.921,-29.326
161.65,-46.921,-29.326
161.655,-41.056,-29.326
161.66,-35.191,-29.326
161.665,-29.326,-35.191
161.67000000000002,-29.326,-29.326
161.675,-29.326,-29.326
161.68,-29.326,-35.191
161.685,-29.326,-35.191
161.69,-23.46,-35.191
161.695,-23.46,-35.191
161.70000000000002,-23.46,-35.191
161.705,-17.595,-35.191
161.71,-17.595,-35.191
161.715,-17.595,-35.191
161.72,-17.595,-35.191
161.725,-17.595,-35.191
161.73,-17.595,-35.191
161.735,-17.595,-35.191
161.74,-17.595,-35.191
161.745,-11.73,-35.191
161.75,-11.73,-29.326
161.755,-11.73,-29.326
161.76,-11.73,-29.326
161.76500000000001,-11.73,-29.326
161.77,-11.73,-29.326
161.775,-11.73,-23.46
161.78,-11.73,-23.46
161.785,-11.73,-23.46
161.79,-11.73,-17.595
161.79500000000002,-11.73,-17.595
161.8,-11.73,-17.595
161.805,-11.73,-17.595
161.81,-11.73,-17.595
161.815,-11.73,-11.73
161.82,-11.73,-11.73
161.82500000000002,-11.73,-11.73
161.83,-11.73,-11.73
161.835,-11.73,-5.865
161.84,-11.73,-5.865
161.845,-11.73,-5.865
161.85,-11.73,-5.865
161.855,-11.73,-5.865
161.86,-11.73,-5.865
161.865,-11.73,-5.865
161.87,-11.73,-5.865
161.875,-11.73,-5.865
161.88,-17.595,-5.865
161.885,-17.595,-5.865
161.89000000000001,-17.595,-5.865
161.895,-17.595,-5.865
161.9,-17.595,-5.865
161.905,-17.595,-5.865
161.91,-17.595,-5.865
161.915,-17.595,-5.865
161.92000000000002,-11.73,-5.865
161.925,-11.73,-5.865
161.93,-11.73,-5.865
161.935,-11.73,0.0
161.94,-11.73,0.0
161.945,-11.73,0.0
161.95000000000002,-11.73,0.0
161.955,-11.73,-5.865
161.96,-11.73,-5.865
161.965,-11.73,-5.865
161.97,-11.73,-5.865
161.975,-11.73,-5.865
161.98,-5.865,-5.865
161.985,-5.865,-5.865
161.99,-11.73,-5.865
161.995,-5.865,-5.865
162.0,-11.73,-5.865
162.005,-5.865,0.0
162.01,-11.73,0.0
162.01500000000001,-11.73,0.0
162.02,-11.73,0.0
162.025,-11.73,-5.865
162.03,-11.73,-5.865
162.035,-11.73,0.0
162.04,-11.73,0.0
162.04500000000002,-11.73,0.0
162.05,-11.73,5.865
162.055,-11.73,11.73
162.06,-11.73,17.595
162.065,-11.73,23.46
162.07,-11.73,29.326
162.07500000000002,-11.73,35.191
162.08,-17.595,41.056
162.085,-17.595,41.056
162.09,-17.595,46.921
162.095,-17.595,52.786
162.1,-17.595,52.786
162.105,-17.595,52.786
162.11,-17.595,58.651
162.115,-17.595,58.651
162.12,-17.595,58.651
162.125,-17.595,52.786
162.13,-23.46,52.786
162.135,-17.595,52.786
162.14000000000001,-23.46,52.786
162.145,-23.46,46.921
162.15,-23.46,46.921
162.155,-23.46,41.056
162.16,-23.46,35.191
162.165,-23.46,29.326
162.17000000000002,-23.46,29.326
162.175,-23.46,23.46
162.18,-23.46,17.595
162.185,-23.46,11.73
162.19,-29.326,5.865
162.195,-23.46,5.865
162.20000000000002,-29.326,5.865
162.205,-29.326,0.0
162.21,-29.326,0.0
162.215,-29.326,0.0
162.22,-29.326,0.0
162.225,-35.191,5.865
162.23,-35.191,5.865
162.235,-35.191,11.73
162.24,-35.191,11.73
162.245,-35.191,17.595
162.25,-41.056,23.46
162.255,-41.056,29.326
162.26,-41.056,52.786
162.26500000000001,-41.056,70.381
162.27,-46.921,82.111
162.275,-41.056,87.977
162.28,-46.921,99.707
162.285,-41.056,99.707
162.29,-41.056,99.707
162.29500000000002,-35.191,87.977
162.3,-35.191,58.651
162.305,-29.326,23.46
162.31,-29.326,17.595
162.315,-29.326,23.46
162.32,-29.326,5.865
162.32500000000002,-29.326,-5.865
162.33,-23.46,-5.865
162.335,-23.46,-5.865
162.34,-29.326,0.0
162.345,-29.326,5.865
162.35,-29.326,11.73
162.355,-29.326,17.595
162.36,-29.326,17.595
162.365,-29.326,23.46
162.37,-29.326,23.46
162.375,-35.191,29.326
162.38,-35.191,35.191
162.385,-35.191,35.191
162.39000000000001,-35.191,29.326
162.395,-41.056,29.326
162.4,-41.056,23.46
162.405,-41.056,23.46
162.41,-46.921,17.595
162.415,-46.921,17.595
162.42000000000002,-46.921,11.73
162.425,-52.786,11.73
162.43,-52.786,11.73
162.435,-52.786,11.73
162.44,-58.651,11.73
162.445,-58.651,11.73
162.45000000000002,-58.651,5.865
162.455,-64.516,5.865
162.46,-64.516,5.865
162.465,-64.516,5.865
162.47,-70.381,11.73
162.475,-76.246,11.73
162.48,-76.246,11.73
162.485,-82.111,11.73
162.49,-82.111,11.73
162.495,-87.977,11.73
162.5,-87.977,11.73
162.505,-87.977,11.73
162.51,-93.842,11.73
162.51500000000001,-93.842,11.73
162.52,-93.842,11.73
162.525,-93.842,5.865
162.53,-93.842,11.73
162.535,-93.842,11.73
162.54,-93.842,5.865
162.54500000000002,-93.842,5.865
162.55,-93.842,5.865
162.555,-93.842,5.865
162.56,-93.842,11.73
162.565,-93.842,5.865
162.57,-87.977,11.73
162.57500000000002,-87.977,11.73
162.58,-82.111,11.73
162.585,-82.111,11.73
162.59,-82.111,11.73
162.595,-82.111,11.73
162.6,-82.111,11.73
162.605,-76.246,5.865
162.61,-76.246,11.73
162.615,-76.246,5.865
162.62,-76.246,5.865
162.625,-76.246,5.865
162.63,-76.246,5.865
162.635,-64.516,5.865
162.64000000000001,-46.921,5.865
162.645,-35.191,5.865
162.65,-11.73,5.865
162.655,-0.0,5.865
162.66,11.73,5.865
162.665,17.595,5.865
162.67000000000002,23.46,5.865
162.675,35.191,5.865
162.68,41.056,5.865
162.685,46.921,5.865
162.69,58.651,5.865
162.695,70.381,5.865
162.70000000000002,76.246,5.865
162.705,87.977,5.865
162.71,93.842,5.865
162.715,99.707,5.865
162.72,105.572,5.865
162.725,111.437,5.865
162.73,117.302,5.865
162.735,129.032,5.865
162.74,134.897,5.865
162.745,140.762,5.865
162.75,146.628,5.865
162.755,152.493,5.865
162.76,152.493,5.865
162.76500000000001,158.358,5.865
162.77,158.358,5.865
162.775,164.223,5.865
162.78,164.223,5.865
162.785,164.223,5.865
162.79,158.358,5.865
162.79500000000002,158.358,5.865
162.8,152.493,5.865
162.805,152.493,5.865
162.81,152.493,11.73
162.815,152.493,5.865
162.82,152.493,11.73
162.82500000000002,152.493,11.73
162.83,152.493,5.865
162.835,152.493,5.865
162.84,152.493,5.865
162.845,152.493,5.865
162.85,152.493,5.865
162.855,152.493,5.865
162.86,140.762,5.865
162.865,129.032,5.865
162.87,105.572,5.865
162.875,82.111,5.865
162.88,58.651,5.865
162.885,29.326,0.0
162.89000000000001,5.865,0.0
162.895,-17.595,0.0
162.9,-41.056,0.0
162.905,-46.921,0.0
162.91,-41.056,-5.865
162.915,-17.595,-5.865
162.92000000000002,-0.0,-5.865
162.925,11.73,-11.73
162.93,11.73,-11.73
162.935,-0.0,-11.73
162.94,-0.0,-11.73
162.945,-5.865,-11.73
162.95000000000002,-17.595,-11.73
162.955,-23.46,-11.73
162.96,-29.326,-11.73
162.965,-29.326,-11.73
162.97,-23.46,-11.73
162.975,-17.595,-11.73
162.98,-11.73,-11.73
162.985,-11.73,-11.73
162.99,-11.73,-11.73
162.995,-11.73,-11.73
163.0,-17.595,-11.73
163.005,-17.595,-11.73
163.01,-11.73,-11.73
163.01500000000001,-11.73,-11.73
163.02,-11.73,-5.865
163.025,-11.73,-5.865
163.03,-11.73,-5.865
163.035,-11.73,-5.865
163.04,-5.865,-5.865
163.04500000000002,-5.865,-5.865
163.05,-5.865,-5.865
163.055,-5.865,-5.865
163.06,-0.0,-5.865
163.065,-5.865,-11.73
163.07,-5.865,-5.865
163.07500000000002,-5.865,-5.865
163.08,-5.865,-5.865
163.085,-0.0,-5.865
163.09,-5.865,-11.73
163.095,-5.865,-11.73
163.1,-5.865,-11.73
163.105,-5.865,-11.73
163.11,-5.865,-11.73
163.115,-5.865,-11.73
163.12,-5.865,-11.73
163.125,-5.865,-17.595
163.13,-5.865,-17.595
163.135,-5.865,-17.595
163.14000000000001,-5.865,-17.595
163.145,-5.865,-17.595
163.15,-0.0,-17.595
163.155,-0.0,-17.595
163.16,-0.0,-17.595
163.165,-0.0,-17.595
163.17000000000002,-0.0,-17.595
163.175,5.865,-17.595
163.18,5.865,-17.595
163.185,5.865,-17.595
163.19,5.865,-17.595
163.195,5.865,-17.595
163.20000000000002,5.865,-17.595
163.205,5.865,-17.595
163.21,5.865,-17.595
163.215,5.865,-23.46
163.22,5.865,-29.326
163.225,5.865,-23.46
163.23,5.865,-17.595
163.235,5.865,-17.595
163.24,5.865,-23.46
163.245,5.865,-23.46
163.25,5.865,-23.46
163.255,-0.0,-23.46
163.26,-0.0,-23.46
163.26500000000001,-0.0,-23.46
163.27,-0.0,-23.46
163.275,-0.0,-23.46
163.28,-0.0,-23.46
163.285,-0.0,-17.595
163.29,-0.0,-17.595
163.29500000000002,-0.0,-11.73
163.3,-0.0,-11.73
163.305,-0.0,-11.73
163.31,-0.0,-5.865
163.315,-0.0,-5.865
163.32,-0.0,0.0
163.32500000000002,-0.0,0.0
163.33,-0.0,5.865
163.335,-0.0,5.865
163.34,-0.0,11.73
163.345,-0.0,17.595
163.35,-0.0,17.595
163.355,-0.0,23.46
163.36,-0.0,23.46
163.365,-0.0,23.46
163.37,-0.0,29.326
163.375,-0.0,29.326
163.38,-0.0,29.326
163.385,-0.0,29.326
163.39000000000001,-0.0,29.326
163.395,-5.865,35.191
163.4,-5.865,35.191
163.405,-5.865,35.191
163.41,-5.865,35.191
163.415,-5.865,41.056
163.42000000000002,-5.865,41.056
163.425,-5.865,46.921
163.43,-5.865,46.921
163.435,-5.865,46.921
163.44,-5.865,52.786
163.445,-0.0,52.786
163.45000000000002,-5.865,52.786
163.455,-0.0,52.786
163.46,-0.0,52.786
163.465,-5.865,46.921
163.47,-5.865,46.921
163.475,-5.865,41.056
163.48,-5.865,35.191
163.485,-5.865,35.191
163.49,-5.865,35.191
163.495,-5.865,29.326
163.5,-5.865,29.326
163.505,-5.865,29.326
163.51,-5.865,29.326
163.51500000000001,-5.865,29.326
163.52,-5.865,29.326
163.525,-5.865,29.326
163.53,-5.865,35.191
163.535,-5.865,35.191
163.54,-5.865,35.191
163.54500000000002,-5.865,35.191
163.55,-5.865,35.191
163.555,-5.865,29.326
163.56,-5.865,29.326
163.565,-5.865,29.326
163.57,-5.865,29.326
163.57500000000002,-5.865,29.326
163.58,-5.865,29.326
163.585,-5.865,23.46
163.59,-5.865,23.46
163.595,-5.865,23.46
163.6,-5.865,23.46
163.605,-5.865,23.46
163.61,-5.865,23.46
163.615,-5.865,23.46
163.62,-5.865,17.595
163.625,-5.865,17.595
163.63,-5.865,17.595
163.635,-5.865,17.595
163.64000000000001,-5.865,17.595
163.645,-5.865,17.595
163.65,-5.865,17.595
163.655,-5.865,17.595
163.66,-5.865,17.595
163.665,-5.865,11.73
163.67000000000002,-5.865,11.73
163.675,-0.0,11.73
163.68,-0.0,17.595
163.685,-0.0,11.73
163.69,-0.0,17.595
163.695,-0.0,11.73
163.70000000000002,-0.0,11.73
163.705,-0.0,17.595
163.71,-0.0,17.595
163.715,-0.0,17.595
163.72,-0.0,17.595
163.725,-0.0,17.595
163.73,-0.0,17.595
163.735,-0.0,17.595
163.74,-0.0,17.595
163.745,-0.0,17.595
163.75,-0.0,17.595
163.755,5.865,11.73
163.76,-0.0,17.595
163.76500000000001,-0.0,11.73
163.77,-0.0,11.73
163.775,-0.0,11.73
163.78,5.865,11.73
163.785,-0.0,11.73
163.79,5.865,11.73
163.79500000000002,-0.0,11.73
163.8,-0.0,11.73
163.805,5.865,11.73
163.81,-0.0,5.865
163.815,-0.0,5.865
163.82,-0.0,5.865
163.82500000000002,-0.0,5.865
163.83,-0.0,5.865
163.835,-0.0,5.865
163.84,-0.0,5.865
163.845,-0.0,5.865
163.85,-0.0,5.865
163.855,-0.0,0.0
163.86,-0.0,0.0
163.865,-0.0,0.0
163.87,-0.0,0.0
163.875,-0.0,0.0
163.88,-0.0,0.0
163.885,-0.0,0.0
163.89000000000001,-0.0,0.0
163.895,-0.0,0.0
163.9,-0.0,0.0
163.905,-0.0,0.0
163.91,-0.0,0.0
163.915,-0.0,0.0
163.92000000000002,-0.0,0.0
163.925,-0.0,0.0
163.93,-0.0,0.0
163.935,-0.0,0.0
163.94,-0.0,0.0
163.945,-0.0,0.0
163.95000000000002,-0.0,0.0
163.955,-0.0,0.0
163.96,-0.0,0.0
163.965,-0.0,-5.865
163.97,-0.0,0.0
163.975,-0.0,-5.865
163.98,-0.0,0.0
163.985,-0.0,0.0
163.99,-0.0,0.0
163.995,-0.0,0.0
164.0,-0.0,0.0
164.005,-0.0,0.0
164.01,-0.0,0.0
164.01500000000001,-0.0,0.0
164.02,-0.0,0.0
164.025,-0.0,0.0
164.03,-0.0,0.0
164.035,-0.0,0.0
164.04,-0.0,0.0
164.04500000000002,-0.0,-5.865
164.05,-0.0,0.0
164.055,-0.0,0.0
164.06,-0.0,-5.865
164.065,-0.0,-5.865
164.07,-0.0,0.0
164.07500000000002,-0.0,-5.865
164.08,-0.0,-5.865
164.085,-0.0,-5.865
164.09,-0.0,-5.865
164.095,-0.0,-5.865
164.1,-0.0,-5.865
164.105,-0.0,-5.865
164.11,-0.0,-5.865
164.115,-0.0,-5.865
164.12,5.865,-5.865
164.125,-0.0,-5.865
164.13,5.865,-5.865
164.135,5.865,-5.865
164.14000000000001,5.865,-5.865
164.145,5.865,-5.865
164.15,5.865,-5.865
164.155,5.865,-5.865
164.16,5.865,0.0
164.165,5.865,0.0
164.17000000000002,5.865,0.0
164.175,5.865,0.0
164.18,5.865,0.0
164.185,5.865,0.0
164.19,5.865,0.0
164.195,5.865,0.0
164.20000000000002,-0.0,0.0
164.205,5.865,0.0
164.21,-0.0,0.0
164.215,-0.0,0.0
164.22,-0.0,0.0
164.225,-0.0,0.0
164.23,-0.0,0.0
164.235,-0.0,0.0
164.24,-0.0,0.0
164.245,-0.0,0.0
164.25,-0.0,0.0
164.255,-0.0,0.0
164.26,-0.0,0.0
164.26500000000001,-0.0,0.0
164.27,-0.0,0.0
164.275,-0.0,0.0
164.28,-0.0,0.0
164.285,-0.0,0.0
164.29,-0.0,0.0
164.29500000000002,-0.0,0.0
164.3,-0.0,0.0
164.305,-0.0,0.0
164.31,-0.0,0.0
164.315,-0.0,0.0
164.32,-0.0,0.0
164.32500000000002,-0.0,0.0
164.33,-0.0,0.0
164.335,-0.0,0.0
164.34,-0.0,0.0
164.345,-0.0,0.0
164.35,-0.0,0.0
164.355,-0.0,0.0
164.36,-0.0,-5.865
164.365,-0.0,0.0
164.37,-0.0,0.0
164.375,-0.0,0.0
164.38,-0.0,0.0
164.385,-0.0,0.0
164.39000000000001,-0.0,0.0
164.395,-0.0,0.0
164.4,-0.0,0.0
164.405,-0.0,-5.865
164.41,-0.0,-5.865
164.415,-0.0,0.0
164.42000000000002,-0.0,0.0
164.425,-0.0,0.0
164.43,-0.0,0.0
164.435,-0.0,-5.865
164.44,-0.0,-5.865
164.445,-0.0,-5.865
164.45000000000002,-0.0,0.0
164.455,-0.0,0.0
164.46,-0.0,0.0
164.465,-0.0,0.0
164.47,-0.0,0.0
164.475,-0.0,0.0
164.48,-0.0,0.0
164.485,-0.0,0.0
164.49,-0.0,0.0
164.495,-5.865,0.0
164.5,-0.0,0.0
164.505,-5.865,0.0
164.51,-0.0,0.0
164.51500000000001,-5.865,0.0
164.52,-0.0,0.0
164.525,-0.0,0.0
164.53,-0.0,0.0
164.535,-5.865,0.0
164.54,-0.0,-5.865
164.54500000000002,-5.865,0.0
164.55,-5.865,0.0
164.555,-5.865,-5.865
164.56,-5.865,-5.865
164.565,-0.0,-5.865
164.57,-5.865,-5.865
164.57500000000002,-0.0,-5.865
164.58,-5.865,-5.865
164.585,-5.865,-5.865
164.59,-5.865,-5.865
164.595,-5.865,-5.865
164.6,-5.865,-5.865
164.605,-5.865,-5.865
164.61,-5.865,-5.865
164.615,-5.865,-5.865
164.62,-5.865,-5.865
164.625,-5.865,-5.865
164.63,-5.865,-5.865
164.635,-5.865,-5.865
164.64000000000001,-5.865,-5.865
164.645,-5.865,-5.865
164.65,-5.865,-5.865
164.655,-5.865,-5.865
164.66,-5.865,-5.865
164.665,-5.865,-5.865
164.67000000000002,-5.865,-5.865
164.675,-5.865,-5.865
164.68,-5.865,-5.865
164.685,-5.865,-5.865
164.69,-5.865,-5.865
164.695,-5.865,-5.865
164.70000000000002,-5.865,-5.865
164.705,-5.865,-5.865
164.71,-5.865,-5.865
164.715,-11.73,-5.865
164.72,-11.73,-5.865
164.725,-11.73,-5.865
164.73,-11.73,-5.865
164.735,-11.73,-5.865
164.74,-11.73,-5.865
164.745,-11.73,-5.865
164.75,-11.73,-5.865
164.755,-11.73,-5.865
164.76,-11.73,-5.865
164.76500000000001,-11.73,-5.865
164.77,-11.73,-5.865
164.775,-17.595,-5.865
164.78,-17.595,-5.865
164.785,-17.595,-5.865
164.79,-11.73,-5.865
164.79500000000002,-17.595,-5.865
164.8,-17.595,-5.865
164.805,-17.595,-5.865
164.81,-17.595,-5.865
164.815,-17.595,-5.865
164.82,-17.595,-5.865
164.82500000000002,-17.595,-5.865
164.83,-17.595,-5.865
164.835,-17.595,-5.865
164.84,-17.595,-5.865
164.845,-17.595,-5.865
164.85,-17.595,-5.865
164.855,-17.595,-5.865
164.86,-17.595,-5.865
164.865,-17.595,-5.865
164.87,-17.595,-5.865
164.875,-17.595,-5.865
164.88,-17.595,-5.865
164.885,-17.595,-5.865
164.89000000000001,-17.595,-5.865
164.895,-17.595,-5.865
164.9,-17.595,-5.865
164.905,-17.595,-5.865
164.91,-17.595,-5.865
164.915,-17.595,-5.865
164.92000000000002,-17.595,-5.865
164.925,-17.595,-5.865
164.93,-17.595,-5.865
164.935,-17.595,-5.865
164.94,-17.595,0.0
164.945,-17.595,-5.865
164.95000000000002,-11.73,0.0
164.955,-17.595,0.0
164.96,-17.595,0.0
164.965,-17.595,0.0
164.97,-17.595,0.0
164.975,-17.595,0.0
164.98,-17.595,0.0
164.985,-17.595,0.0
164.99,-11.73,0.0
164.995,-17.595,0.0
165.0,-17.595,0.0
165.005,-17.595,5.865
165.01,-11.73,5.865
165.01500000000001,-17.595,5.865
165.02,-17.595,5.865
165.025,-17.595,5.865
165.03,-17.595,5.865
165.035,-17.595,5.865
165.04,-17.595,5.865
165.04500000000002,-17.595,11.73
165.05,-17.595,5.865
165.055,-17.595,11.73
165.06,-17.595,11.73
165.065,-17.595,11.73
165.07,-17.595,11.73
165.07500000000002,-17.595,11.73
165.08,-17.595,17.595
165.085,-17.595,17.595
165.09,-17.595,17.595
165.095,-17.595,17.595
165.1,-17.595,17.595
165.105,-17.595,17.595
165.11,-17.595,23.46
165.115,-17.595,23.46
165.12,-17.595,23.46
165.125,-17.595,23.46
165.13,-17.595,23.46
165.135,-17.595,23.46
165.14000000000001,-17.595,23.46
165.145,-17.595,23.46
165.15,-17.595,23.46
165.155,-17.595,23.46
165.16,-17.595,23.46
165.165,-17.595,23.46
165.17000000000002,-17.595,23.46
165.175,-17.595,23.46
165.18,-17.595,23.46
165.185,-17.595,23.46
165.19,-17.595,23.46
165.195,-17.595,23.46
165.20000000000002,-17.595,23.46
165.205,-11.73,23.46
165.21,-11.73,23.46
165.215,-11.73,23.46
165.22,-11.73,23.46
165.225,-11.73,23.46
165.23,-11.73,23.46
165.235,-11.73,23.46
165.24,-11.73,23.46
165.245,-11.73,17.595
165.25,-11.73,17.595
165.255,-11.73,17.595
165.26,-11.73,17.595
165.26500000000001,-11.73,11.73
165.27,-11.73,11.73
165.275,-5.865,11.73
165.28,-11.73,11.73
165.285,-5.865,11.73
165.29,-5.865,11.73
165.29500000000002,-5.865,11.73
165.3,-5.865,5.865
165.305,-5.865,5.865
165.31,-5.865,5.865
165.315,-5.865,5.865
165.32,-5.865,5.865
165.32500000000002,-5.865,5.865
165.33,-5.865,5.865
165.335,-5.865,0.0
165.34,-5.865,0.0
165.345,-5.865,0.0
165.35,-5.865,0.0
165.355,-5.865,0.0
165.36,-5.865,0.0
165.365,-5.865,0.0
165.37,-5.865,0.0
165.375,-5.865,0.0
165.38,-5.865,0.0
165.385,-5.865,0.0
165.39000000000001,-5.865,0.0
165.395,-5.865,0.0
165.4,-5.865,5.865
165.405,-0.0,5.865
165.41,-0.0,5.865
165.415,-0.0,5.865
165.42000000000002,-0.0,5.865
165.425,-0.0,5.865
165.43,-0.0,5.865
165.435,-0.0,5.865
165.44,-0.0,5.865
165.445,-0.0,5.865
165.45000000000002,-0.0,0.0
165.455,-0.0,0.0
165.46,-0.0,0.0
165.465,-0.0,0.0
165.47,-0.0,0.0
165.475,-0.0,0.0
165.48,-0.0,0.0
165.485,-0.0,0.0
165.49,-0.0,0.0
165.495,-0.0,0.0
165.5,-0.0,0.0
165.505,-0.0,0.0
165.51,-0.0,-5.865
165.51500000000001,-0.0,-5.865
165.52,-0.0,-5.865
165.525,-0.0,-5.865
165.53,-0.0,-5.865
165.535,-0.0,-5.865
165.54,-0.0,-5.865
165.54500000000002,-0.0,-5.865
165.55,-0.0,-5.865
165.555,-0.0,-5.865
165.56,-0.0,-11.73
165.565,-0.0,-11.73
165.57,-0.0,-11.73
165.57500000000002,-0.0,-5.865
165.58,-0.0,-11.73
165.585,-0.0,-11.73
165.59,-0.0,-11.73
165.595,-0.0,-11.73
165.6,-0.0,-11.73
165.605,-0.0,-11.73
165.61,-0.0,-11.73
165.615,-0.0,-11.73
165.62,-0.0,-11.73
165.625,-0.0,-11.73
165.63,-0.0,-5.865
165.635,-0.0,-11.73
165.64000000000001,-0.0,-5.865
165.645,-0.0,-5.865
165.65,-0.0,-5.865
165.655,-0.0,-5.865
165.66,-0.0,-5.865
165.665,-0.0,-5.865
165.67000000000002,-0.0,-5.865
165.675,-0.0,-5.865
165.68,-0.0,-5.865
165.685,-0.0,-5.865
165.69,-0.0,-5.865
165.695,-0.0,-5.865
165.70000000000002,-0.0,-5.865
165.705,-0.0,-5.865
165.71,-0.0,-5.865
165.715,-0.0,-5.865
165.72,-0.0,-5.865
165.725,-0.0,-5.865
165.73,-0.0,-5.865
165.735,-0.0,-5.865
165.74,-0.0,-5.865
165.745,-5.865,-5.865
165.75,-5.865,-5.865
165.755,-5.865,-5.865
165.76,-5.865,-5.865
165.76500000000001,-5.865,-5.865
165.77,-5.865,-5.865
165.775,-5.865,-5.865
165.78,-5.865,-5.865
165.785,-5.865,-5.865
165.79,-11.73,-5.865
165.79500000000002,-11.73,-5.865
165.8,-11.73,-5.865
165.805,-11.73,-5.865
165.81,-11.73,-5.865
165.815,-17.595,-5.865
165.82,-17.595,-5.865
165.82500000000002,-17.595,-5.865
165.83,-17.595,-5.865
165.835,-23.46,-5.865
165.84,-23.46,-5.865
165.845,-23.46,-5.865
165.85,-29.326,-5.865
165.855,-29.326,-5.865
165.86,-29.326,-5.865
165.865,-29.326,-5.865
165.87,-35.191,-5.865
165.875,-35.191,-5.865
165.88,-35.191,-5.865
165.885,-29.326,-5.865
165.89000000000001,-29.326,-5.865
165.895,-29.326,-5.865
165.9,-29.326,-5.865
165.905,-29.326,-5.865
165.91,-29.326,-5.865
165.915,-35.191,-5.865
165.92000000000002,-35.191,-5.865
165.925,-35.191,-5.865
165.93,-41.056,-5.865
165.935,-41.056,-5.865
165.94,-41.056,-5.865
165.945,-41.056,-5.865
165.95000000000002,-35.191,-5.865
165.955,-29.326,-5.865
165.96,-23.46,-5.865
165.965,-23.46,-5.865
165.97,-11.73,-5.865
165.975,-5.865,-5.865
165.98,-0.0,-5.865
165.985,11.73,-5.865
165.99,29.326,-5.865
165.995,41.056,-5.865
166.0,52.786,-5.865
166.005,64.516,-11.73
166.01,76.246,-11.73
166.01500000000001,82.111,-11.73
166.02,93.842,-11.73
166.025,99.707,-11.73
166.03,105.572,-11.73
166.035,111.437,-11.73
166.04,117.302,-11.73
166.04500000000002,123.167,-11.73
166.05,129.032,-11.73
166.055,134.897,-11.73
166.06,134.897,-11.73
166.065,140.762,-11.73
166.07,146.628,-11.73
166.07500000000002,152.493,-11.73
166.08,152.493,-17.595
166.085,158.358,-17.595
166.09,164.223,-11.73
166.095,164.223,-17.595
166.1,164.223,-17.595
166.105,170.088,-17.595
166.11,170.088,-17.595
166.115,170.088,-17.595
166.12,170.088,-17.595
166.125,170.088,-17.595
166.13,170.088,-17.595
166.135,170.088,-11.73
166.14000000000001,170.088,-17.595
166.145,170.088,-17.595
166.15,164.223,-17.595
166.155,164.223,-17.595
166.16,164.223,-17.595
166.165,158.358,-17.595
166.17000000000002,158.358,-17.595
166.175,152.493,-17.595
166.18,152.493,-17.595
166.185,146.628,-17.595
166.19,140.762,-17.595
166.195,140.762,-17.595
166.20000000000002,134.897,-23.46
166.205,129.032,-23.46
166.21,123.167,-23.46
166.215,123.167,-23.46
166.22,111.437,-23.46
166.225,105.572,-23.46
166.23,105.572,-23.46
166.235,99.707,-23.46
166.24,87.977,-23.46
166.245,87.977,-23.46
166.25,82.111,-23.46
166.255,76.246,-23.46
166.26,64.516,-23.46
166.26500000000001,58.651,-23.46
166.27,52.786,-29.326
166.275,46.921,-29.326
166.28,41.056,-29.326
166.285,29.326,-29.326
166.29,23.46,-29.326
166.29500000000002,17.595,-29.326
166.3,11.73,-29.326
166.305,-0.0,-29.326
166.31,-5.865,-29.326
166.315,-5.865,-29.326
166.32,-11.73,-29.326
166.32500000000002,-17.595,-29.326
166.33,-29.326,-29.326
166.335,-41.056,-29.326
166.34,-46.921,-29.326
166.345,-58.651,-29.326
166.35,-58.651,-29.326
166.355,-58.651,-29.326
166.36,-52.786,-29.326
166.365,-35.191,-29.326
166.37,-23.46,-29.326
166.375,-17.595,-29.326
166.38,-23.46,-29.326
166.385,-29.326,-29.326
166.39000000000001,-41.056,-29.326
166.395,-52.786,-29.326
166.4,-70.381,-35.191
166.405,-82.111,-35.191
166.41,-82.111,-35.191
166.415,-76.246,-35.191
166.42000000000002,-70.381,-35.191
166.425,-64.516,-41.056
166.43,-58.651,-41.056
166.435,-64.516,-41.056
166.44,-76.246,-41.056
166.445,-82.111,-46.921
166.45000000000002,-82.111,-46.921
166.455,-82.111,-46.921
166.46,-76.246,-46.921
166.465,-70.381,-52.786
166.47,-70.381,-52.786
166.475,-64.516,-52.786
166.48,-70.381,-58.651
166.485,-64.516,-58.651
166.49,-64.516,-58.651
166.495,-64.516,-58.651
166.5,-58.651,-64.516
166.505,-58.651,-64.516
166.51,-52.786,-64.516
166.51500000000001,-52.786,-70.381
166.52,-52.786,-76.246
166.525,-46.921,-76.246
166.53,-46.921,-76.246
166.535,-46.921,-76.246
166.54,-41.056,-76.246
166.54500000000002,-41.056,-82.111
166.55,-41.056,-82.111
166.555,-41.056,-82.111
166.56,-41.056,-87.977
166.565,-41.056,-87.977
166.57,-41.056,-87.977
166.57500000000002,-41.056,-87.977
166.58,-41.056,-87.977
166.585,-41.056,-87.977
166.59,-41.056,-87.977
166.595,-41.056,-93.842
166.6,-41.056,-93.842
166.605,-41.056,-93.842
166.61,-41.056,-99.707
166.615,-41.056,-93.842
166.62,-41.056,-99.707
166.625,-41.056,-99.707
166.63,-41.056,-99.707
166.635,-41.056,-99.707
166.64000000000001,-41.056,-105.572
166.645,-46.921,-105.572
166.65,-46.921,-105.572
166.655,-46.921,-111.437
166.66,-46.921,-111.437
166.665,-46.921,-111.437
166.67000000000002,-46.921,-117.302
166.675,-46.921,-123.167
166.68,-46.921,-129.032
166.685,-46.921,-134.897
166.69,-46.921,-134.897
166.695,-52.786,-134.897
166.70000000000002,-46.921,-129.032
166.705,-46.921,-123.167
166.71,-46.921,-123.167
166.715,-46.921,-117.302
166.72,-46.921,-111.437
166.725,-46.921,-105.572
166.73,-46.921,-99.707
166.735,-46.921,-99.707
166.74,-46.921,-93.842
166.745,-46.921,-99.707
166.75,-41.056,-99.707
166.755,-41.056,-99.707
166.76,-41.056,-93.842
166.76500000000001,-41.056,-82.111
166.77,-41.056,-70.381
166.775,-41.056,-58.651
166.78,-41.056,-29.326
166.785,-41.056,0.0
166.79,-41.056,17.595
166.79500000000002,-41.056,29.326
166.8,-41.056,52.786
166.805,-41.056,70.381
166.81,-41.056,93.842
166.815,-41.056,105.572
166.82,-41.056,117.302
166.82500000000002,-41.056,123.167
166.83,-41.056,134.897
166.835,-41.056,146.628
166.84,-46.921,158.358
166.845,-46.921,175.953
166.85,-46.921,193.548
166.855,-46.921,205.279
166.86,-41.056,217.009
166.865,-46.921,234.604
166.87,-46.921,246.334
166.875,-46.921,263.93
166.88,-46.921,275.66
166.885,-46.921,287.39
166.89000000000001,-46.921,299.12
166.895,-46.921,310.85
166.9,-46.921,322.581
166.905,-46.921,334.311
166.91,-52.786,334.311
166.915,-52.786,340.176
166.92000000000002,-52.786,351.906
166.925,-58.651,357.771
166.93,-58.651,357.771
166.935,-64.516,363.636
166.94,-64.516,363.636
166.945,-64.516,369.501
166.95000000000002,-70.381,375.366
166.955,-70.381,375.366
166.96,-70.381,369.501
166.965,-76.246,369.501
166.97,-76.246,363.636
166.975,-76.246,363.636
166.98,-76.246,357.771
166.985,-76.246,346.041
166.99,-76.246,334.311
166.995,-82.111,316.715
167.0,-82.111,304.985
167.005,-82.111,287.39
167.01,-87.977,269.795
167.01500000000001,-87.977,252.199
167.02,-87.977,234.604
167.025,-93.842,217.009
167.03,-93.842,193.548
167.035,-99.707,164.223
167.04,-105.572,134.897
167.04500000000002,-105.572,105.572
167.05,-111.437,76.246
167.055,-111.437,46.921
167.06,-117.302,11.73
167.065,-117.302,-29.326
167.07,-117.302,-70.381
167.07500000000002,-117.302,-93.842
167.08,-117.302,-93.842
167.085,-111.437,-64.516
167.09,-111.437,-23.46
167.095,-111.437,0.0
167.1,-105.572,0.0
167.105,-99.707,-35.191
167.11,-93.842,-70.381
167.115,-87.977,-105.572
167.12,-82.111,-123.167
167.125,-76.246,-123.167
167.13,-76.246,-123.167
167.135,-82.111,-111.437
167.14000000000001,-82.111,-105.572
167.145,-87.977,-99.707
167.15,-93.842,-82.111
167.155,-93.842,-76.246
167.16,-93.842,-76.246
167.165,-93.842,-76.246
167.17000000000002,-93.842,-70.381
167.175,-87.977,-70.381
167.18,-82.111,-64.516
167.185,-82.111,-64.516
167.19,-76.246,-58.651
167.195,-70.381,-64.516
167.20000000000002,-64.516,-64.516
167.205,-58.651,-58.651
167.21,-46.921,-58.651
167.215,-29.326,-58.651
167.22,-11.73,-58.651
167.225,5.865,-52.786
167.23,17.595,-52.786
167.235,35.191,-52.786
167.24,46.921,-52.786
167.245,52.786,-52.786
167.25,58.651,-52.786
167.255,64.516,-58.651
167.26,76.246,-52.786
167.26500000000001,82.111,-58.651
167.27,93.842,-52.786
167.275,105.572,-52.786
167.28,117.302,-52.786
167.285,129.032,-52.786
167.29,134.897,-52.786
167.29500000000002,146.628,-52.786
167.3,158.358,-52.786
167.305,170.088,-52.786
167.31,175.953,-46.921
167.315,181.818,-46.921
167.32,193.548,-46.921
167.32500000000002,199.413,-46.921
167.33,205.279,-46.921
167.335,217.009,-46.921
167.34,222.874,-46.921
167.345,228.739,-46.921
167.35,234.604,-41.056
167.355,240.469,-41.056
167.36,246.334,-41.056
167.365,252.199,-41.056
167.37,252.199,-41.056
167.375,258.064,-41.056
167.38,263.93,-41.056
167.385,263.93,-41.056
167.39000000000001,269.795,-41.056
167.395,269.795,-41.056
167.4,269.795,-41.056
167.405,269.795,-41.056
167.41,275.66,-41.056
167.415,275.66,-41.056
167.42000000000002,275.66,-41.056
167.425,269.795,-41.056
167.43,269.795,-41.056
167.435,269.795,-41.056
167.44,263.93,-41.056
167.445,258.064,-41.056
167.45000000000002,252.199,-41.056
167.455,246.334,-41.056
167.46,240.469,-41.056
167.465,234.604,-41.056
167.47,222.874,-41.056
167.475,211.144,-41.056
167.48,199.413,-41.056
167.485,187.683,-41.056
167.49,181.818,-41.056
167.495,170.088,-46.921
167.5,158.358,-46.921
167.505,146.628,-46.921
167.51,134.897,-46.921
167.51500000000001,123.167,-46.921
167.52,105.572,-46.921
167.525,93.842,-46.921
167.53,82.111,-46.921
167.535,64.516,-46.921
167.54,46.921,-46.921
167.54500000000002,29.326,-52.786
167.55,17.595,-52.786
167.555,-0.0,-52.786
167.56,-17.595,-52.786
167.565,-29.326,-52.786
167.57,-41.056,-58.651
167.57500000000002,-58.651,-58.651
167.58,-76.246,-58.651
167.585,-93.842,-58.651
167.59,-111.437,-58.651
167.595,-105.572,-64.516
167.6,-87.977,-64.516
167.605,-70.381,-64.516
167.61,-64.516,-64.516
167.615,-70.381,-64.516
167.62,-82.111,-64.516
167.625,-87.977,-64.516
167.63,-99.707,-70.381
167.635,-111.437,-70.381
167.64000000000001,-117.302,-70.381
167.645,-111.437,-70.381
167.65,-105.572,-76.246
167.655,-105.572,-76.246
167.66,-111.437,-76.246
167.665,-117.302,-76.246
167.67000000000002,-117.302,-76.246
167.675,-111.437,-82.111
167.68,-105.572,-82.111
167.685,-99.707,-82.111
167.69,-93.842,-82.111
167.695,-87.977,-82.111
167.70000000000002,-82.111,-87.977
167.705,-70.381,-87.977
167.71,-64.516,-93.842
167.715,-64.516,-93.842
167.72,-58.651,-99.707
167.725,-52.786,-99.707
167.73,-46.921,-105.572
167.735,-41.056,-111.437
167.74,-41.056,-117.302
167.745,-41.056,-123.167
167.75,-41.056,-129.032
167.755,-35.191,-140.762
167.76,-35.191,-146.628
167.76500000000001,-35.191,-152.493
167.77,-35.191,-158.358
167.775,-41.056,-158.358
167.78,-41.056,-164.223
167.785,-41.056,-170.088
167.79,-41.056,-175.953
167.79500000000002,-41.056,-175.953
167.8,-41.056,-181.818
167.805,-41.056,-175.953
167.81,-41.056,-170.088
167.815,-41.056,-164.223
167.82,-41.056,-158.358
167.82500000000002,-41.056,-152.493
167.83,-41.056,-146.628
167.835,-41.056,-140.762
167.84,-41.056,-134.897
167.845,-41.056,-134.897
167.85,-41.056,-129.032
167.855,-41.056,-117.302
167.86,-41.056,-111.437
167.865,-41.056,-99.707
167.87,-41.056,-87.977
167.875,-46.921,-87.977
167.88,-46.921,-87.977
167.885,-46.921,-87.977
167.89000000000001,-46.921,-76.246
167.895,-46.921,-58.651
167.9,-46.921,-41.056
167.905,-46.921,-23.46
167.91,-46.921,-11.73
167.915,-46.921,-5.865
167.92000000000002,-46.921,5.865
167.925,-46.921,29.326
167.93,-46.921,64.516
167.935,-46.921,105.572
167.94,-46.921,134.897
167.945,-46.921,146.628
167.95000000000002,-46.921,152.493
167.955,-41.056,158.358
167.96,-46.921,158.358
167.965,-46.921,164.223
167.97,-46.921,170.088
167.975,-46.921,181.818
167.98,-46.921,193.548
167.985,-46.921,211.144
167.99,-46.921,228.739
167.995,-46.921,240.469
168.0,-46.921,258.064
168.005,-46.921,269.795
168.01,-46.921,287.39
168.01500000000001,-46.921,293.255
168.02,-52.786,304.985
168.025,-52.786,316.715
168.03,-52.786,322.581
168.035,-58.651,328.446
168.04,-58.651,334.311
168.04500000000002,-58.651,340.176
168.05,-64.516,340.176
168.055,-64.516,346.041
168.06,-64.516,351.906
168.065,-70.381,357.771
168.07,-70.381,351.906
168.07500000000002,-70.381,351.906
168.08,-70.381,351.906
168.085,-70.381,346.041
168.09,-70.381,340.176
168.095,-70.381,340.176
168.1,-70.381,328.446
168.105,-70.381,316.715
168.11,-70.381,304.985
168.115,-70.381,287.39
168.12,-70.381,269.795
168.125,-70.381,258.064
168.13,-70.381,246.334
168.135,-70.381,228.739
168.14000000000001,-70.381,211.144
168.145,-70.381,193.548
168.15,-70.381,170.088
168.155,-70.381,146.628
168.16,-70.381,123.167
168.165,-70.381,99.707
168.17000000000002,-76.246,76.246
168.175,-76.246,52.786
168.18,-82.111,23.46
168.185,-82.111,-5.865
168.19,-87.977,-29.326
168.195,-93.842,-52.786
168.20000000000002,-93.842,-64.516
168.205,-93.842,-70.381
168.21,-99.707,-52.786
168.215,-105.572,-17.595
168.22,-105.572,5.865
168.225,-105.572,5.865
168.23,-105.572,-5.865
168.235,-105.572,-35.191
168.24,-105.572,-64.516
168.245,-105.572,-93.842
168.25,-105.572,-111.437
168.255,-105.572,-117.302
168.26,-99.707,-111.437
168.26500000000001,-93.842,-99.707
168.27,-87.977,-87.977
168.275,-82.111,-82.111
168.28,-82.111,-76.246
168.285,-82.111,-70.381
168.29,-82.111,-70.381
168.29500000000002,-87.977,-70.381
168.3,-99.707,-64.516
168.305,-105.572,-58.651
168.31,-105.572,-52.786
168.315,-105.572,-52.786
168.32,-105.572,-46.921
168.32500000000002,-99.707,-46.921
168.33,-93.842,-46.921
168.335,-82.111,-41.056
168.34,-76.246,-41.056
168.345,-58.651,-35.191
168.35,-41.056,-35.191
168.355,-23.46,-35.191
168.36,-5.865,-35.191
168.365,5.865,-35.191
168.37,11.73,-35.191
168.375,23.46,-35.191
168.38,35.191,-35.191
168.385,41.056,-41.056
168.39000000000001,52.786,-41.056
168.395,58.651,-41.056
168.4,64.516,-41.056
168.405,76.246,-41.056
168.41,82.111,-41.056
168.415,87.977,-41.056
168.42000000000002,99.707,-41.056
168.425,111.437,-41.056
168.43,123.167,-41.056
168.435,134.897,-41.056
168.44,140.762,-41.056
168.445,152.493,-35.191
168.45000000000002,158.358,-41.056
168.455,170.088,-41.056
168.46,175.953,-41.056
168.465,187.683,-41.056
168.47,193.548,-41.056
168.475,199.413,-41.056
168.48,205.279,-41.056
168.485,211.144,-41.056
168.49,217.009,-41.056
168.495,222.874,-41.056
168.5,228.739,-41.056
168.505,234.604,-41.056
168.51,234.604,-41.056
168.51500000000001,240.469,-41.056
168.52,246.334,-41.056
168.525,246.334,-41.056
168.53,246.334,-41.056
168.535,252.199,-41.056
168.54,252.199,-41.056
168.54500000000002,258.064,-41.056
168.55,258.064,-41.056
168.555,258.064,-41.056
168.56,258.064,-41.056
168.565,258.064,-41.056
168.57,252.199,-41.056
168.57500000000002,252.199,-41.056
168.58,246.334,-41.056
168.585,246.334,-46.921
168.59,240.469,-46.921
168.595,234.604,-41.056
168.6,222.874,-41.056
168.605,217.009,-46.921
168.61,211.144,-46.921
168.615,193.548,-46.921
168.62,175.953,-46.921
168.625,164.223,-46.921
168.63,152.493,-46.921
168.635,140.762,-46.921
168.64000000000001,123.167,-52.786
168.645,105.572,-52.786
168.65,93.842,-52.786
168.655,82.111,-52.786
168.66,64.516,-52.786
168.665,46.921,-52.786
168.67000000000002,35.191,-58.651
168.675,11.73,-58.651
168.68,-5.865,-58.651
168.685,-29.326,-58.651
168.69,-52.786,-58.651
168.695,-70.381,-58.651
168.70000000000002,-99.707,-58.651
168.705,-117.302,-58.651
168.71,-123.167,-58.651
168.715,-111.437,-64.516
168.72,-93.842,-64.516
168.725,-70.381,-64.516
168.73,-58.651,-64.516
168.735,-58.651,-64.516
168.74,-64.516,-64.516
168.745,-82.111,-70.381
168.75,-111.437,-70.381
168.755,-129.032,-70.381
168.76,-123.167,-70.381
168.76500000000001,-105.572,-70.381
168.77,-99.707,-76.246
168.775,-93.842,-76.246
168.78,-93.842,-76.246
168.785,-99.707,-82.111
168.79,-99.707,-82.111
168.79500000000002,-93.842,-82.111
168.8,-87.977,-82.111
168.805,-76.246,-82.111
168.81,-76.246,-82.111
168.815,-70.381,-82.111
168.82,-64.516,-82.111
168.82500000000002,-58.651,-87.977
168.83,-52.786,-87.977
168.835,-52.786,-87.977
168.84,-46.921,-87.977
168.845,-46.921,-93.842
168.85,-41.056,-93.842
168.855,-41.056,-99.707
168.86,-35.191,-105.572
168.865,-35.191,-111.437
168.87,-35.191,-117.302
168.875,-35.191,-117.302
168.88,-35.191,-129.032
168.885,-35.191,-140.762
168.89000000000001,-35.191,-146.628
168.895,-35.191,-158.358
168.9,-35.191,-164.223
168.905,-35.191,-170.088
168.91,-35.191,-175.953
168.915,-35.191,-175.953
168.92000000000002,-41.056,-175.953
168.925,-35.191,-175.953
168.93,-41.056,-170.088
168.935,-35.191,-164.223
168.94,-35.191,-158.358
168.945,-41.056,-146.628
168.95000000000002,-41.056,-140.762
168.955,-41.056,-134.897
168.96,-35.191,-129.032
168.965,-35.191,-117.302
168.97,-35.191,-111.437
168.975,-35.191,-105.572
168.98,-35.191,-105.572
168.985,-35.191,-99.707
168.99,-35.191,-93.842
168.995,-35.191,-93.842
169.0,-35.191,-87.977
169.005,-35.191,-70.381
169.01,-35.191,-52.786
169.01500000000001,-29.326,-29.326
169.02,-35.191,-17.595
169.025,-35.191,-5.865
169.03,-35.191,17.595
169.035,-35.191,52.786
169.04,-35.191,87.977
169.04500000000002,-35.191,111.437
169.05,-35.191,123.167
169.055,-35.191,134.897
169.06,-35.191,140.762
169.065,-35.191,152.493
169.07,-41.056,158.358
169.07500000000002,-41.056,175.953
169.08,-41.056,193.548
169.085,-41.056,211.144
169.09,-46.921,228.739
169.095,-46.921,240.469
169.1,-46.921,258.064
169.105,-46.921,269.795
169.11,-52.786,281.525
169.115,-52.786,293.255
169.12,-52.786,304.985
169.125,-58.651,310.85
169.13,-58.651,316.715
169.135,-58.651,322.581
169.14000000000001,-64.516,328.446
169.145,-64.516,328.446
169.15,-64.516,334.311
169.155,-70.381,334.311
169.16,-70.381,328.446
169.165,-76.246,328.446
169.17000000000002,-76.246,316.715
169.175,-82.111,304.985
169.18,-82.111,293.255
169.185,-82.111,275.66
169.19,-87.977,263.93
169.195,-87.977,252.199
169.20000000000002,-87.977,240.469
169.205,-93.842,222.874
169.21,-93.842,205.279
169.215,-93.842,181.818
169.22,-93.842,164.223
169.225,-99.707,146.628
169.23,-105.572,123.167
169.235,-105.572,99.707
169.24,-111.437,64.516
169.245,-117.302,35.191
169.25,-123.167,5.865
169.255,-123.167,-11.73
169.26,-129.032,-35.191
169.26500000000001,-134.897,-41.056
169.27,-134.897,-23.46
169.275,-134.897,-11.73
169.28,-134.897,-5.865
169.285,-134.897,-11.73
169.29,-134.897,-41.056
169.29500000000002,-129.032,-70.381
169.3,-123.167,-87.977
169.305,-123.167,-105.572
169.31,-123.167,-99.707
169.315,-117.302,-82.111
169.32,-123.167,-70.381
169.32500000000002,-123.167,-58.651
169.33,-129.032,-52.786
169.335,-129.032,-52.786
169.34,-123.167,-52.786
169.345,-123.167,-46.921
169.35,-111.437,-41.056
169.355,-105.572,-41.056
169.36,-99.707,-35.191
169.365,-87.977,-29.326
169.37,-76.246,-23.46
169.375,-58.651,-23.46
169.38,-41.056,-29.326
169.385,-23.46,-29.326
169.39000000000001,-5.865,-35.191
169.395,5.865,-35.191
169.4,11.73,-35.191
169.405,23.46,-35.191
169.41,35.191,-35.191
169.415,46.921,-41.056
169.42000000000002,52.786,-41.056
169.425,64.516,-41.056
169.43,76.246,-41.056
169.435,87.977,-41.056
169.44,99.707,-41.056
169.445,111.437,-41.056
169.45000000000002,123.167,-35.191
169.455,134.897,-35.191
169.46,140.762,-35.191
169.465,152.493,-35.191
169.47,158.358,-35.191
169.475,164.223,-35.191
169.48,170.088,-35.191
169.485,175.953,-35.191
169.49,181.818,-35.191
169.495,187.683,-41.056
169.5,187.683,-41.056
169.505,193.548,-35.191
169.51,193.548,-41.056
169.51500000000001,199.413,-35.191
169.52,199.413,-35.191
169.525,199.413,-35.191
169.53,193.548,-35.191
169.535,193.548,-35.191
169.54,193.548,-35.191
169.54500000000002,187.683,-35.191
169.55,187.683,-35.191
169.555,181.818,-35.191
169.56,181.818,-29.326
169.565,175.953,-29.326
169.57,170.088,-29.326
169.57500000000002,158.358,-29.326
169.58,152.493,-29.326
169.585,146.628,-29.326
169.59,134.897,-23.46
169.595,123.167,-23.46
169.6,117.302,-23.46
169.605,105.572,-23.46
169.61,93.842,-23.46
169.615,82.111,-23.46
169.62,76.246,-23.46
169.625,64.516,-23.46
169.63,58.651,-23.46
169.635,46.921,-23.46
169.64000000000001,35.191,-23.46
169.645,29.326,-23.46
169.65,17.595,-23.46
169.655,11.73,-23.46
169.66,-0.0,-23.46
169.665,-5.865,-23.46
169.67000000000002,-11.73,-29.326
169.675,-17.595,-29.326
169.68,-29.326,-29.326
169.685,-35.191,-29.326
169.69,-41.056,-29.326
169.695,-46.921,-29.326
169.70000000000002,-52.786,-29.326
169.705,-58.651,-29.326
169.71,-58.651,-35.191
169.715,-64.516,-35.191
169.72,-64.516,-29.326
169.725,-70.381,-35.191
169.73,-70.381,-29.326
169.735,-76.246,-35.191
169.74,-76.246,-29.326
169.745,-70.381,-29.326
169.75,-58.651,-29.326
169.755,-41.056,-35.191
169.76,-23.46,-29.326
169.76500000000001,-17.595,-35.191
169.77,-17.595,-29.326
169.775,-11.73,-29.326
169.78,-5.865,-29.326
169.785,5.865,-29.326
169.79,5.865,-29.326
169.79500000000002,5.865,-29.326
169.8,5.865,-29.326
169.805,-0.0,-29.326
169.81,5.865,-29.326
169.815,5.865,-29.326
169.82,-0.0,-29.326
169.82500000000002,-0.0,-29.326
169.83,-0.0,-29.326
169.835,-5.865,-29.326
169.84,-11.73,-29.326
169.845,-17.595,-29.326
169.85,-23.46,-29.326
169.855,-23.46,-29.326
169.86,-23.46,-29.326
169.865,-23.46,-29.326
169.87,-23.46,-29.326
169.875,-23.46,-29.326
169.88,-17.595,-23.46
169.885,-17.595,-23.46
169.89000000000001,-17.595,-23.46
169.895,-11.73,-23.46
169.9,-11.73,-23.46
169.905,-5.865,-23.46
169.91,-5.865,-23.46
169.915,-0.0,-23.46
169.92000000000002,5.865,-23.46
169.925,5.865,-17.595
169.93,5.865,-17.595
169.935,5.865,-17.595
169.94,11.73,-17.595
169.945,11.73,-11.73
169.95000000000002,11.73,-11.73
169.955,11.73,-5.865
169.96,11.73,-5.865
169.965,11.73,-5.865
169.97,11.73,0.0
169.975,11.73,0.0
169.98,5.865,0.0
169.985,5.865,0.0
169.99,-0.0,0.0
169.995,-0.0,0.0
170.0,-0.0,0.0
170.005,-5.865,0.0
170.01,-5.865,0.0
170.01500000000001,-5.865,0.0
170.02,-5.865,0.0
170.025,-11.73,5.865
170.03,-5.865,5.865
170.035,-11.73,5.865
170.04,-5.865,5.865
170.04500000000002,-5.865,11.73
170.05,-11.73,11.73
170.055,-5.865,11.73
170.06,-5.865,17.595
170.065,-5.865,23.46
170.07,-5.865,23.46
170.07500000000002,-5.865,29.326
170.08,-0.0,29.326
170.085,-0.0,35.191
170.09,-0.0,35.191
170.095,-0.0,41.056
170.1,-0.0,41.056
170.105,5.865,46.921
170.11,5.865,46.921
170.115,5.865,46.921
170.12,5.865,52.786
170.125,5.865,52.786
170.13,11.73,58.651
170.135,11.73,58.651
170.14000000000001,11.73,58.651
170.145,11.73,58.651
170.15,11.73,58.651
170.155,11.73,58.651
170.16,11.73,58.651
170.165,11.73,52.786
170.17000000000002,11.73,52.786
170.175,17.595,46.921
170.18,17.595,46.921
170.185,17.595,41.056
170.19,17.595,41.056
170.195,17.595,35.191
170.20000000000002,23.46,35.191
170.205,23.46,35.191
170.21,23.46,29.326
170.215,23.46,35.191
170.22,23.46,35.191
170.225,23.46,35.191
170.23,23.46,35.191
170.235,29.326,41.056
170.24,29.326,41.056
170.245,29.326,46.921
170.25,29.326,46.921
170.255,29.326,52.786
170.26,29.326,46.921
170.26500000000001,29.326,46.921
170.27,23.46,46.921
170.275,23.46,41.056
170.28,23.46,35.191
170.285,23.46,23.46
170.29,23.46,23.46
170.29500000000002,17.595,17.595
170.3,17.595,17.595
170.305,17.595,17.595
170.31,17.595,23.46
170.315,11.73,23.46
170.32,11.73,23.46
170.32500000000002,11.73,23.46
170.33,11.73,23.46
170.335,11.73,29.326
170.34,11.73,29.326
170.345,11.73,29.326
170.35,11.73,23.46
170.355,11.73,23.46
170.36,5.865,23.46
170.365,5.865,23.46
170.37,5.865,23.46
170.375,5.865,23.46
170.38,5.865,23.46
170.385,5.865,23.46
170.39000000000001,5.865,23.46
170.395,5.865,23.46
170.4,5.865,23.46
170.405,5.865,23.46
170.41,-0.0,23.46
170.415,5.865,23.46
170.42000000000002,-0.0,23.46
170.425,-0.0,17.595
170.43,-0.0,17.595
170.435,-0.0,17.595
170.44,-0.0,17.595
170.445,-0.0,17.595
170.45000000000002,-0.0,17.595
170.455,-0.0,11.73
170.46,-0.0,11.73
170.465,-0.0,11.73
170.47,-0.0,11.73
170.475,-0.0,11.73
170.48,-0.0,11.73
170.485,-0.0,11.73
170.49,-0.0,5.865
170.495,-0.0,5.865
170.5,5.865,5.865
170.505,5.865,5.865
170.51,5.865,5.865
170.51500000000001,5.865,5.865
170.52,5.865,5.865
170.525,5.865,5.865
170.53,5.865,5.865
170.535,5.865,5.865
170.54,5.865,5.865
170.54500000000002,5.865,5.865
170.55,5.865,5.865
170.555,5.865,5.865
170.56,5.865,5.865
170.565,5.865,5.865
170.57,5.865,5.865
170.57500000000002,5.865,5.865
170.58,5.865,5.865
170.585,5.865,5.865
170.59,5.865,5.865
170.595,5.865,5.865
170.6,5.865,5.865
170.605,5.865,5.865
170.61,5.865,5.865
170.615,5.865,5.865
170.62,5.865,5.865
170.625,5.865,5.865
170.63,5.865,5.865
170.635,5.865,5.865
170.64000000000001,5.865,5.865
170.645,5.865,5.865
170.65,5.865,5.865
170.655,5.865,5.865
170.66,5.865,5.865
170.665,-0.0,5.865
170.67000000000002,-0.0,5.865
170.675,-0.0,5.865
170.68,-0.0,5.865
170.685,-0.0,5.865
170.69,-0.0,5.865
170.695,-0.0,5.865
170.70000000000002,-0.0,5.865
170.705,-0.0,5.865
170.71,-0.0,5.865
170.715,-0.0,5.865
170.72,-0.0,5.865
170.725,-0.0,5.865
170.73,-0.0,5.865
170.735,-0.0,5.865
170.74,-0.0,5.865
170.745,-5.865,5.865
170.75,-0.0,5.865
170.755,-5.865,5.865
170.76,-5.865,5.865
170.76500000000001,-5.865,5.865
170.77,-5.865,5.865
170.775,-5.865,5.865
170.78,-5.865,5.865
170.785,-5.865,5.865
170.79,-11.73,5.865
170.79500000000002,-11.73,5.865
170.8,-11.73,5.865
170.805,-11.73,5.865
170.81,-11.73,5.865
170.815,-11.73,5.865
170.82,-11.73,5.865
170.82500000000002,-11.73,5.865
170.83,-11.73,5.865
170.835,-11.73,5.865
170.84,-11.73,5.865
170.845,-11.73,5.865
170.85,-11.73,5.865
170.855,-11.73,5.865
170.86,-11.73,5.865
170.865,-11.73,11.73
170.87,-11.73,11.73
170.875,-11.73,11.73
170.88,-11.73,11.73
170.885,-17.595,11.73
170.89000000000001,-11.73,11.73
170.895,-17.595,11.73
170.9,-17.595,11.73
170.905,-17.595,11.73
170.91,-17.595,5.865
170.915,-17.595,11.73
170.92000000000002,-17.595,11.73
170.925,-17.595,11.73
170.93,-17.595,11.73
170.935,-17.595,11.73
170.94,-17.595,11.73
170.945,-17.595,11.73
170.95000000000002,-17.595,11.73
170.955,-17.595,11.73
170.96,-17.595,11.73
170.965,-17.595,5.865
170.97,-17.595,11.73
170.975,-17.595,5.865
170.98,-17.595,5.865
170.985,-17.595,11.73
170.99,-17.595,11.73
170.995,-17.595,5.865
171.0,-17.595,11.73
171.005,-17.595,11.73
171.01,-17.595,11.73
171.01500000000001,-17.595,11.73
171.02,-17.595,11.73
171.025,-17.595,11.73
171.03,-17.595,11.73
171.035,-17.595,11.73
171.04,-11.73,11.73
171.04500000000002,-11.73,11.73
171.05,-17.595,17.595
171.055,-11.73,17.595
171.06,-11.73,17.595
171.065,-11.73,17.595
171.07,-11.73,17.595
171.07500000000002,-11.73,17.595
171.08,-11.73,23.46
171.085,-11.73,23.46
171.09,-11.73,23.46
171.095,-11.73,23.46
171.1,-11.73,23.46
171.105,-5.865,23.46
171.11,-5.865,23.46
171.115,-5.865,29.326
171.12,-5.865,29.326
171.125,-5.865,29.326
171.13,-5.865,29.326
171.135,-5.865,29.326
171.14000000000001,-5.865,29.326
171.145,-5.865,29.326
171.15,-5.865,29.326
171.155,-5.865,35.191
171.16,-5.865,35.191
171.165,-5.865,35.191
171.17000000000002,-5.865,35.191
171.175,-5.865,35.191
171.18,-5.865,35.191
171.185,-5.865,35.191
171.19,-5.865,35.191
171.195,-5.865,35.191
171.20000000000002,-5.865,35.191
171.205,-5.865,35.191
171.21,-5.865,35.191
171.215,-5.865,35.191
171.22,-5.865,35.191
171.225,-5.865,35.191
171.23,-5.865,35.191
171.235,-5.865,35.191
171.24,-5.865,35.191
171.245,-5.865,35.191
171.25,-5.865,35.191
171.255,-5.865,35.191
171.26,-11.73,35.191
171.26500000000001,-11.73,35.191
171.27,-11.73,35.191
171.275,-11.73,35.191
171.28,-11.73,35.191
171.285,-11.73,35.191
171.29,-11.73,35.191
171.29500000000002,-11.73,35.191
171.3,-11.73,35.191
171.305,-11.73,35.191
171.31,-11.73,35.191
171.315,-11.73,35.191
171.32,-11.73,35.191
171.32500000000002,-11.73,35.191
171.33,-11.73,29.326
171.335,-11.73,35.191
171.34,-11.73,29.326
171.345,-11.73,35.191
171.35,-11.73,29.326
171.355,-11.73,29.326
171.36,-5.865,29.326
171.365,-5.865,29.326
171.37,-5.865,29.326
171.375,-5.865,29.326
171.38,-5.865,23.46
171.385,-5.865,29.326
171.39000000000001,-0.0,23.46
171.395,-0.0,23.46
171.4,-0.0,23.46
171.405,-0.0,23.46
171.41,-0.0,23.46
171.415,5.865,23.46
171.42000000000002,5.865,23.46
171.425,5.865,17.595
171.43,5.865,17.595
171.435,11.73,17.595
171.44,11.73,17.595
171.445,11.73,17.595
171.45000000000002,17.595,17.595
171.455,17.595,11.73
171.46,17.595,11.73
171.465,17.595,11.73
171.47,17.595,11.73
171.475,17.595,11.73
171.48,23.46,11.73
171.485,23.46,11.73
171.49,23.46,11.73
171.495,23.46,11.73
171.5,23.46,11.73
171.505,17.595,11.73
171.51,23.46,11.73
171.51500000000001,23.46,11.73
171.52,23.46,11.73
171.525,23.46,11.73
171.53,17.595,11.73
171.535,17.595,11.73
171.54,17.595,11.73
171.54500000000002,17.595,11.73
171.55,17.595,11.73
171.555,17.595,11.73
171.56,17.595,11.73
171.565,11.73,17.595
171.57,11.73,17.595
171.57500000000002,11.73,17.595
171.58,11.73,17.595
171.585,11.73,17.595
171.59,11.73,17.595
171.595,5.865,17.595
171.6,5.865,17.595
171.605,5.865,17.595
171.61,5.865,17.595
171.615,5.865,17.595
171.62,5.865,17.595
171.625,5.865,17.595
171.63,5.865,17.595
171.635,5.865,17.595
171.64000000000001,5.865,17.595
171.645,5.865,17.595
171.65,5.865,17.595
171.655,5.865,17.595
171.66,5.865,17.595
171.665,5.865,17.595
171.67000000000002,-0.0,17.595
171.675,5.865,17.595
171.68,-0.0,11.73
171.685,-0.0,11.73
171.69,-5.865,11.73
171.695,-5.865,11.73
171.70000000000002,-5.865,11.73
171.705,-5.865,11.73
171.71,-5.865,5.865
171.715,-5.865,5.865
171.72,-5.865,5.865
171.725,-5.865,5.865
171.73,-5.865,0.0
171.735,-0.0,0.0
171.74,-0.0,0.0
171.745,-0.0,0.0
171.75,-0.0,0.0
171.755,-0.0,0.0
171.76,-0.0,0.0
171.76500000000001,-0.0,-5.865
171.77,-0.0,-5.865
171.775,-0.0,-5.865
171.78,-0.0,-5.865
171.785,-0.0,-5.865
171.79,-0.0,-5.865
171.79500000000002,-0.0,-5.865
171.8,-0.0,-5.865
171.805,-0.0,-5.865
171.81,-0.0,-5.865
171.815,-0.0,-5.865
171.82,-0.0,-5.865
171.82500000000002,5.865,-5.865
171.83,-0.0,0.0
171.835,5.865,-5.865
171.84,5.865,-5.865
171.845,5.865,-5.865
171.85,5.865,0.0
171.855,5.865,0.0
171.86,11.73,0.0
171.865,11.73,0.0
171.87,11.73,0.0
171.875,17.595,0.0
171.88,23.46,0.0
171.885,23.46,0.0
171.89000000000001,29.326,0.0
171.895,29.326,0.0
171.9,35.191,0.0
171.905,35.191,0.0
171.91,41.056,0.0
171.915,41.056,0.0
171.92000000000002,41.056,0.0
171.925,46.921,0.0
171.93,46.921,0.0
171.935,52.786,0.0
171.94,52.786,0.0
171.945,58.651,5.865
171.95000000000002,58.651,0.0
171.955,64.516,5.865
171.96,64.516,0.0
171.965,64.516,5.865
171.97,64.516,5.865
171.975,64.516,5.865
171.98,70.381,5.865
171.985,70.381,5.865
171.99,70.381,5.865
171.995,70.381,5.865
172.0,76.246,5.865
172.005,76.246,5.865
172.01,76.246,5.865
172.01500000000001,76.246,5.865
172.02,76.246,5.865
172.025,76.246,5.865
172.03,76.246,5.865
172.035,76.246,5.865
172.04,76.246,5.865
172.04500000000002,76.246,0.0
172.05,82.111,5.865
172.055,82.111,0.0
172.06,82.111,0.0
172.065,82.111,0.0
172.07,82.111,0.0
172.07500000000002,82.111,0.0
172.08,82.111,0.0
172.085,82.111,0.0
172.09,82.111,0.0
172.095,82.111,0.0
172.1,87.977,0.0
172.105,82.111,0.0
172.11,87.977,0.0
172.115,82.111,0.0
172.12,82.111,0.0
172.125,82.111,0.0
172.13,82.111,0.0
172.135,82.111,0.0
172.14000000000001,82.111,0.0
172.145,82.111,0.0
172.15,82.111,0.0
172.155,82.111,0.0
172.16,82.111,0.0
172.165,76.246,0.0
172.17000000000002,76.246,0.0
172.175,76.246,0.0
172.18,76.246,0.0
172.185,76.246,0.0
172.19,76.246,0.0
172.195,70.381,0.0
172.20000000000002,70.381,0.0
172.205,70.381,0.0
172.21,64.516,0.0
172.215,64.516,0.0
172.22,64.516,0.0
172.225,64.516,0.0
172.23,64.516,0.0
172.235,58.651,0.0
172.24,58.651,0.0
172.245,58.651,0.0
172.25,52.786,0.0
172.255,52.786,0.0
172.26,52.786,0.0
172.26500000000001,46.921,0.0
172.27,46.921,0.0
172.275,41.056,0.0
172.28,41.056,0.0
172.285,41.056,0.0
172.29,35.191,0.0
172.29500000000002,35.191,0.0
172.3,29.326,0.0
172.305,29.326,0.0
172.31,23.46,0.0
172.315,23.46,0.0
172.32,23.46,0.0
172.32500000000002,23.46,0.0
172.33,17.595,0.0
172.335,17.595,0.0
172.34,11.73,0.0
172.345,11.73,0.0
172.35,5.865,0.0
172.355,5.865,0.0
172.36,5.865,0.0
172.365,5.865,0.0
172.37,-0.0,0.0
172.375,-0.0,0.0
172.38,-0.0,0.0
172.385,-0.0,0.0
172.39000000000001,-5.865,0.0
172.395,-5.865,0.0
172.4,-5.865,0.0
172.405,-5.865,0.0
172.41,-11.73,0.0
172.415,-5.865,0.0
172.42000000000002,-11.73,0.0
172.425,-11.73,0.0
172.43,-11.73,0.0
172.435,-11.73,0.0
172.44,-11.73,0.0
172.445,-11.73,0.0
172.45000000000002,-11.73,0.0
172.455,-11.73,0.0
172.46,-17.595,0.0
172.465,-17.595,0.0
172.47,-17.595,0.0
172.475,-17.595,0.0
172.48,-17.595,0.0
172.485,-23.46,0.0
172.49,-23.46,0.0
172.495,-23.46,0.0
172.5,-23.46,0.0
172.505,-23.46,0.0
172.51,-23.46,0.0
172.51500000000001,-29.326,0.0
172.52,-29.326,0.0
172.525,-29.326,0.0
172.53,-29.326,0.0
172.535,-29.326,0.0
172.54,-29.326,0.0
172.54500000000002,-29.326,0.0
172.55,-35.191,0.0
172.555,-35.191,0.0
172.56,-35.191,0.0
172.565,-35.191,0.0
172.57,-35.191,0.0
172.57500000000002,-35.191,0.0
172.58,-41.056,0.0
172.585,-41.056,0.0
172.59,-41.056,0.0
172.595,-46.921,0.0
172.6,-46.921,0.0
172.605,-46.921,0.0
172.61,-46.921,0.0
172.615,-46.921,0.0
172.62,-46.921,0.0
172.625,-52.786,0.0
172.63,-52.786,0.0
172.635,-52.786,0.0
172.64000000000001,-52.786,0.0
172.645,-52.786,0.0
172.65,-52.786,0.0
172.655,-52.786,0.0
172.66,-52.786,-5.865
172.665,-52.786,-5.865
172.67000000000002,-52.786,-5.865
172.675,-52.786,-5.865
172.68,-52.786,-5.865
172.685,-52.786,-5.865
172.69,-52.786,-5.865
172.695,-46.921,-5.865
172.70000000000002,-35.191,-5.865
172.705,-23.46,-5.865
172.71,-5.865,-5.865
172.715,5.865,-5.865
172.72,11.73,-5.865
172.725,17.595,-5.865
172.73,11.73,-5.865
172.735,5.865,-5.865
172.74,5.865,-5.865
172.745,5.865,-5.865
172.75,-0.0,-5.865
172.755,-0.0,-5.865
172.76,-0.0,-5.865
172.76500000000001,-0.0,-5.865
172.77,-0.0,-5.865
172.775,-0.0,-5.865
172.78,-0.0,-5.865
172.785,-0.0,-5.865
172.79,-0.0,-5.865
172.79500000000002,-0.0,-5.865
172.8,-0.0,-5.865
172.805,-5.865,0.0
172.81,-5.865,0.0
172.815,-5.865,0.0
172.82,-5.865,0.0
172.82500000000002,-5.865,0.0
172.83,-5.865,0.0
172.835,-0.0,0.0
172.84,-0.0,0.0
172.845,-0.0,0.0
172.85,-0.0,0.0
172.855,-0.0,5.865
172.86,-0.0,5.865
172.865,-0.0,5.865
172.87,-0.0,5.865
172.875,-0.0,5.865
172.88,-0.0,5.865
172.885,-0.0,5.865
172.89000000000001,-0.0,5.865
172.895,-0.0,0.0
172.9,-0.0,0.0
172.905,-0.0,-5.865
172.91,-0.0,-5.865
172.915,-0.0,-5.865
172.92000000000002,-0.0,-11.73
172.925,-0.0,-11.73
172.93,-0.0,-11.73
172.935,-0.0,-11.73
172.94,-0.0,-17.595
172.945,-0.0,-17.595
172.95000000000002,-0.0,-17.595
172.955,-0.0,-23.46
172.96,-0.0,-29.326
172.965,-0.0,-35.191
172.97,5.865,-35.191
172.975,-0.0,-41.056
172.98,-0.0,-41.056
172.985,-0.0,-46.921
172.99,-0.0,-46.921
172.995,-0.0,-46.921
173.0,-0.0,-46.921
173.005,-0.0,-46.921
173.01,-0.0,-52.786
173.01500000000001,-0.0,-52.786
173.02,-0.0,-52.786
173.025,-0.0,-52.786
173.03,-0.0,-58.651
173.035,-0.0,-58.651
173.04,-0.0,-58.651
173.04500000000002,-0.0,-58.651
173.05,-0.0,-58.651
173.055,-0.0,-58.651
173.06,-0.0,-58.651
173.065,-0.0,-58.651
173.07,-0.0,-58.651
173.07500000000002,-0.0,-58.651
173.08,-0.0,-58.651
173.085,-0.0,-58.651
173.09,-0.0,-58.651
173.095,-0.0,-58.651
173.1,-0.0,-64.516
173.105,-0.0,-64.516
173.11,-0.0,-64.516
173.115,-0.0,-64.516
173.12,-0.0,-64.516
173.125,-0.0,-58.651
173.13,-0.0,-52.786
173.135,-0.0,-46.921
173.14000000000001,-0.0,-41.056
173.145,-0.0,-35.191
173.15,-0.0,-29.326
173.155,-0.0,-17.595
173.16,-0.0,-5.865
173.165,-0.0,5.865
173.17000000000002,-0.0,11.73
173.175,-0.0,11.73
173.18,-0.0,5.865
173.185,-0.0,5.865
173.19,-0.0,5.865
173.195,-0.0,5.865
173.20000000000002,-0.0,5.865
173.205,-0.0,0.0
173.21,-0.0,0.0
173.215,-0.0,0.0
173.22,-0.0,-5.865
173.225,-0.0,-5.865
173.23,-0.0,-5.865
173.235,-0.0,-5.865
173.24,-0.0,0.0
173.245,-0.0,0.0
173.25,-0.0,0.0
173.255,-0.0,-5.865
173.26,-0.0,0.0
173.26500000000001,-0.0,-5.865
173.27,-0.0,0.0
173.275,-0.0,0.0
173.28,-0.0,0.0
173.285,-0.0,0.0
173.29,-0.0,0.0
173.29500000000002,-0.0,0.0
173.3,-0.0,0.0
173.305,-0.0,0.0
173.31,-0.0,-5.865
173.315,-0.0,0.0
173.32,-0.0,0.0
173.32500000000002,-0.0,-5.865
173.33,-0.0,-5.865
173.335,-0.0,-5.865
173.34,-0.0,0.0
173.345,-0.0,-5.865
173.35,-0.0,0.0
173.355,-0.0,0.0
173.36,-0.0,0.0
173.365,-0.0,0.0
173.37,-0.0,0.0
173.375,-0.0,0.0
173.38,-0.0,0.0
173.385,-0.0,0.0
173.39000000000001,-0.0,0.0
173.395,-0.0,0.0
173.4,-0.0,0.0
173.405,-0.0,0.0
173.41,-0.0,0.0
173.415,-0.0,0.0
173.42000000000002,-0.0,0.0
173.425,-0.0,0.0
173.43,-0.0,0.0
173.435,-0.0,0.0
173.44,-0.0,0.0
173.445,-0.0,0.0
173.45000000000002,-0.0,0.0
173.455,-0.0,0.0
173.46,-0.0,0.0
173.465,-0.0,0.0
173.47,-0.0,0.0
173.475,-0.0,0.0
173.48,-0.0,0.0
173.485,-0.0,0.0
173.49,-0.0,0.0
173.495,-0.0,0.0
173.5,-0.0,0.0
173.505,-0.0,0.0
173.51,-0.0,0.0
173.51500000000001,-0.0,0.0
173.52,-0.0,0.0
173.525,-0.0,0.0
173.53,-0.0,0.0
173.535,-0.0,0.0
173.54,-0.0,0.0
173.54500000000002,-0.0,0.0
173.55,-0.0,0.0
173.555,-0.0,0.0
173.56,-0.0,0.0
173.565,-0.0,0.0
173.57,-0.0,0.0
173.57500000000002,-0.0,0.0
173.58,-0.0,0.0
173.585,-0.0,0.0
173.59,-0.0,0.0
173.595,-0.0,0.0
173.6,-0.0,0.0
173.605,-0.0,0.0
173.61,-0.0,0.0
173.615,-0.0,0.0
173.62,-0.0,0.0
173.625,-0.0,0.0
173.63,-0.0,0.0
173.635,-0.0,0.0
173.64000000000001,-0.0,0.0
173.645,-0.0,0.0
173.65,-0.0,0.0
173.655,-0.0,0.0
173.66,-0.0,0.0
173.665,-0.0,0.0
173.67000000000002,-0.0,0.0
173.675,-0.0,0.0
173.68,-0.0,0.0
173.685,-0.0,0.0
173.69,-0.0,0.0
173.695,-0.0,0.0
173.70000000000002,-0.0,0.0
173.705,-0.0,0.0
173.71,-0.0,0.0
173.715,-0.0,0.0
173.72,-0.0,0.0
173.725,-0.0,0.0
173.73,-0.0,0.0
173.735,-0.0,0.0
173.74,-0.0,0.0
173.745,-0.0,0.0
173.75,-0.0,0.0
173.755,-0.0,0.0
173.76,-0.0,0.0
173.76500000000001,-0.0,0.0
173.77,-0.0,0.0
173.775,-0.0,0.0
173.78,-0.0,0.0
173.785,-0.0,0.0
173.79,-0.0,0.0
173.79500000000002,-0.0,0.0
173.8,-0.0,0.0
173.805,-0.0,0.0
173.81,-0.0,0.0
173.815,-0.0,0.0
173.82,-0.0,0.0
173.82500000000002,-0.0,0.0
173.83,-0.0,0.0
173.835,-0.0,0.0
173.84,-0.0,0.0
173.845,-0.0,0.0
173.85,-0.0,0.0
173.855,-0.0,0.0
173.86,-0.0,0.0
173.865,-0.0,0.0
173.87,-0.0,0.0
173.875,-0.0,0.0
173.88,-0.0,0.0
173.885,-0.0,0.0
173.89000000000001,-0.0,0.0
173.895,-0.0,0.0
173.9,-0.0,0.0
173.905,-0.0,0.0
173.91,-0.0,0.0
173.915,-0.0,0.0
173.92000000000002,-0.0,0.0
173.925,-0.0,0.0
173.93,-0.0,0.0
173.935,-0.0,0.0
173.94,-0.0,0.0
173.945,-0.0,0.0
173.95000000000002,-0.0,0.0
173.955,-0.0,0.0
173.96,-0.0,0.0
173.965,-0.0,0.0
173.97,-0.0,0.0
173.975,-0.0,5.865
173.98,-0.0,0.0
173.985,-0.0,5.865
173.99,-0.0,5.865
173.995,-0.0,0.0
174.0,-0.0,5.865
174.005,-0.0,-5.865
174.01,5.865,-11.73
174.01500000000001,-0.0,0.0
174.02,-0.0,17.595
174.025,5.865,11.73
174.03,-0.0,5.865
174.035,-0.0,0.0
174.04,-0.0,5.865
174.04500000000002,5.865,5.865
174.05,5.865,0.0
174.055,5.865,-5.865
174.06,-0.0,-5.865
174.065,-0.0,-5.865
174.07,5.865,-5.865
174.07500000000002,5.865,-5.865
174.08,5.865,-5.865
174.085,-0.0,-5.865
174.09,5.865,-5.865
174.095,-0.0,0.0
174.1,5.865,5.865
174.105,5.865,0.0
174.11,-0.0,0.0
174.115,-0.0,0.0
174.12,5.865,0.0
174.125,5.865,5.865
174.13,-0.0,0.0
174.135,-0.0,0.0
174.14000000000001,-0.0,0.0
174.145,5.865,0.0
174.15,-0.0,0.0
174.155,-0.0,5.865
174.16,-0.0,5.865
174.165,-0.0,5.865
174.17000000000002,-0.0,11.73
174.175,-0.0,11.73
174.18,-0.0,11.73
174.185,-0.0,0.0
174.19,-0.0,0.0
174.195,-0.0,5.865
174.20000000000002,-0.0,17.595
174.205,-0.0,29.326
174.21,-0.0,11.73
174.215,-0.0,5.865
174.22,-0.0,5.865
174.225,-0.0,5.865
174.23,-0.0,0.0
174.235,-0.0,0.0
174.24,-0.0,-5.865
174.245,-0.0,-5.865
174.25,-0.0,-11.73
174.255,-0.0,-11.73
174.26,-0.0,-5.865
174.26500000000001,-0.0,-17.595
174.27,-0.0,-17.595
174.275,-0.0,-17.595
174.28,-0.0,-11.73
174.285,-0.0,-11.73
174.29,-0.0,-17.595
174.29500000000002,-0.0,-23.46
174.3,-0.0,-17.595
174.305,-0.0,-11.73
174.31,-0.0,-11.73
174.315,-0.0,-11.73
174.32,-0.0,-11.73
174.32500000000002,-0.0,-5.865
174.33,-0.0,-5.865
174.335,-0.0,0.0
174.34,-0.0,17.595
174.345,-0.0,29.326
174.35,-0.0,23.46
174.355,-0.0,11.73
174.36,-0.0,5.865
174.365,-0.0,0.0
174.37,-0.0,0.0
174.375,-0.0,0.0
174.38,-0.0,0.0
174.385,-0.0,0.0
174.39000000000001,-0.0,-5.865
174.395,-0.0,-11.73
174.4,-0.0,-11.73
174.405,-0.0,-11.73
174.41,-0.0,-11.73
174.415,-0.0,-11.73
174.42000000000002,-0.0,-5.865
174.425,-0.0,-5.865
174.43,-0.0,-5.865
174.435,-0.0,-5.865
174.44,-0.0,0.0
174.445,-0.0,11.73
174.45000000000002,-0.0,17.595
174.455,-0.0,0.0
174.46,5.865,0.0
174.465,5.865,5.865
174.47,5.865,11.73
174.475,5.865,11.73
174.48,-0.0,5.865
174.485,-0.0,11.73
174.49,5.865,5.865
174.495,-0.0,0.0
174.5,5.865,5.865
174.505,5.865,11.73
174.51,-0.0,11.73
174.51500000000001,-0.0,17.595
174.52,5.865,11.73
174.525,-0.0,-5.865
174.53,-0.0,-11.73
174.535,-0.0,-11.73
174.54,-0.0,0.0
174.54500000000002,-0.0,11.73
174.55,-0.0,23.46
174.555,-0.0,23.46
174.56,-0.0,23.46
174.565,-0.0,17.595
174.57,-0.0,17.595
174.57500000000002,-0.0,11.73
174.58,-0.0,11.73
174.585,-0.0,5.865
174.59,-0.0,5.865
174.595,-0.0,5.865
174.6,-0.0,0.0
174.605,-0.0,0.0
174.61,-0.0,0.0
174.615,-0.0,0.0
174.62,-0.0,0.0
174.625,-0.0,5.865
174.63,-0.0,5.865
174.635,-0.0,11.73
174.64000000000001,-0.0,11.73
174.645,-0.0,5.865
174.65,-0.0,5.865
174.655,-0.0,5.865
174.66,-0.0,0.0
174.665,-0.0,0.0
174.67000000000002,-0.0,0.0
174.675,-0.0,5.865
174.68,-0.0,0.0
174.685,-0.0,0.0
174.69,-0.0,0.0
174.695,-0.0,5.865
174.70000000000002,-0.0,5.865
174.705,-0.0,5.865
174.71,-0.0,17.595
174.715,-0.0,29.326
174.72,-0.0,35.191
174.725,-0.0,-5.865
174.73,-0.0,-5.865
174.735,-0.0,-11.73
174.74,-0.0,-5.865
174.745,-0.0,-5.865
174.75,-0.0,0.0
174.755,-0.0,0.0
174.76,-0.0,0.0
174.76500000000001,-0.0,-5.865
174.77,-0.0,-5.865
174.775,-0.0,-11.73
174.78,-0.0,0.0
174.785,-0.0,-5.865
174.79,-0.0,-17.595
174.79500000000002,-0.0,-17.595
174.8,-0.0,-23.46
174.805,-0.0,-17.595
174.81,-0.0,-11.73
174.815,-0.0,-5.865
174.82,-0.0,0.0
174.82500000000002,-0.0,0.0
174.83,-0.0,0.0
174.835,-0.0,5.865
174.84,-0.0,5.865
174.845,-0.0,0.0
174.85,-0.0,5.865
174.855,-0.0,11.73
174.86,-0.0,5.865
174.865,-0.0,5.865
174.87,-0.0,11.73
174.875,-0.0,11.73
174.88,-0.0,11.73
174.885,-0.0,5.865
174.89000000000001,-0.0,5.865
174.895,-0.0,11.73
174.9,-0.0,17.595
174.905,-0.0,17.595
174.91,-0.0,29.326
174.915,-0.0,17.595
174.92000000000002,-0.0,17.595
174.925,-0.0,5.865
174.93,-0.0,17.595
174.935,-0.0,17.595
174.94,-0.0,29.326
174.945,-0.0,46.921
174.95000000000002,-0.0,17.595
174.955,-0.0,5.865
174.96,-0.0,0.0
174.965,-0.0,-11.73
174.97,-0.0,-5.865
174.975,-0.0,0.0
174.98,-0.0,5.865
174.985,-0.0,11.73
174.99,-0.0,-5.865
174.995,-0.0,-17.595
175.0,-0.0,-23.46
175.005,-0.0,-17.595
175.01,-0.0,-11.73
175.01500000000001,-0.0,-5.865
175.02,-0.0,0.0
175.025,-0.0,17.595
175.03,-0.0,11.73
175.035,-0.0,35.191
175.04,-0.0,58.651
175.04500000000002,-0.0,35.191
175.05,-0.0,0.0
175.055,-0.0,-5.865
175.06,-0.0,0.0
175.065,-0.0,0.0
175.07,-0.0,11.73
175.07500000000002,-0.0,23.46
175.08,-0.0,23.46
175.085,-0.0,23.46
175.09,-0.0,11.73
175.095,-0.0,11.73
175.1,-0.0,5.865
175.105,-0.0,5.865
175.11,-0.0,23.46
175.115,-0.0,35.191
175.12,-0.0,58.651
175.125,-0.0,93.842
175.13,-0.0,105.572
175.135,-0.0,93.842
175.14000000000001,-0.0,82.111
175.145,-0.0,82.111
175.15,-0.0,87.977
175.155,-0.0,93.842
175.16,-0.0,117.302
175.165,-0.0,146.628
175.17000000000002,-0.0,187.683
175.175,-0.0,222.874
175.18,-0.0,258.064
175.185,-0.0,269.795
175.19,-0.0,258.064
175.195,-0.0,240.469
175.20000000000002,-0.0,217.009
175.205,-0.0,193.548
175.21,-0.0,175.953
175.215,-0.0,158.358
175.22,-0.0,152.493
175.225,-0.0,152.493
175.23,-0.0,158.358
175.235,-0.0,164.223
175.24,-0.0,170.088
175.245,-0.0,175.953
175.25,-0.0,193.548
175.255,-0.0,211.144
175.26,-0.0,228.739
175.26500000000001,-0.0,252.199
175.27,-0.0,269.795
175.275,-0.0,287.39
175.28,-0.0,299.12
175.285,-0.0,304.985
175.29,-0.0,293.255
175.29500000000002,-0.0,269.795
175.3,-0.0,246.334
175.305,-0.0,217.009
175.31,-0.0,193.548
175.315,-0.0,170.088
175.32,-0.0,152.493
175.32500000000002,-0.0,140.762
175.33,-0.0,129.032
175.335,-0.0,117.302
175.34,-0.0,111.437
175.345,-0.0,105.572
175.35,-0.0,99.707
175.355,-0.0,93.842
175.36,-0.0,87.977
175.365,-0.0,93.842
175.37,-0.0,99.707
175.375,-0.0,87.977
175.38,-0.0,82.111
175.385,-0.0,93.842
175.39000000000001,-0.0,105.572
175.395,-0.0,111.437
175.4,-0.0,105.572
175.405,-0.0,105.572
175.41,-0.0,99.707
175.415,-0.0,93.842
175.42000000000002,-0.0,87.977
175.425,-0.0,76.246
175.43,-0.0,64.516
175.435,-0.0,52.786
175.44,5.865,46.921
175.445,5.865,41.056
175.45000000000002,-0.0,35.191
175.455,-0.0,29.326
175.46,-0.0,23.46
175.465,-0.0,17.595
175.47,-0.0,5.865
175.475,-0.0,0.0
175.48,-0.0,-5.865
175.485,-0.0,-11.73
175.49,-0.0,-17.595
175.495,-0.0,-29.326
175.5,-0.0,-35.191
175.505,-0.0,-29.326
175.51,-0.0,-35.191
175.51500000000001,-0.0,-52.786
175.52,-0.0,-70.381
175.525,-0.0,-87.977
175.53,-0.0,-111.437
175.535,-0.0,-134.897
175.54,-0.0,-164.223
175.54500000000002,-0.0,-193.548
175.55,-0.0,-193.548
175.555,-0.0,-199.413
175.56,-0.0,-240.469
175.565,-0.0,-258.064
175.57,-0.0,-252.199
175.57500000000002,-0.0,-252.199
175.58,-0.0,-240.469
175.585,-0.0,-205.279
175.59,-0.0,-187.683
175.595,-0.0,-181.818
175.6,-0.0,-181.818
175.605,-0.0,-187.683
175.61,-0.0,-181.818
175.615,-0.0,-181.818
175.62,-0.0,-187.683
175.625,-0.0,-205.279
175.63,-0.0,-228.739
175.635,-0.0,-246.334
175.64000000000001,-0.0,-263.93
175.645,-0.0,-269.795
175.65,-0.0,-269.795
175.655,-0.0,-275.66
175.66,-0.0,-269.795
175.665,-0.0,-263.93
175.67000000000002,-0.0,-258.064
175.675,-0.0,-252.199
175.68,-0.0,-246.334
175.685,-0.0,-240.469
175.69,-0.0,-240.469
175.695,-0.0,-234.604
175.70000000000002,-0.0,-222.874
175.705,-0.0,-228.739
175.71,-0.0,-246.334
175.715,-0.0,-246.334
175.72,-0.0,-240.469
175.725,-0.0,-240.469
175.73,-0.0,-234.604
175.735,-0.0,-228.739
175.74,-0.0,-211.144
175.745,-0.0,-205.279
175.75,-0.0,-193.548
175.755,-0.0,-181.818
175.76,-0.0,-164.223
175.76500000000001,-0.0,-140.762
175.77,-0.0,-111.437
175.775,-0.0,-82.111
175.78,-0.0,-58.651
175.785,-0.0,-41.056
175.79,-0.0,-23.46
175.79500000000002,-0.0,-5.865
175.8,-0.0,5.865
175.805,-0.0,5.865
175.81,-0.0,0.0
175.815,-0.0,-17.595
175.82,-0.0,-41.056
175.82500000000002,-0.0,-70.381
175.83,-0.0,-105.572
175.835,-0.0,-140.762
175.84,-0.0,-158.358
175.845,-0.0,-158.358
175.85,-0.0,-152.493
175.855,-0.0,-164.223
175.86,-0.0,-199.413
175.865,-0.0,-246.334
175.87,-0.0,-287.39
175.875,-0.0,-269.795
175.88,-0.0,-205.279
175.885,-0.0,-152.493
175.89000000000001,-0.0,-129.032
175.895,-0.0,-111.437
175.9,-0.0,-82.111
175.905,-0.0,-46.921
175.91,-0.0,0.0
175.915,-0.0,29.326
175.92000000000002,-0.0,46.921
175.925,-0.0,70.381
175.93,-0.0,82.111
175.935,-0.0,87.977
175.94,-0.0,82.111
175.945,-0.0,82.111
175.95000000000002,-0.0,64.516
175.955,-0.0,5.865
175.96,-0.0,-64.516
175.965,-0.0,-111.437
175.97,-0.0,-123.167
175.975,-0.0,-111.437
175.98,-0.0,-76.246
175.985,-0.0,-35.191
175.99,-0.0,11.73
175.995,-0.0,64.516
176.0,-0.0,99.707
176.005,-0.0,105.572
176.01,-0.0,93.842
176.01500000000001,-0.0,93.842
176.02,-0.0,105.572
176.025,-0.0,117.302
176.03,-0.0,123.167
176.035,-0.0,140.762
176.04,-0.0,164.223
176.04500000000002,-0.0,193.548
176.05,-0.0,222.874
176.055,-0.0,258.064
176.06,-0.0,293.255
176.065,-0.0,328.446
176.07,-0.0,351.906
176.07500000000002,-0.0,357.771
176.08,-0.0,322.581
176.085,-0.0,269.795
176.09,-0.0,234.604
176.095,-0.0,240.469
176.1,-0.0,258.064
176.105,5.865,252.199
176.11,5.865,246.334
176.115,5.865,246.334
176.12,5.865,252.199
176.125,5.865,252.199
176.13,5.865,240.469
176.135,5.865,228.739
176.14000000000001,5.865,217.009
176.145,5.865,211.144
176.15,-0.0,211.144
176.155,-0.0,211.144
176.16,-0.0,211.144
176.165,-0.0,217.009
176.17000000000002,-0.0,228.739
176.175,-0.0,234.604
176.18,-0.0,234.604
176.185,-0.0,228.739
176.19,-0.0,217.009
176.195,-0.0,199.413
176.20000000000002,-0.0,181.818
176.205,-0.0,170.088
176.21,-0.0,152.493
176.215,-0.0,146.628
176.22,-0.0,146.628
176.225,-0.0,146.628
176.23,-0.0,146.628
176.235,-0.0,146.628
176.24,-0.0,146.628
176.245,-0.0,146.628
176.25,-0.0,146.628
176.255,-0.0,140.762
176.26,-5.865,117.302
176.26500000000001,-5.865,99.707
176.27,-5.865,87.977
176.275,-5.865,93.842
176.28,-5.865,99.707
176.285,-5.865,105.572
176.29,-5.865,117.302
176.29500000000002,-5.865,134.897
176.3,-5.865,152.493
176.305,-5.865,164.223
176.31,-5.865,170.088
176.315,-5.865,170.088
176.32,-5.865,170.088
176.32500000000002,-5.865,158.358
176.33,-5.865,146.628
176.335,-5.865,134.897
176.34,-5.865,123.167
176.345,-0.0,117.302
176.35,-0.0,111.437
176.355,-0.0,99.707
176.36,-0.0,93.842
176.365,-0.0,82.111
176.37,11.73,70.381
176.375,11.73,58.651
176.38,-0.0,52.786
176.385,-0.0,46.921
176.39000000000001,-0.0,46.921
176.395,-5.865,52.786
176.4,-11.73,58.651
176.405,-11.73,70.381
176.41,-11.73,76.246
176.415,-11.73,93.842
176.42000000000002,-5.865,99.707
176.425,-11.73,99.707
176.43,-5.865,99.707
176.435,-5.865,99.707
176.44,-5.865,87.977
176.445,-0.0,82.111
176.45000000000002,-0.0,70.381
176.455,5.865,58.651
176.46,5.865,70.381
176.465,5.865,70.381
176.47,11.73,58.651
176.475,5.865,52.786
176.48,5.865,58.651
176.485,5.865,58.651
176.49,5.865,64.516
176.495,5.865,64.516
176.5,5.865,70.381
176.505,5.865,64.516
176.51,-0.0,58.651
176.51500000000001,-0.0,52.786
176.52,-0.0,46.921
176.525,-0.0,46.921
176.53,-0.0,41.056
176.535,5.865,35.191
176.54,5.865,29.326
176.54500000000002,5.865,23.46
176.55,5.865,23.46
176.555,5.865,23.46
176.56,-0.0,23.46
176.565,5.865,17.595
176.57,5.865,17.595
176.57500000000002,5.865,11.73
176.58,11.73,0.0
176.585,11.73,0.0
176.59,11.73,0.0
176.595,5.865,-11.73
176.6,5.865,-11.73
176.605,5.865,-17.595
176.61,5.865,-17.595
176.615,-0.0,-17.595
176.62,5.865,-17.595
176.625,5.865,-17.595
176.63,5.865,-17.595
176.635,5.865,-11.73
176.64000000000001,5.865,-11.73
176.645,5.865,-5.865
176.65,11.73,0.0
176.655,11.73,-5.865
176.66,11.73,-11.73
176.665,11.73,-17.595
176.67000000000002,11.73,-23.46
176.675,11.73,-29.326
176.68,17.595,-35.191
176.685,11.73,-35.191
176.69,11.73,-35.191
176.695,11.73,-35.191
176.70000000000002,23.46,-35.191
176.705,23.46,-29.326
176.71,17.595,-17.595
176.715,5.865,-17.595
176.72,5.865,-11.73
176.725,-0.0,-5.865
176.73,-0.0,-5.865
176.735,-5.865,0.0
176.74,-5.865,5.865
176.745,-11.73,11.73
176.75,-17.595,11.73
176.755,-17.595,17.595
176.76,-17.595,17.595
176.76500000000001,-17.595,17.595
176.77,-17.595,17.595
176.775,-17.595,23.46
176.78,-11.73,17.595
176.785,-11.73,17.595
176.79,-11.73,11.73
176.79500000000002,-11.73,11.73
176.8,-11.73,5.865
176.805,-11.73,5.865
176.81,-5.865,0.0
176.815,5.865,0.0
176.82,29.326,-5.865
176.82500000000002,11.73,-11.73
176.83,-11.73,-17.595
176.835,-11.73,-23.46
176.84,-11.73,-29.326
176.845,-11.73,-35.191
176.85,-5.865,-35.191
176.855,-0.0,-41.056
176.86,5.865,-41.056
176.865,5.865,-41.056
176.87,-0.0,-41.056
176.875,-5.865,-35.191
176.88,-17.595,-29.326
176.885,-17.595,-29.326
176.89000000000001,-11.73,-29.326
176.895,-5.865,-23.46
176.9,11.73,-17.595
176.905,-5.865,-17.595
176.91,-5.865,-11.73
176.915,-5.865,-23.46
176.92000000000002,-11.73,-29.326
176.925,-29.326,-11.73
176.93,-41.056,0.0
176.935,-46.921,0.0
176.94,11.73,-5.865
176.945,23.46,-11.73
176.95000000000002,-0.0,-11.73
176.955,-11.73,-11.73
176.96,-17.595,-11.73
176.965,-5.865,-5.865
176.97,-11.73,0.0
176.975,-23.46,0.0
176.98,-11.73,0.0
176.985,-5.865,-5.865
176.99,-0.0,-11.73
176.995,-17.595,-23.46
177.0,-29.326,-23.46
177.005,-5.865,-11.73
177.01,5.865,-5.865
177.01500000000001,-5.865,-5.865
177.02,-17.595,0.0
177.025,-17.595,0.0
177.03,-17.595,0.0
177.035,-17.595,0.0
177.04,-17.595,-11.73
177.04500000000002,-0.0,-5.865
177.05,5.865,5.865
177.055,5.865,11.73
177.06,29.326,5.865
177.065,17.595,0.0
177.07,11.73,0.0
177.07500000000002,17.595,-5.865
177.08,23.46,-5.865
177.085,23.46,-5.865
177.09,11.73,-5.865
177.095,5.865,0.0
177.1,5.865,0.0
177.105,5.865,-11.73
177.11,5.865,-17.595
177.115,5.865,-11.73
177.12,11.73,-11.73
177.125,17.595,-11.73
177.13,23.46,-17.595
177.135,17.595,-23.46
177.14000000000001,11.73,-46.921
177.145,11.73,-76.246
177.15,5.865,-82.111
177.155,5.865,-76.246
177.16,5.865,-64.516
177.165,-0.0,-64.516
177.17000000000002,-0.0,-58.651
177.175,-5.865,-52.786
177.18,-17.595,-52.786
177.185,-23.46,-52.786
177.19,-29.326,-46.921
177.195,-29.326,-46.921
177.20000000000002,-35.191,-46.921
177.205,-29.326,-35.191
177.21,-29.326,-29.326
177.215,-23.46,-17.595
177.22,-23.46,-11.73
177.225,-29.326,-11.73
177.23,-35.191,-11.73
177.235,-29.326,-17.595
177.24,-23.46,-23.46
177.245,-35.191,-29.326
177.25,-35.191,-29.326
177.255,-35.191,-29.326
177.26,-35.191,-29.326
177.26500000000001,-29.326,-35.191
177.27,-23.46,-41.056
177.275,-17.595,-41.056
177.28,-11.73,-46.921
177.285,-5.865,-46.921
177.29,-5.865,-52.786
177.29500000000002,-5.865,-52.786
177.3,-5.865,-58.651
177.305,-11.73,-58.651
177.31,-11.73,-64.516
177.315,-17.595,-70.381
177.32,-17.595,-76.246
177.32500000000002,-23.46,-76.246
177.33,-23.46,-70.381
177.335,-17.595,-58.651
177.34,-17.595,-58.651
177.345,-23.46,-52.786
177.35,-17.595,-41.056
177.355,-5.865,-29.326
177.36,-0.0,-23.46
177.365,-5.865,-11.73
177.37,-0.0,-5.865
177.375,-0.0,5.865
177.38,5.865,11.73
177.385,5.865,23.46
177.39000000000001,5.865,35.191
177.395,-0.0,41.056
177.4,-0.0,46.921
177.405,-0.0,52.786
177.41,-0.0,52.786
177.415,-5.865,58.651
177.42000000000002,-5.865,58.651
177.425,-11.73,64.516
177.43,-11.73,64.516
177.435,-11.73,70.381
177.44,-17.595,70.381
177.445,-17.595,64.516
177.45000000000002,-23.46,58.651
177.455,-29.326,46.921
177.46,-29.326,35.191
177.465,-29.326,29.326
177.47,-29.326,23.46
177.475,-29.326,11.73
177.48,-23.46,11.73
177.485,-23.46,11.73
177.49,-17.595,17.595
177.495,-11.73,29.326
177.5,-11.73,41.056
177.505,-5.865,58.651
177.51,-5.865,82.111
177.51500000000001,-0.0,99.707
177.52,-0.0,123.167
177.525,-5.865,140.762
177.53,-17.595,158.358
177.535,-11.73,170.088
177.54,5.865,175.953
177.54500000000002,23.46,181.818
177.55,29.326,181.818
177.555,17.595,181.818
177.56,-11.73,181.818
177.565,-29.326,175.953
177.57,-35.191,170.088
177.57500000000002,-46.921,158.358
177.58,-82.111,146.628
177.585,-82.111,134.897
177.59,-58.651,123.167
177.595,-41.056,111.437
177.6,-17.595,93.842
177.605,-0.0,82.111
177.61,17.595,70.381
177.615,29.326,58.651
177.62,41.056,46.921
177.625,46.921,29.326
177.63,52.786,23.46
177.635,46.921,35.191
177.64000000000001,41.056,46.921
177.645,35.191,70.381
177.65,35.191,93.842
177.655,29.326,123.167
177.66,17.595,146.628
177.665,-0.0,158.358
177.67000000000002,-11.73,175.953
177.675,-29.326,187.683
177.68,-41.056,181.818
177.685,-52.786,170.088
177.69,-58.651,146.628
177.695,-41.056,129.032
177.70000000000002,-11.73,105.572
177.705,5.865,82.111
177.71,23.46,64.516
177.715,41.056,58.651
177.72,41.056,52.786
177.725,35.191,58.651
177.73,29.326,70.381
177.735,23.46,82.111
177.74,23.46,99.707
177.745,17.595,117.302
177.75,17.595,140.762
177.755,23.46,164.223
177.76,29.326,181.818
177.76500000000001,29.326,199.413
177.77,35.191,217.009
177.775,35.191,228.739
177.78,35.191,234.604
177.785,35.191,234.604
177.79,29.326,228.739
177.79500000000002,29.326,217.009
177.8,29.326,205.279
177.805,35.191,193.548
177.81,46.921,175.953
177.815,58.651,152.493
177.82,70.381,129.032
177.82500000000002,87.977,105.572
177.83,105.572,93.842
177.835,123.167,82.111
177.84,134.897,76.246
177.845,134.897,76.246
177.85,134.897,76.246
177.855,123.167,82.111
177.86,105.572,93.842
177.865,76.246,105.572
177.87,46.921,117.302
177.875,5.865,134.897
177.88,-29.326,146.628
177.885,-58.651,152.493
177.89000000000001,-76.246,158.358
177.895,-93.842,158.358
177.9,-105.572,158.358
177.905,-99.707,152.493
177.91,-93.842,140.762
177.915,-87.977,134.897
177.92000000000002,-87.977,123.167
177.925,-87.977,111.437
177.93,-87.977,99.707
177.935,-87.977,82.111
177.94,-87.977,64.516
177.945,-82.111,46.921
177.95000000000002,-70.381,23.46
177.955,-46.921,-5.865
177.96,-17.595,-29.326
177.965,11.73,-52.786
177.97,58.651,-70.381
177.975,82.111,-87.977
177.98,82.111,-99.707
177.985,46.921,-111.437
177.99,-11.73,-129.032
177.995,-82.111,-146.628
178.0,-152.493,-158.358
178.005,-211.144,-175.953
178.01,-240.469,-199.413
178.01500000000001,-246.334,-228.739
178.02,-252.199,-263.93
178.025,-258.064,-299.12
178.03,-258.064,-346.041
178.035,-222.874,-392.962
178.04,-187.683,-445.748
178.04500000000002,-152.493,-486.803
178.05,-146.628,-527.859
178.055,-152.493,-557.185
178.06,-175.953,-563.05
178.065,-181.818,-551.319
178.07,-211.144,-510.264
178.07500000000002,-234.604,-439.883
178.08,-252.199,-351.906
178.085,-252.199,-246.334
178.09,-246.334,-140.762
178.095,-222.874,-46.921
178.1,-181.818,35.191
178.105,-129.032,99.707
178.11,-93.842,146.628
178.115,-70.381,170.088
178.12,-70.381,175.953
178.125,-76.246,175.953
178.13,-76.246,170.088
178.135,-70.381,146.628
178.14000000000001,-58.651,123.167
178.145,-35.191,93.842
178.15,-11.73,76.246
178.155,-5.865,70.381
178.16,-11.73,64.516
178.165,-41.056,58.651
178.17000000000002,-64.516,64.516
178.175,-93.842,58.651
178.18,-111.437,64.516
178.185,-123.167,93.842
178.19,-134.897,129.032
178.195,-158.358,175.953
178.20000000000002,-164.223,211.144
178.205,-164.223,222.874
178.21,-158.358,217.009
178.215,-146.628,199.413
178.22,-129.032,164.223
178.225,-70.381,129.032
178.23,-0.0,111.437
178.235,41.056,111.437
178.24,64.516,105.572
178.245,87.977,93.842
178.25,105.572,76.246
178.255,129.032,64.516
178.26,123.167,46.921
178.26500000000001,117.302,29.326
178.27,87.977,11.73
178.275,52.786,-11.73
178.28,11.73,-46.921
178.285,-29.326,-82.111
178.29,11.73,-111.437
178.29500000000002,70.381,-140.762
178.3,76.246,-158.358
178.305,46.921,-175.953
178.31,-23.46,-175.953
178.315,-58.651,-170.088
178.32,-64.516,-152.493
178.32500000000002,-64.516,-140.762
178.33,-76.246,-129.032
178.335,-87.977,-111.437
178.34,-99.707,-93.842
178.345,-117.302,-70.381
178.35,-129.032,-52.786
178.355,-129.032,-35.191
178.36,-117.302,-23.46
178.365,-111.437,-11.73
178.37,-117.302,-5.865
178.375,-129.032,-11.73
178.38,-117.302,-29.326
178.385,-117.302,-64.516
178.39000000000001,-123.167,-17.595
178.395,-117.302,35.191
178.4,-111.437,29.326
178.405,-105.572,17.595
178.41,-99.707,17.595
178.415,-93.842,23.46
178.42000000000002,-82.111,23.46
178.425,-70.381,23.46
178.43,-58.651,23.46
178.435,-52.786,17.595
178.44,-46.921,17.595
178.445,-46.921,17.595
178.45000000000002,-46.921,17.595
178.455,-46.921,17.595
178.46,-35.191,23.46
178.465,-29.326,35.191
178.47,-17.595,46.921
178.475,-11.73,64.516
178.48,-5.865,82.111
178.485,-0.0,99.707
178.49,5.865,111.437
178.495,11.73,123.167
178.5,23.46,129.032
178.505,29.326,129.032
178.51,29.326,129.032
178.51500000000001,35.191,123.167
178.52,41.056,117.302
178.525,41.056,117.302
178.53,35.191,111.437
178.535,29.326,111.437
178.54,11.73,111.437
178.54500000000002,-0.0,105.572
178.55,-5.865,105.572
178.555,-11.73,99.707
178.56,-17.595,93.842
178.565,-23.46,87.977
178.57,-35.191,82.111
178.57500000000002,-41.056,76.246
178.58,-46.921,76.246
178.585,-52.786,70.381
178.59,-58.651,70.381
178.595,-64.516,70.381
178.6,-70.381,76.246
178.605,-76.246,76.246
178.61,-82.111,82.111
178.615,-87.977,82.111
178.62,-93.842,76.246
178.625,-105.572,76.246
178.63,-111.437,70.381
178.635,-117.302,64.516
178.64000000000001,-123.167,52.786
178.645,-129.032,35.191
178.65,-134.897,23.46
178.655,-134.897,11.73
178.66,-134.897,-5.865
178.665,-134.897,-23.46
178.67000000000002,-134.897,-35.191
178.675,-134.897,-46.921
178.68,-129.032,-58.651
178.685,-129.032,-64.516
178.69,-134.897,-70.381
178.695,-140.762,-70.381
178.70000000000002,-134.897,-70.381
178.705,-134.897,-70.381
178.71,-129.032,-70.381
178.715,-123.167,-64.516
178.72,-117.302,-70.381
178.725,-111.437,-70.381
178.73,-99.707,-70.381
178.735,-82.111,-76.246
178.74,-58.651,-76.246
178.745,-46.921,-76.246
178.75,-41.056,-70.381
178.755,-35.191,-58.651
178.76,-29.326,-52.786
178.76500000000001,-23.46,-35.191
178.77,-11.73,-17.595
178.775,-5.865,0.0
178.78,-0.0,17.595
178.785,-0.0,41.056
178.79,-0.0,58.651
178.79500000000002,5.865,76.246
178.8,11.73,93.842
178.805,17.595,105.572
178.81,23.46,117.302
178.815,23.46,123.167
178.82,23.46,123.167
178.82500000000002,29.326,123.167
178.83,29.326,123.167
178.835,29.326,117.302
178.84,29.326,111.437
178.845,29.326,105.572
178.85,35.191,99.707
178.855,41.056,93.842
178.86,41.056,93.842
178.865,41.056,93.842
178.87,41.056,99.707
178.875,41.056,99.707
178.88,35.191,105.572
178.885,35.191,117.302
178.89000000000001,35.191,117.302
178.895,35.191,129.032
178.9,35.191,129.032
178.905,41.056,134.897
178.91,46.921,134.897
178.915,46.921,140.762
178.92000000000002,52.786,140.762
178.925,52.786,134.897
178.93,52.786,134.897
178.935,52.786,134.897
178.94,52.786,129.032
178.945,52.786,129.032
178.95000000000002,52.786,123.167
178.955,46.921,117.302
178.96,46.921,111.437
178.965,46.921,111.437
178.97,46.921,111.437
178.975,46.921,105.572
178.98,41.056,105.572
178.985,41.056,99.707
178.99,41.056,99.707
178.995,35.191,99.707
179.0,35.191,99.707
179.005,29.326,99.707
179.01,23.46,105.572
179.01500000000001,11.73,105.572
179.02,5.865,105.572
179.025,-0.0,105.572
179.03,-0.0,105.572
179.035,-5.865,105.572
179.04,-5.865,99.707
179.04500000000002,-5.865,93.842
179.05,-5.865,87.977
179.055,-0.0,87.977
179.06,-0.0,82.111
179.065,5.865,82.111
179.07,11.73,87.977
179.07500000000002,17.595,93.842
179.08,23.46,99.707
179.085,29.326,105.572
179.09,29.326,105.572
179.095,29.326,111.437
179.1,29.326,117.302
179.105,35.191,117.302
179.11,29.326,117.302
179.115,29.326,117.302
179.12,23.46,117.302
179.125,11.73,111.437
179.13,-0.0,105.572
179.135,-11.73,93.842
179.14000000000001,-23.46,87.977
179.145,-35.191,76.246
179.15,-46.921,70.381
179.155,-52.786,58.651
179.16,-58.651,52.786
179.165,-64.516,46.921
179.17000000000002,-64.516,46.921
179.175,-70.381,46.921
179.18,-76.246,46.921
179.185,-82.111,52.786
179.19,-82.111,58.651
179.195,-87.977,70.381
179.20000000000002,-93.842,82.111
179.205,-93.842,87.977
179.21,-99.707,99.707
179.215,-105.572,105.572
179.22,-111.437,111.437
179.225,-123.167,111.437
179.23,-129.032,111.437
179.235,-134.897,105.572
179.24,-140.762,93.842
179.245,-140.762,82.111
179.25,-140.762,70.381
179.255,-140.762,52.786
179.26,-140.762,41.056
179.26500000000001,-140.762,23.46
179.27,-146.628,11.73
179.275,-146.628,0.0
179.28,-152.493,-11.73
179.285,-152.493,-17.595
179.29,-158.358,-17.595
179.29500000000002,-158.358,-17.595
179.3,-158.358,-5.865
179.305,-152.493,5.865
179.31,-152.493,17.595
179.315,-152.493,35.191
179.32,-152.493,46.921
179.32500000000002,-152.493,58.651
179.33,-152.493,70.381
179.335,-152.493,70.381
179.34,-152.493,70.381
179.345,-152.493,58.651
179.35,-152.493,52.786
179.355,-152.493,41.056
179.36,-152.493,29.326
179.365,-152.493,17.595
179.37,-140.762,5.865
179.375,-129.032,0.0
179.38,-117.302,-5.865
179.385,-105.572,-11.73
179.39000000000001,-93.842,-11.73
179.395,-87.977,-11.73
179.4,-76.246,-11.73
179.405,-58.651,-17.595
179.41,-41.056,-23.46
179.415,-17.595,-29.326
179.42000000000002,5.865,-35.191
179.425,29.326,-35.191
179.43,35.191,-29.326
179.435,41.056,-17.595
179.44,52.786,-5.865
179.445,52.786,11.73
179.45000000000002,58.651,23.46
179.455,58.651,41.056
179.46,52.786,46.921
179.465,52.786,58.651
179.47,46.921,58.651
179.475,41.056,64.516
179.48,35.191,64.516
179.485,29.326,58.651
179.49,23.46,52.786
179.495,17.595,46.921
179.5,17.595,35.191
179.505,17.595,23.46
179.51,23.46,11.73
179.51500000000001,29.326,5.865
179.52,35.191,0.0
179.525,41.056,0.0
179.53,46.921,5.865
179.535,46.921,11.73
179.54,46.921,29.326
179.54500000000002,52.786,46.921
179.55,46.921,64.516
179.555,41.056,82.111
179.56,41.056,99.707
179.565,35.191,111.437
179.57,35.191,117.302
179.57500000000002,29.326,117.302
179.58,29.326,117.302
179.585,35.191,111.437
179.59,35.191,111.437
179.595,35.191,105.572
179.6,41.056,99.707
179.605,46.921,93.842
179.61,52.786,82.111
179.615,58.651,76.246
179.62,58.651,70.381
179.625,58.651,64.516
179.63,46.921,52.786
179.635,35.191,46.921
179.64000000000001,23.46,41.056
179.645,17.595,35.191
179.65,11.73,29.326
179.655,11.73,23.46
179.66,5.865,23.46
179.665,5.865,23.46
179.67000000000002,5.865,23.46
179.675,5.865,23.46
179.68,11.73,29.326
179.685,11.73,35.191
179.69,11.73,35.191
179.695,5.865,41.056
179.70000000000002,5.865,41.056
179.705,-0.0,41.056
179.71,-0.0,41.056
179.715,-0.0,35.191
179.72,5.865,23.46
179.725,11.73,17.595
179.73,29.326,5.865
179.735,46.921,0.0
179.74,64.516,-5.865
179.745,82.111,-11.73
179.75,87.977,-17.595
179.755,82.111,-17.595
179.76,76.246,-11.73
179.76500000000001,64.516,-5.865
179.77,58.651,5.865
179.775,58.651,17.595
179.78,52.786,29.326
179.785,46.921,41.056
179.79,41.056,52.786
179.79500000000002,29.326,70.381
179.8,17.595,76.246
179.805,-0.0,87.977
179.81,-17.595,99.707
179.815,-29.326,105.572
179.82,-35.191,111.437
179.82500000000002,-41.056,117.302
179.83,-35.191,117.302
179.835,-29.326,117.302
179.84,-29.326,111.437
179.845,-23.46,105.572
179.85,-11.73,93.842
179.855,-0.0,87.977
179.86,11.73,82.111
179.865,35.191,76.246
179.87,52.786,64.516
179.875,58.651,58.651
179.88,64.516,52.786
179.885,76.246,46.921
179.89000000000001,87.977,41.056
179.895,99.707,41.056
179.9,99.707,41.056
179.905,99.707,46.921
179.91,93.842,46.921
179.915,87.977,52.786
179.92000000000002,82.111,46.921
179.925,76.246,41.056
179.93,87.977,29.326
179.935,93.842,11.73
179.94,93.842,-5.865
179.945,87.977,-23.46
179.95000000000002,76.246,-35.191
179.955,70.381,-52.786
179.96,52.786,-58.651
179.965,46.921,-64.516
179.97,35.191,-70.381
179.975,29.326,-76.246
179.98,23.46,-82.111
179.985,17.595,-82.111
179.99,11.73,-82.111
179.995,11.73,-82.111
180.0,5.865,-76.246
180.005,-0.0,-64.516
180.01,-0.0,-58.651
180.01500000000001,-5.865,-46.921
180.02,-5.865,-41.056
180.025,-5.865,-29.326
180.03,-5.865,-35.191
180.035,-5.865,-46.921
180.04,-5.865,-52.786
180.04500000000002,-11.73,-52.786
180.05,-11.73,-46.921
180.055,-17.595,-35.191
180.06,-23.46,-23.46
180.065,-29.326,0.0
180.07,-41.056,11.73
180.07500000000002,-46.921,23.46
180.08,-46.921,29.326
180.085,-52.786,29.326
180.09,-58.651,35.191
180.095,-58.651,29.326
180.1,-70.381,23.46
180.105,-76.246,23.46
180.11,-82.111,23.46
180.115,-82.111,23.46
180.12,-99.707,29.326
180.125,-111.437,35.191
180.13,-123.167,46.921
180.135,-123.167,52.786
180.14000000000001,-117.302,52.786
180.145,-105.572,52.786
180.15,-82.111,52.786
180.155,-82.111,41.056
180.16,-76.246,35.191
180.165,-76.246,29.326
180.17000000000002,-82.111,29.326
180.175,-82.111,35.191
180.18,-76.246,41.056
180.185,-70.381,52.786
180.19,-70.381,64.516
180.195,-76.246,76.246
180.20000000000002,-70.381,93.842
180.205,-64.516,123.167
180.21,-58.651,158.358
180.215,-46.921,187.683
180.22,-29.326,217.009
180.225,-17.595,222.874
180.23,-0.0,222.874
180.235,5.865,217.009
180.24,23.46,222.874
180.245,35.191,234.604
180.25,46.921,246.334
180.255,58.651,252.199
180.26,64.516,252.199
180.26500000000001,70.381,246.334
180.27,76.246,240.469
180.275,82.111,222.874
180.28,87.977,205.279
180.285,87.977,181.818
180.29,87.977,158.358
180.29500000000002,82.111,134.897
180.3,70.381,117.302
180.305,64.516,99.707
180.31,52.786,82.111
180.315,46.921,58.651
180.32,35.191,35.191
180.32500000000002,23.46,5.865
180.33,5.865,-29.326
180.335,-5.865,-52.786
180.34,-17.595,-76.246
180.345,-29.326,-87.977
180.35,-35.191,-99.707
180.355,-46.921,-111.437
180.36,-46.921,-129.032
180.365,-46.921,-140.762
180.37,-46.921,-152.493
180.375,-41.056,-164.223
180.38,-29.326,-164.223
180.385,-23.46,-164.223
180.39000000000001,-11.73,-158.358
180.395,-5.865,-152.493
180.4,-0.0,-140.762
180.405,11.73,-129.032
180.41,23.46,-117.302
180.415,29.326,-105.572
180.42000000000002,29.326,-87.977
180.425,23.46,-76.246
180.43,5.865,-64.516
180.435,-17.595,-52.786
180.44,-23.46,-46.921
180.445,-29.326,-46.921
180.45000000000002,-35.191,-46.921
180.455,-41.056,-46.921
180.46,-35.191,-46.921
180.465,-46.921,-46.921
180.47,-58.651,-46.921
180.475,-58.651,-52.786
180.48,-58.651,-58.651
180.485,-52.786,-64.516
180.49,-52.786,-64.516
180.495,-52.786,-64.516
180.5,-41.056,-58.651
180.505,-11.73,-52.786
180.51,35.191,-46.921
180.51500000000001,52.786,-35.191
180.52,46.921,-23.46
180.525,29.326,-5.865
180.53,35.191,11.73
180.535,46.921,29.326
180.54,46.921,52.786
180.54500000000002,35.191,64.516
180.55,35.191,70.381
180.555,29.326,70.381
180.56,29.326,64.516
180.565,29.326,64.516
180.57,35.191,64.516
180.57500000000002,41.056,64.516
180.58,41.056,70.381
180.585,46.921,82.111
180.59,52.786,93.842
180.595,46.921,105.572
180.6,52.786,111.437
180.605,52.786,111.437
180.61,58.651,105.572
180.615,58.651,87.977
180.62,64.516,82.111
180.625,64.516,70.381
180.63,64.516,64.516
180.635,58.651,52.786
180.64000000000001,58.651,41.056
180.645,64.516,35.191
180.65,58.651,23.46
180.655,58.651,17.595
180.66,52.786,17.595
180.665,52.786,17.595
180.67000000000002,46.921,23.46
180.675,46.921,29.326
180.68,41.056,35.191
180.685,41.056,46.921
180.69,35.191,52.786
180.695,35.191,58.651
180.70000000000002,35.191,58.651
180.705,35.191,58.651
180.71,35.191,58.651
180.715,35.191,58.651
180.72,35.191,52.786
180.725,29.326,46.921
180.73,17.595,35.191
180.735,5.865,29.326
180.74,-0.0,23.46
180.745,-5.865,17.595
180.75,-11.73,5.865
180.755,-5.865,0.0
180.76,-5.865,-5.865
180.76500000000001,-5.865,-5.865
180.77,5.865,0.0
180.775,-0.0,5.865
180.78,-0.0,11.73
180.785,-5.865,11.73
180.79,-11.73,11.73
180.79500000000002,-17.595,11.73
180.8,-23.46,5.865
180.805,-29.326,5.865
180.81,-41.056,0.0
180.815,-41.056,-5.865
180.82,-41.056,-5.865
180.82500000000002,-29.326,-5.865
180.83,-29.326,-11.73
180.835,-23.46,-11.73
180.84,-11.73,-5.865
180.845,-5.865,0.0
180.85,-0.0,11.73
180.855,-0.0,17.595
180.86,-5.865,23.46
180.865,-5.865,29.326
180.87,-5.865,35.191
180.875,-5.865,35.191
180.88,-11.73,41.056
180.885,-11.73,35.191
180.89000000000001,-17.595,35.191
180.895,-23.46,35.191
180.9,-29.326,29.326
180.905,-29.326,23.46
180.91,-23.46,11.73
180.915,-29.326,11.73
180.92000000000002,-41.056,11.73
180.925,-52.786,11.73
180.93,-105.572,11.73
180.935,-129.032,5.865
180.94,-64.516,0.0
180.945,-76.246,-5.865
180.95000000000002,-52.786,-17.595
180.955,-17.595,-29.326
180.96,23.46,-35.191
180.965,35.191,-46.921
180.97,35.191,-58.651
180.975,35.191,-64.516
180.98,23.46,-76.246
180.985,5.865,-82.111
180.99,-0.0,-87.977
180.995,-5.865,-93.842
181.0,-5.865,-99.707
181.005,-5.865,-93.842
181.01,-5.865,-93.842
181.01500000000001,-11.73,-87.977
181.02,-17.595,-76.246
181.025,-29.326,-52.786
181.03,-29.326,-35.191
181.035,-29.326,-46.921
181.04,-29.326,-35.191
181.04500000000002,-29.326,-29.326
181.05,-35.191,-35.191
181.055,-41.056,-41.056
181.06,-52.786,-41.056
181.065,-58.651,-41.056
181.07,-58.651,-41.056
181.07500000000002,-58.651,-41.056
181.08,-58.651,-41.056
181.085,-58.651,-52.786
181.09,-58.651,-64.516
181.095,-52.786,-76.246
181.1,-58.651,-93.842
181.105,-64.516,-117.302
181.11,-70.381,-140.762
181.115,-76.246,-164.223
181.12,-82.111,-193.548
181.125,-82.111,-222.874
181.13,-76.246,-240.469
181.135,-70.381,-263.93
181.14000000000001,-41.056,-281.525
181.145,-11.73,-293.255
181.15,-0.0,-304.985
181.155,5.865,-310.85
181.16,17.595,-316.715
181.165,29.326,-316.715
181.17000000000002,29.326,-316.715
181.175,23.46,-299.12
181.18,23.46,-281.525
181.185,23.46,-252.199
181.19,17.595,-217.009
181.195,11.73,-175.953
181.20000000000002,5.865,-134.897
181.205,-0.0,-93.842
181.21,-5.865,-58.651
181.215,-0.0,-35.191
181.22,11.73,-17.595
181.225,23.46,-11.73
181.23,29.326,-11.73
181.235,41.056,-35.191
181.24,52.786,-58.651
181.245,52.786,-87.977
181.25,52.786,-123.167
181.255,46.921,-152.493
181.26,41.056,-181.818
181.26500000000001,29.326,-199.413
181.27,17.595,-205.279
181.275,5.865,-199.413
181.28,-5.865,-175.953
181.285,-11.73,-134.897
181.29,-17.595,-82.111
181.29500000000002,-11.73,-29.326
181.3,-5.865,17.595
181.305,5.865,64.516
181.31,11.73,99.707
181.315,11.73,123.167
181.32,17.595,134.897
181.32500000000002,23.46,129.032
181.33,29.326,117.302
181.335,41.056,99.707
181.34,41.056,70.381
181.345,52.786,41.056
181.35,58.651,11.73
181.355,64.516,-11.73
181.36,70.381,-23.46
181.365,70.381,-29.326
181.37,76.246,-23.46
181.375,82.111,-17.595
181.38,93.842,-5.865
181.385,99.707,11.73
181.39000000000001,99.707,29.326
181.395,93.842,46.921
181.4,87.977,64.516
181.405,87.977,76.246
181.41,87.977,87.977
181.415,87.977,93.842
181.42000000000002,87.977,99.707
181.425,93.842,99.707
181.43,99.707,99.707
181.435,105.572,99.707
181.44,105.572,99.707
181.445,105.572,93.842
181.45000000000002,105.572,82.111
181.455,99.707,70.381
181.46,99.707,58.651
181.465,93.842,46.921
181.47,93.842,41.056
181.475,99.707,35.191
181.48,111.437,29.326
181.485,123.167,23.46
181.49,140.762,17.595
181.495,152.493,17.595
181.5,158.358,11.73
181.505,158.358,11.73
181.51,146.628,5.865
181.51500000000001,140.762,0.0
181.52,129.032,-5.865
181.525,117.302,-11.73
181.53,99.707,-17.595
181.535,82.111,-29.326
181.54,76.246,-35.191
181.54500000000002,76.246,-41.056
181.55,76.246,-41.056
181.555,82.111,-41.056
181.56,82.111,-46.921
181.565,87.977,-52.786
181.57,99.707,-58.651
181.57500000000002,105.572,-58.651
181.58,111.437,-58.651
181.585,111.437,-58.651
181.59,105.572,-64.516
181.595,105.572,-87.977
181.6,105.572,-99.707
181.605,93.842,-105.572
181.61,82.111,-111.437
181.615,76.246,-123.167
181.62,70.381,-129.032
181.625,70.381,-123.167
181.63,70.381,-93.842
181.635,70.381,-46.921
181.64000000000001,70.381,0.0
181.645,76.246,46.921
181.65,82.111,76.246
181.655,82.111,99.707
181.66,82.111,99.707
181.665,82.111,93.842
181.67000000000002,82.111,76.246
181.675,82.111,64.516
181.68,76.246,46.921
181.685,70.381,35.191
181.69,70.381,35.191
181.695,64.516,35.191
181.70000000000002,70.381,35.191
181.705,70.381,23.46
181.71,70.381,17.595
181.715,70.381,5.865
181.72,76.246,0.0
181.725,87.977,0.0
181.73,93.842,0.0
181.735,99.707,-5.865
181.74,105.572,0.0
181.745,105.572,5.865
181.75,111.437,5.865
181.755,117.302,0.0
181.76,123.167,0.0
181.76500000000001,123.167,-5.865
181.77,129.032,-5.865
181.775,134.897,-11.73
181.78,134.897,-17.595
181.785,134.897,-23.46
181.79,134.897,-29.326
181.79500000000002,134.897,-35.191
181.8,129.032,-41.056
181.805,123.167,-41.056
181.81,123.167,-52.786
181.815,117.302,-58.651
181.82,117.302,-58.651
181.82500000000002,105.572,-64.516
181.83,105.572,-64.516
181.835,99.707,-64.516
181.84,93.842,-58.651
181.845,87.977,-58.651
181.85,82.111,-58.651
181.855,82.111,-52.786
181.86,76.246,-46.921
181.865,76.246,-41.056
181.87,70.381,-35.191
181.875,70.381,-29.326
181.88,70.381,-23.46
181.885,70.381,-11.73
181.89000000000001,64.516,-5.865
181.895,64.516,0.0
181.9,64.516,5.865
181.905,70.381,17.595
181.91,70.381,23.46
181.915,70.381,35.191
181.92000000000002,70.381,41.056
181.925,70.381,46.921
181.93,70.381,58.651
181.935,76.246,64.516
181.94,76.246,64.516
181.945,82.111,64.516
181.95000000000002,87.977,64.516
181.955,99.707,58.651
181.96,99.707,52.786
181.965,93.842,46.921
181.97,82.111,41.056
181.975,82.111,41.056
181.98,76.246,41.056
181.985,58.651,46.921
181.99,52.786,46.921
181.995,52.786,52.786
182.0,52.786,52.786
182.005,52.786,58.651
182.01,52.786,64.516
182.01500000000001,52.786,64.516
182.02,64.516,64.516
182.025,64.516,58.651
182.03,76.246,46.921
182.035,82.111,46.921
182.04,87.977,41.056
182.04500000000002,93.842,35.191
182.05,93.842,35.191
182.055,93.842,29.326
182.06,93.842,29.326
182.065,93.842,35.191
182.07,87.977,35.191
182.07500000000002,82.111,29.326
182.08,70.381,23.46
182.085,64.516,29.326
182.09,64.516,29.326
182.095,64.516,29.326
182.1,64.516,35.191
182.105,58.651,46.921
182.11,58.651,46.921
182.115,58.651,46.921
182.12,58.651,46.921
182.125,64.516,46.921
182.13,64.516,46.921
182.135,64.516,35.191
182.14000000000001,64.516,29.326
182.145,76.246,29.326
182.15,76.246,29.326
182.155,76.246,29.326
182.16,64.516,29.326
182.165,46.921,35.191
182.17000000000002,41.056,35.191
182.175,41.056,35.191
182.18,35.191,35.191
182.185,29.326,35.191
182.19,23.46,35.191
182.195,23.46,35.191
182.20000000000002,29.326,29.326
182.205,46.921,29.326
182.21,58.651,29.326
182.215,41.056,29.326
182.22,23.46,29.326
182.225,11.73,23.46
182.23,17.595,23.46
182.235,17.595,17.595
182.24,17.595,17.595
182.245,5.865,11.73
182.25,-0.0,5.865
182.255,-0.0,5.865
182.26,11.73,5.865
182.26500000000001,23.46,5.865
182.27,35.191,0.0
182.275,41.056,-5.865
182.28,52.786,0.0
182.285,58.651,5.865
182.29,52.786,17.595
182.29500000000002,35.191,23.46
182.3,11.73,29.326
182.305,-5.865,29.326
182.31,-17.595,11.73
182.315,-11.73,5.865
182.32,-5.865,5.865
182.32500000000002,-5.865,5.865
182.33,-0.0,0.0
182.335,5.865,-5.865
182.34,11.73,-17.595
182.345,17.595,-23.46
182.35,23.46,-29.326
182.355,23.46,-35.191
182.36,23.46,-41.056
182.365,5.865,-41.056
182.37,-11.73,-46.921
182.375,-23.46,-41.056
182.38,-17.595,-35.191
182.385,-23.46,-29.326
182.39000000000001,-23.46,-17.595
182.395,-29.326,-11.73
182.4,-35.191,0.0
182.405,-29.326,-5.865
182.41,-23.46,-11.73
182.415,-17.595,-17.595
182.42000000000002,-17.595,-17.595
182.425,-11.73,-17.595
182.43,-0.0,-17.595
182.435,11.73,-17.595
182.44,17.595,-17.595
182.445,23.46,-5.865
182.45000000000002,23.46,5.865
182.455,11.73,11.73
182.46,-5.865,11.73
182.465,-23.46,0.0
182.47,-35.191,-11.73
182.475,-46.921,-11.73
182.48,-58.651,-11.73
182.485,-64.516,-11.73
182.49,-64.516,0.0
182.495,-64.516,17.595
182.5,-70.381,23.46
182.505,-82.111,41.056
182.51,-82.111,46.921
182.51500000000001,-70.381,58.651
182.52,-64.516,70.381
182.525,-58.651,82.111
182.53,-58.651,87.977
182.535,-52.786,87.977
182.54,-46.921,82.111
182.54500000000002,-41.056,76.246
182.55,-41.056,64.516
182.555,-35.191,58.651
182.56,-29.326,46.921
182.565,-29.326,46.921
182.57,-17.595,41.056
182.57500000000002,-11.73,29.326
182.58,-0.0,23.46
182.585,11.73,11.73
182.59,23.46,0.0
182.595,23.46,-5.865
182.6,23.46,-17.595
182.605,17.595,-29.326
182.61,5.865,-41.056
182.615,5.865,-52.786
182.62,5.865,-52.786
182.625,5.865,-52.786
182.63,11.73,-52.786
182.635,23.46,-52.786
182.64000000000001,29.326,-52.786
182.645,41.056,-52.786
182.65,46.921,-52.786
182.655,58.651,-46.921
182.66,70.381,-41.056
182.665,82.111,-29.326
182.67000000000002,105.572,-17.595
182.675,123.167,-5.865
182.68,105.572,0.0
182.685,93.842,0.0
182.69,87.977,0.0
182.695,87.977,0.0
182.70000000000002,87.977,0.0
182.705,87.977,0.0
182.71,87.977,0.0
182.715,76.246,0.0
182.72,64.516,0.0
182.725,64.516,5.865
182.73,58.651,5.865
182.735,46.921,5.865
182.74,41.056,5.865
182.745,41.056,11.73
182.75,41.056,17.595
182.755,35.191,23.46
182.76,35.191,23.46
182.76500000000001,23.46,11.73
182.77,11.73,5.865
182.775,-0.0,5.865
182.78,-11.73,5.865
182.785,-17.595,11.73
182.79,-17.595,17.595
182.79500000000002,-17.595,17.595
182.8,-17.595,17.595
182.805,-17.595,17.595
182.81,-23.46,11.73
182.815,-23.46,11.73
182.82,-29.326,0.0
182.82500000000002,-29.326,-5.865
182.83,-35.191,-11.73
182.835,-35.191,-5.865
182.84,-35.191,5.865
182.845,-41.056,11.73
182.85,-46.921,17.595
182.855,-52.786,23.46
182.86,-64.516,23.46
182.865,-70.381,29.326
182.87,-76.246,35.191
182.875,-82.111,35.191
182.88,-87.977,35.191
182.885,-99.707,35.191
182.89000000000001,-105.572,35.191
182.895,-105.572,29.326
182.9,-105.572,29.326
182.905,-111.437,23.46
182.91,-105.572,11.73
182.915,-105.572,5.865
182.92000000000002,-105.572,-5.865
182.925,-111.437,-11.73
182.93,-105.572,-23.46
182.935,-105.572,-29.326
182.94,-105.572,-41.056
182.945,-105.572,-46.921
182.95000000000002,-105.572,-52.786
182.955,-99.707,-52.786
182.96,-99.707,-58.651
182.965,-99.707,-64.516
182.97,-99.707,-70.381
182.975,-99.707,-76.246
182.98,-99.707,-76.246
182.985,-105.572,-82.111
182.99,-105.572,-87.977
182.995,-105.572,-87.977
183.0,-99.707,-87.977
183.005,-99.707,-87.977
183.01,-93.842,-87.977
183.01500000000001,-93.842,-87.977
183.02,-87.977,-87.977
183.025,-82.111,-87.977
183.03,-82.111,-87.977
183.035,-70.381,-82.111
183.04,-64.516,-82.111
183.04500000000002,-64.516,-76.246
183.05,-64.516,-70.381
183.055,-64.516,-70.381
183.06,-58.651,-64.516
183.065,-58.651,-64.516
183.07,-52.786,-58.651
183.07500000000002,-52.786,-52.786
183.08,-52.786,-52.786
183.085,-52.786,-52.786
183.09,-52.786,-64.516
183.095,-58.651,-70.381
183.1,-58.651,-76.246
183.105,-58.651,-70.381
183.11,-64.516,-70.381
183.115,-58.651,-64.516
183.12,-58.651,-58.651
183.125,-58.651,-52.786
183.13,-64.516,-46.921
183.135,-64.516,-41.056
183.14000000000001,-64.516,-35.191
183.145,-64.516,-29.326
183.15,-64.516,-17.595
183.155,-58.651,-17.595
183.16,-64.516,-11.73
183.165,-70.381,-11.73
183.17000000000002,-76.246,-11.73
183.175,-82.111,-11.73
183.18,-82.111,-11.73
183.185,-87.977,-11.73
183.19,-87.977,-11.73
183.195,-87.977,-11.73
183.20000000000002,-99.707,-11.73
183.205,-82.111,-11.73
183.21,-76.246,-17.595
183.215,-93.842,-17.595
183.22,-93.842,-11.73
183.225,-99.707,-11.73
183.23,-99.707,-11.73
183.235,-105.572,-17.595
183.24,-111.437,-23.46
183.245,-123.167,-23.46
183.25,-134.897,-29.326
183.255,-140.762,-29.326
183.26,-146.628,-35.191
183.26500000000001,-152.493,-41.056
183.27,-158.358,-52.786
183.275,-158.358,-52.786
183.28,-158.358,-52.786
183.285,-152.493,-46.921
183.29,-140.762,-41.056
183.29500000000002,-134.897,-41.056
183.3,-134.897,-35.191
183.305,-117.302,-35.191
183.31,-111.437,-17.595
183.315,-111.437,-5.865
183.32,-117.302,-5.865
183.32500000000002,-117.302,0.0
183.33,-123.167,5.865
183.335,-123.167,5.865
183.34,-134.897,11.73
183.345,-140.762,11.73
183.35,-146.628,11.73
183.355,-152.493,17.595
183.36,-152.493,23.46
183.365,-152.493,29.326
183.37,-146.628,41.056
183.375,-134.897,58.651
183.38,-134.897,76.246
183.385,-129.032,93.842
183.39000000000001,-117.302,117.302
183.395,-99.707,134.897
183.4,-87.977,146.628
183.405,-70.381,152.493
183.41,-58.651,140.762
183.415,-52.786,129.032
183.42000000000002,-52.786,117.302
183.425,-46.921,99.707
183.43,-41.056,87.977
183.435,-29.326,82.111
183.44,-41.056,76.246
183.445,-52.786,76.246
183.45000000000002,-41.056,82.111
183.455,-46.921,87.977
183.46,-58.651,93.842
183.465,-52.786,99.707
183.47,-52.786,111.437
183.475,-58.651,117.302
183.48,-52.786,117.302
183.485,-41.056,111.437
183.49,-46.921,99.707
183.495,-52.786,87.977
183.5,-52.786,76.246
183.505,-58.651,64.516
183.51,-64.516,58.651
183.51500000000001,-64.516,52.786
183.52,-70.381,52.786
183.525,-76.246,46.921
183.53,-76.246,46.921
183.535,-76.246,35.191
183.54,-76.246,35.191
183.54500000000002,-82.111,29.326
183.55,-82.111,29.326
183.555,-87.977,29.326
183.56,-82.111,35.191
183.565,-76.246,41.056
183.57,-70.381,46.921
183.57500000000002,-64.516,52.786
183.58,-58.651,58.651
183.585,-46.921,52.786
183.59,-35.191,58.651
183.595,-29.326,52.786
183.6,-23.46,41.056
183.605,-23.46,29.326
183.61,-23.46,17.595
183.615,-17.595,0.0
183.62,-17.595,-17.595
183.625,-17.595,-35.191
183.63,-17.595,-41.056
183.635,-11.73,-41.056
183.64000000000001,-11.73,-41.056
183.645,-11.73,-29.326
183.65,-11.73,-17.595
183.655,-5.865,-5.865
183.66,-0.0,0.0
183.665,5.865,5.865
183.67000000000002,11.73,5.865
183.675,17.595,5.865
183.68,23.46,11.73
183.685,29.326,17.595
183.69,35.191,23.46
183.695,41.056,29.326
183.70000000000002,46.921,35.191
183.705,52.786,41.056
183.71,58.651,41.056
183.715,64.516,35.191
183.72,70.381,23.46
183.725,82.111,11.73
183.73,82.111,5.865
183.735,87.977,5.865
183.74,87.977,5.865
183.745,82.111,0.0
183.75,76.246,0.0
183.755,76.246,0.0
183.76,76.246,0.0
183.76500000000001,76.246,5.865
183.77,82.111,11.73
183.775,87.977,17.595
183.78,99.707,23.46
183.785,105.572,29.326
183.79,117.302,29.326
183.79500000000002,123.167,29.326
183.8,123.167,35.191
183.805,111.437,41.056
183.81,105.572,41.056
183.815,93.842,46.921
183.82,82.111,41.056
183.82500000000002,70.381,46.921
183.83,64.516,52.786
183.835,58.651,58.651
183.84,52.786,58.651
183.845,46.921,58.651
183.85,41.056,52.786
183.855,41.056,46.921
183.86,35.191,41.056
183.865,35.191,29.326
183.87,41.056,17.595
183.875,41.056,5.865
183.88,46.921,5.865
183.885,46.921,5.865
183.89000000000001,52.786,11.73
183.895,52.786,17.595
183.9,58.651,23.46
183.905,52.786,29.326
183.91,41.056,35.191
183.915,35.191,35.191
183.92000000000002,29.326,35.191
183.925,23.46,23.46
183.93,23.46,11.73
183.935,23.46,5.865
183.94,17.595,0.0
183.945,23.46,0.0
183.95000000000002,17.595,5.865
183.955,17.595,11.73
183.96,11.73,17.595
183.965,11.73,29.326
183.97,5.865,41.056
183.975,-0.0,52.786
183.98,-5.865,58.651
183.985,-11.73,64.516
183.99,-17.595,64.516
183.995,-17.595,64.516
184.0,-17.595,64.516
184.005,-17.595,70.381
184.01,-17.595,70.381
184.01500000000001,-17.595,64.516
184.02,-5.865,58.651
184.025,-5.865,52.786
184.03,-5.865,46.921
184.035,-0.0,46.921
184.04,-0.0,46.921
184.04500000000002,-5.865,46.921
184.05,-11.73,46.921
184.055,-17.595,46.921
184.06,-23.46,46.921
184.065,-29.326,46.921
184.07,-35.191,46.921
184.07500000000002,-41.056,46.921
184.08,-46.921,46.921
184.085,-52.786,52.786
184.09,-52.786,52.786
184.095,-52.786,58.651
184.1,-52.786,64.516
184.105,-46.921,70.381
184.11,-41.056,76.246
184.115,-29.326,82.111
184.12,-17.595,87.977
184.125,-0.0,99.707
184.13,5.865,105.572
184.135,23.46,111.437
184.14000000000001,29.326,111.437
184.145,35.191,111.437
184.15,41.056,105.572
184.155,46.921,99.707
184.16,46.921,93.842
184.165,52.786,87.977
184.17000000000002,52.786,76.246
184.175,52.786,64.516
184.18,52.786,58.651
184.185,58.651,58.651
184.19,64.516,52.786
184.195,70.381,52.786
184.20000000000002,76.246,52.786
184.205,76.246,52.786
184.21,82.111,52.786
184.215,82.111,64.516
184.22,82.111,70.381
184.225,76.246,70.381
184.23,70.381,82.111
184.235,64.516,82.111
184.24,58.651,87.977
184.245,52.786,82.111
184.25,46.921,70.381
184.255,46.921,64.516
184.26,41.056,52.786
184.26500000000001,41.056,35.191
184.27,35.191,23.46
184.275,35.191,5.865
184.28,29.326,-11.73
184.285,29.326,-17.595
184.29,23.46,-29.326
184.29500000000002,29.326,-35.191
184.3,29.326,-35.191
184.305,23.46,-35.191
184.31,23.46,-35.191
184.315,17.595,-41.056
184.32,23.46,-46.921
184.32500000000002,23.46,-52.786
184.33,23.46,-58.651
184.335,29.326,-64.516
184.34,35.191,-70.381
184.345,29.326,-70.381
184.35,23.46,-76.246
184.355,23.46,-76.246
184.36,17.595,-76.246
184.365,-0.0,-70.381
184.37,-23.46,-64.516
184.375,-35.191,-58.651
184.38,-41.056,-46.921
184.385,-41.056,-35.191
184.39000000000001,-29.326,-29.326
184.395,-23.46,-23.46
184.4,-29.326,-17.595
184.405,-29.326,-11.73
184.41,-23.46,-5.865
184.415,-11.73,0.0
184.42000000000002,-5.865,0.0
184.425,-0.0,0.0
184.43,5.865,-11.73
184.435,5.865,-29.326
184.44,5.865,-46.921
184.445,11.73,-64.516
184.45000000000002,23.46,-93.842
184.455,29.326,-111.437
184.46,35.191,-111.437
184.465,41.056,-99.707
184.47,46.921,-99.707
184.475,52.786,-99.707
184.48,52.786,-99.707
184.485,52.786,-93.842
184.49,52.786,-87.977
184.495,52.786,-76.246
184.5,46.921,-64.516
184.505,46.921,-46.921
184.51,41.056,-35.191
184.51500000000001,41.056,-17.595
184.52,41.056,-11.73
184.525,46.921,-5.865
184.53,46.921,-11.73
184.535,46.921,-11.73
184.54,52.786,-17.595
184.54500000000002,58.651,-29.326
184.55,64.516,-35.191
184.555,64.516,-41.056
184.56,58.651,-46.921
184.565,64.516,-46.921
184.57,64.516,-46.921
184.57500000000002,70.381,-41.056
184.58,76.246,-35.191
184.585,76.246,-35.191
184.59,76.246,-29.326
184.595,76.246,-23.46
184.6,76.246,-23.46
184.605,70.381,-23.46
184.61,64.516,-23.46
184.615,58.651,-29.326
184.62,52.786,-29.326
184.625,46.921,-35.191
184.63,52.786,-29.326
184.635,58.651,-23.46
184.64000000000001,58.651,-17.595
184.645,58.651,-5.865
184.65,52.786,0.0
184.655,52.786,5.865
184.66,46.921,11.73
184.665,46.921,11.73
184.67000000000002,46.921,5.865
184.675,46.921,0.0
184.68,41.056,-11.73
184.685,46.921,-17.595
184.69,46.921,-17.595
184.695,46.921,-17.595
184.70000000000002,52.786,-17.595
184.705,52.786,-17.595
184.71,52.786,-29.326
184.715,52.786,-41.056
184.72,52.786,-46.921
184.725,46.921,-52.786
184.73,41.056,-58.651
184.735,35.191,-58.651
184.74,35.191,-58.651
184.745,29.326,-58.651
184.75,29.326,-52.786
184.755,35.191,-52.786
184.76,35.191,-52.786
184.76500000000001,35.191,-52.786
184.77,35.191,-52.786
184.775,35.191,-52.786
184.78,35.191,-52.786
184.785,35.191,-46.921
184.79,41.056,-46.921
184.79500000000002,35.191,-52.786
184.8,29.326,-52.786
184.805,29.326,-52.786
184.81,17.595,-58.651
184.815,11.73,-64.516
184.82,11.73,-64.516
184.82500000000002,11.73,-70.381
184.83,5.865,-70.381
184.835,-0.0,-64.516
184.84,-0.0,-64.516
184.845,-0.0,-70.381
184.85,-0.0,-70.381
184.855,5.865,-70.381
184.86,-0.0,-70.381
184.865,-0.0,-70.381
184.87,-5.865,-70.381
184.875,-5.865,-70.381
184.88,-5.865,-76.246
184.885,-5.865,-76.246
184.89000000000001,-5.865,-76.246
184.895,-5.865,-70.381
184.9,-5.865,-70.381
184.905,-11.73,-64.516
184.91,-17.595,-58.651
184.915,-35.191,-52.786
184.92000000000002,-46.921,-58.651
184.925,-52.786,-58.651
184.93,-52.786,-64.516
184.935,-41.056,-64.516
184.94,-17.595,-64.516
184.945,-11.73,-64.516
184.95000000000002,-11.73,-64.516
184.955,-17.595,-64.516
184.96,-29.326,-64.516
184.965,-41.056,-70.381
184.97,-52.786,-70.381
184.975,-58.651,-76.246
184.98,-64.516,-82.111
184.985,-70.381,-87.977
184.99,-70.381,-87.977
184.995,-70.381,-93.842
185.0,-64.516,-93.842
185.005,-58.651,-93.842
185.01,-52.786,-93.842
185.01500000000001,-52.786,-99.707
185.02,-58.651,-99.707
185.025,-58.651,-99.707
185.03,-58.651,-99.707
185.035,-58.651,-93.842
185.04,-52.786,-93.842
185.04500000000002,-46.921,-99.707
185.05,-41.056,-99.707
185.055,-35.191,-99.707
185.06,-35.191,-99.707
185.065,-41.056,-99.707
185.07,-46.921,-99.707
185.07500000000002,-52.786,-99.707
185.08,-58.651,-99.707
185.085,-64.516,-99.707
185.09,-64.516,-93.842
185.095,-58.651,-82.111
185.1,-46.921,-70.381
185.105,-46.921,-58.651
185.11,-52.786,-46.921
185.115,-46.921,-35.191
185.12,-46.921,-29.326
185.125,-46.921,-29.326
185.13,-41.056,-29.326
185.135,-52.786,-29.326
185.14000000000001,-64.516,-29.326
185.145,-70.381,-29.326
185.15,-70.381,-29.326
185.155,-76.246,-35.191
185.16,-82.111,-46.921
185.165,-87.977,-52.786
185.17000000000002,-87.977,-64.516
185.175,-87.977,-82.111
185.18,-82.111,-93.842
185.185,-76.246,-105.572
185.19,-64.516,-111.437
185.195,-58.651,-111.437
185.20000000000002,-58.651,-105.572
185.205,-52.786,-99.707
185.21,-52.786,-82.111
185.215,-46.921,-64.516
185.22,-46.921,-52.786
185.225,-46.921,-35.191
185.23,-46.921,-17.595
185.235,-41.056,0.0
185.24,-35.191,11.73
185.245,-29.326,29.326
185.25,-29.326,46.921
185.255,-29.326,52.786
185.26,-35.191,58.651
185.26500000000001,-41.056,58.651
185.27,-46.921,52.786
185.275,-41.056,46.921
185.28,-41.056,41.056
185.285,-41.056,35.191
185.29,-35.191,29.326
185.29500000000002,-29.326,23.46
185.3,-23.46,17.595
185.305,-11.73,23.46
185.31,-0.0,23.46
185.315,11.73,35.191
185.32,23.46,46.921
185.32500000000002,29.326,64.516
185.33,29.326,82.111
185.335,23.46,99.707
185.34,11.73,117.302
185.345,5.865,129.032
185.35,5.865,140.762
185.355,5.865,152.493
185.36,11.73,158.358
185.365,11.73,158.358
185.37,11.73,152.493
185.375,5.865,146.628
185.38,5.865,129.032
185.385,-0.0,111.437
185.39000000000001,-0.0,87.977
185.395,-5.865,70.381
185.4,-5.865,46.921
185.405,-5.865,35.191
185.41,-5.865,23.46
185.415,-5.865,5.865
185.42000000000002,-5.865,-11.73
185.425,-5.865,-23.46
185.43,-5.865,-41.056
185.435,-5.865,-52.786
185.44,-5.865,-58.651
185.445,-0.0,-70.381
185.45000000000002,11.73,-76.246
185.455,17.595,-82.111
185.46,29.326,-87.977
185.465,41.056,-87.977
185.47,52.786,-93.842
185.475,58.651,-93.842
185.48,70.381,-87.977
185.485,82.111,-87.977
185.49,93.842,-82.111
185.495,99.707,-82.111
185.5,99.707,-70.381
185.505,99.707,-64.516
185.51,99.707,-58.651
185.51500000000001,87.977,-52.786
185.52,82.111,-46.921
185.525,70.381,-46.921
185.53,52.786,-46.921
185.535,35.191,-52.786
185.54,23.46,-64.516
185.54500000000002,5.865,-76.246
185.55,-5.865,-87.977
185.555,-11.73,-105.572
185.56,-17.595,-117.302
185.565,-17.595,-134.897
185.57,-11.73,-146.628
185.57500000000002,-11.73,-158.358
185.58,-5.865,-170.088
185.585,-0.0,-175.953
185.59,5.865,-175.953
185.595,11.73,-175.953
185.6,17.595,-170.088
185.605,23.46,-152.493
185.61,29.326,-134.897
185.615,29.326,-105.572
185.62,35.191,-82.111
185.625,35.191,-58.651
185.63,41.056,-35.191
185.635,41.056,-17.595
185.64000000000001,46.921,0.0
185.645,46.921,5.865
185.65,46.921,17.595
185.655,46.921,17.595
185.66,46.921,17.595
185.665,41.056,11.73
185.67000000000002,41.056,5.865
185.675,35.191,0.0
185.68,23.46,-5.865
185.685,11.73,-11.73
185.69,5.865,-17.595
185.695,-5.865,-29.326
185.70000000000002,-11.73,-35.191
185.705,-17.595,-41.056
185.71,-17.595,-46.921
185.715,-17.595,-52.786
185.72,-11.73,-58.651
185.725,-5.865,-58.651
185.73,-5.865,-58.651
185.735,-0.0,-58.651
185.74,5.865,-64.516
185.745,11.73,-64.516
185.75,17.595,-58.651
185.755,17.595,-58.651
185.76,23.46,-46.921
185.76500000000001,23.46,-41.056
185.77,23.46,-35.191
185.775,23.46,-23.46
185.78,23.46,-11.73
185.785,29.326,0.0
185.79,23.46,11.73
185.79500000000002,29.326,17.595
185.8,29.326,23.46
185.805,29.326,23.46
185.81,35.191,23.46
185.815,35.191,23.46
185.82,41.056,17.595
185.82500000000002,41.056,17.595
185.83,41.056,11.73
185.835,41.056,5.865
185.84,41.056,0.0
185.845,41.056,0.0
185.85,46.921,-5.865
185.855,46.921,0.0
185.86,52.786,0.0
185.865,23.46,5.865
185.87,11.73,11.73
185.875,-0.0,17.595
185.88,-5.865,17.595
185.885,-11.73,17.595
185.89000000000001,-5.865,23.46
185.895,-5.865,17.595
185.9,-0.0,17.595
185.905,5.865,17.595
185.91,11.73,17.595
185.915,17.595,17.595
185.92000000000002,17.595,17.595
185.925,17.595,17.595
185.93,17.595,23.46
185.935,23.46,29.326
185.94,23.46,29.326
185.945,17.595,29.326
185.95000000000002,23.46,29.326
185.955,29.326,29.326
185.96,35.191,29.326
185.965,41.056,23.46
185.97,52.786,17.595
185.975,58.651,11.73
185.98,70.381,5.865
185.985,76.246,5.865
185.99,82.111,5.865
185.995,87.977,5.865
186.0,82.111,11.73
186.005,82.111,11.73
186.01,70.381,11.73
186.01500000000001,64.516,11.73
186.02,52.786,11.73
186.025,41.056,11.73
186.03,23.46,11.73
186.035,5.865,11.73
186.04,-17.595,11.73
186.04500000000002,-35.191,11.73
186.05,-52.786,11.73
186.055,-64.516,17.595
186.06,-70.381,17.595
186.065,-70.381,17.595
186.07,-64.516,23.46
186.07500000000002,-58.651,23.46
186.08,-58.651,29.326
186.085,-52.786,29.326
186.09,-46.921,29.326
186.095,-35.191,29.326
186.1,-17.595,29.326
186.105,-11.73,29.326
186.11,-0.0,29.326
186.115,11.73,29.326
186.12,17.595,35.191
186.125,23.46,35.191
186.13,41.056,35.191
186.135,58.651,41.056
186.14000000000001,64.516,41.056
186.145,52.786,41.056
186.15,23.46,35.191
186.155,-5.865,35.191
186.16,-23.46,35.191
186.165,-29.326,35.191
186.17000000000002,-29.326,29.326
186.175,-29.326,29.326
186.18,-29.326,23.46
186.185,-29.326,23.46
186.19,-29.326,23.46
186.195,-23.46,23.46
186.20000000000002,-23.46,29.326
186.205,-41.056,35.191
186.21,-58.651,35.191
186.215,-93.842,35.191
186.22,-140.762,35.191
186.225,-170.088,29.326
186.23,-170.088,29.326
186.235,-152.493,29.326
186.24,-111.437,23.46
186.245,-64.516,23.46
186.25,-17.595,29.326
186.255,11.73,35.191
186.26,23.46,35.191
186.26500000000001,29.326,35.191
186.27,41.056,35.191
186.275,46.921,35.191
186.28,52.786,29.326
186.285,52.786,29.326
186.29,41.056,29.326
186.29500000000002,41.056,23.46
186.3,35.191,17.595
186.305,35.191,11.73
186.31,35.191,11.73
186.315,35.191,11.73
186.32,29.326,11.73
186.32500000000002,23.46,11.73
186.33,11.73,11.73
186.335,11.73,11.73
186.34,23.46,11.73
186.345,29.326,17.595
186.35,29.326,17.595
186.355,29.326,23.46
186.36,17.595,23.46
186.365,11.73,17.595
186.37,11.73,17.595
186.375,11.73,11.73
186.38,17.595,5.865
186.385,23.46,0.0
186.39000000000001,29.326,-5.865
186.395,29.326,-11.73
186.4,29.326,-11.73
186.405,29.326,-5.865
186.41,23.46,-5.865
186.415,23.46,-5.865
186.42000000000002,29.326,-5.865
186.425,35.191,-5.865
186.43,41.056,-5.865
186.435,52.786,-5.865
186.44,58.651,-5.865
186.445,58.651,-5.865
186.45000000000002,64.516,0.0
186.455,64.516,0.0
186.46,76.246,5.865
186.465,76.246,11.73
186.47,70.381,11.73
186.475,58.651,11.73
186.48,52.786,11.73
186.485,46.921,5.865
186.49,29.326,0.0
186.495,11.73,-5.865
186.5,-0.0,-11.73
186.505,-11.73,-17.595
186.51,-17.595,-29.326
186.51500000000001,-11.73,-41.056
186.52,-11.73,-70.381
186.525,-0.0,-123.167
186.53,5.865,-193.548
186.535,11.73,-258.064
186.54,29.326,-304.985
186.54500000000002,46.921,-334.311
186.55,64.516,-340.176
186.555,76.246,-334.311
186.56,82.111,-310.85
186.565,87.977,-287.39
186.57,87.977,-263.93
186.57500000000002,87.977,-240.469
186.58,87.977,-217.009
186.585,82.111,-193.548
186.59,76.246,-175.953
186.595,70.381,-164.223
186.6,64.516,-158.358
186.605,58.651,-152.493
186.61,52.786,-146.628
186.615,46.921,-134.897
186.62,41.056,-111.437
186.625,35.191,-87.977
186.63,35.191,-64.516
186.635,35.191,-46.921
186.64000000000001,41.056,-29.326
186.645,46.921,-11.73
186.65,52.786,5.865
186.655,52.786,17.595
186.66,52.786,29.326
186.665,58.651,41.056
186.67000000000002,58.651,41.056
186.675,52.786,35.191
186.68,52.786,29.326
186.685,52.786,23.46
186.69,58.651,11.73
186.695,64.516,0.0
186.70000000000002,58.651,-11.73
186.705,52.786,-23.46
186.71,46.921,-35.191
186.715,41.056,-35.191
186.72,35.191,-35.191
186.725,23.46,-29.326
186.73,17.595,-29.326
186.735,11.73,-23.46
186.74,11.73,-23.46
186.745,5.865,-17.595
186.75,-5.865,-17.595
186.755,-11.73,-23.46
186.76,-17.595,-29.326
186.76500000000001,-23.46,-29.326
186.77,-23.46,-29.326
186.775,-23.46,-29.326
186.78,-17.595,-23.46
186.785,-11.73,-23.46
186.79,-0.0,-23.46
186.79500000000002,5.865,-23.46
186.8,11.73,-17.595
186.805,17.595,-17.595
186.81,17.595,-11.73
186.815,17.595,-11.73
186.82,11.73,-5.865
186.82500000000002,5.865,-5.865
186.83,-0.0,-5.865
186.835,-5.865,-11.73
186.84,-11.73,-11.73
186.845,-23.46,-17.595
186.85,-35.191,-17.595
186.855,-41.056,-23.46
186.86,-46.921,-29.326
186.865,-46.921,-23.46
186.87,-52.786,-23.46
186.875,-52.786,-17.595
186.88,-52.786,-17.595
186.885,-46.921,-11.73
186.89000000000001,-41.056,-11.73
186.895,-35.191,-11.73
186.9,-23.46,-11.73
186.905,-23.46,-5.865
186.91,-23.46,-5.865
186.915,-23.46,-5.865
186.92000000000002,-29.326,0.0
186.925,-35.191,5.865
186.93,-35.191,0.0
186.935,-35.191,5.865
186.94,-35.191,5.865
186.945,-35.191,11.73
186.95000000000002,-29.326,17.595
186.955,-29.326,17.595
186.96,-29.326,17.595
186.965,-29.326,23.46
186.97,-35.191,29.326
186.975,-35.191,29.326
186.98,-41.056,29.326
186.985,-52.786,23.46
186.99,-52.786,17.595
186.995,-58.651,5.865
187.0,-52.786,-5.865
187.005,-46.921,-29.326
187.01,-41.056,-46.921
187.01500000000001,-35.191,-70.381
187.02,-29.326,-82.111
187.025,-23.46,-87.977
187.03,-23.46,-93.842
187.035,-23.46,-87.977
187.04,-23.46,-70.381
187.04500000000002,-23.46,-46.921
187.05,-23.46,-11.73
187.055,-23.46,35.191
187.06,-23.46,93.842
187.065,-23.46,158.358
187.07,-17.595,217.009
187.07500000000002,-23.46,246.334
187.08,-29.326,263.93
187.085,-35.191,263.93
187.09,-41.056,246.334
187.095,-46.921,199.413
187.1,-52.786,134.897
187.105,-58.651,76.246
187.11,-52.786,41.056
187.115,-52.786,17.595
187.12,-46.921,0.0
187.125,-46.921,-5.865
187.13,-46.921,-5.865
187.135,-46.921,0.0
187.14000000000001,-52.786,0.0
187.145,-58.651,11.73
187.15,-64.516,23.46
187.155,-64.516,35.191
187.16,-70.381,41.056
187.165,-64.516,46.921
187.17000000000002,-58.651,52.786
187.175,-46.921,58.651
187.18,-35.191,70.381
187.185,-23.46,82.111
187.19,-11.73,99.707
187.195,-5.865,117.302
187.20000000000002,-0.0,134.897
187.205,-0.0,146.628
187.21,-0.0,152.493
187.215,-0.0,140.762
187.22,5.865,105.572
187.225,5.865,70.381
187.23,5.865,35.191
187.235,11.73,11.73
187.24,17.595,-5.865
187.245,23.46,-23.46
187.25,29.326,-46.921
187.255,35.191,-64.516
187.26,35.191,-82.111
187.26500000000001,41.056,-87.977
187.27,41.056,-87.977
187.275,41.056,-70.381
187.28,46.921,-46.921
187.285,46.921,-17.595
187.29,46.921,5.865
187.29500000000002,52.786,29.326
187.3,52.786,52.786
187.305,52.786,76.246
187.31,52.786,87.977
187.315,52.786,87.977
187.32,58.651,87.977
187.32500000000002,58.651,76.246
187.33,58.651,64.516
187.335,58.651,52.786
187.34,64.516,41.056
187.345,64.516,29.326
187.35,64.516,17.595
187.355,64.516,11.73
187.36,64.516,0.0
187.365,70.381,-17.595
187.37,70.381,-29.326
187.375,70.381,-35.191
187.38,76.246,-41.056
187.385,76.246,-41.056
187.39000000000001,70.381,-41.056
187.395,70.381,-35.191
187.4,70.381,-35.191
187.405,64.516,-29.326
187.41,58.651,-17.595
187.415,58.651,0.0
187.42000000000002,52.786,17.595
187.425,52.786,35.191
187.43,46.921,46.921
187.435,46.921,52.786
187.44,41.056,52.786
187.445,41.056,41.056
187.45000000000002,41.056,23.46
187.455,41.056,0.0
187.46,41.056,-23.46
187.465,41.056,-41.056
187.47,35.191,-52.786
187.475,41.056,-64.516
187.48,41.056,-70.381
187.485,41.056,-70.381
187.49,46.921,-76.246
187.495,52.786,-76.246
187.5,52.786,-76.246
187.505,52.786,-82.111
187.51,58.651,-87.977
187.51500000000001,58.651,-87.977
187.52,58.651,-93.842
187.525,58.651,-111.437
187.53,58.651,-140.762
187.535,58.651,-170.088
187.54,58.651,-199.413
187.54500000000002,58.651,-217.009
187.55,52.786,-222.874
187.555,52.786,-234.604
187.56,46.921,-234.604
187.565,41.056,-228.739
187.57,35.191,-234.604
187.57500000000002,29.326,-234.604
187.58,29.326,-234.604
187.585,29.326,-228.739
187.59,29.326,-222.874
187.595,35.191,-211.144
187.6,35.191,-193.548
187.605,35.191,-175.953
187.61,35.191,-158.358
187.615,35.191,-140.762
187.62,35.191,-129.032
187.625,35.191,-123.167
187.63,29.326,-111.437
187.635,29.326,-99.707
187.64000000000001,29.326,-99.707
187.645,29.326,-111.437
187.65,29.326,-129.032
187.655,29.326,-146.628
187.66,29.326,-152.493
187.665,29.326,-158.358
187.67000000000002,29.326,-170.088
187.675,29.326,-181.818
187.68,29.326,-181.818
187.685,23.46,-181.818
187.69,23.46,-175.953
187.695,17.595,-164.223
187.70000000000002,17.595,-158.358
187.705,17.595,-152.493
187.71,11.73,-140.762
187.715,11.73,-129.032
187.72,11.73,-111.437
187.725,11.73,-93.842
187.73,11.73,-70.381
187.735,11.73,-52.786
187.74,11.73,-29.326
187.745,5.865,-5.865
187.75,5.865,17.595
187.755,-0.0,41.056
187.76,-0.0,58.651
187.76500000000001,-0.0,82.111
187.77,-0.0,93.842
187.775,-5.865,105.572
187.78,-0.0,117.302
187.785,-0.0,123.167
187.79,-0.0,134.897
187.79500000000002,-0.0,146.628
187.8,-0.0,152.493
187.805,-5.865,158.358
187.81,-5.865,152.493
187.815,-5.865,152.493
187.82,-5.865,152.493
187.82500000000002,-5.865,146.628
187.83,-5.865,140.762
187.835,-11.73,134.897
187.84,-5.865,123.167
187.845,-5.865,111.437
187.85,-5.865,99.707
187.855,-5.865,87.977
187.86,-0.0,82.111
187.865,-0.0,76.246
187.87,-0.0,70.381
187.875,-5.865,70.381
187.88,-5.865,70.381
187.885,-11.73,76.246
187.89000000000001,-17.595,82.111
187.895,-29.326,93.842
187.9,-35.191,105.572
187.905,-41.056,117.302
187.91,-41.056,123.167
187.915,-41.056,129.032
187.92000000000002,-41.056,129.032
187.925,-41.056,123.167
187.93,-35.191,111.437
187.935,-35.191,99.707
187.94,-23.46,105.572
187.945,-23.46,117.302
187.95000000000002,-17.595,134.897
187.955,-11.73,152.493
187.96,-11.73,164.223
187.965,-5.865,175.953
187.97,-5.865,181.818
187.975,-5.865,187.683
187.98,-0.0,181.818
187.985,-0.0,175.953
187.99,5.865,175.953
187.995,5.865,164.223
188.0,5.865,152.493
188.005,5.865,158.358
188.01,-0.0,181.818
188.01500000000001,-5.865,222.874
188.02,-11.73,269.795
188.025,-11.73,281.525
188.03,-17.595,275.66
188.035,-11.73,258.064
188.04,-11.73,228.739
188.04500000000002,-5.865,199.413
188.05,-5.865,164.223
188.055,-0.0,134.897
188.06,-0.0,111.437
188.065,5.865,99.707
188.07,5.865,87.977
188.07500000000002,5.865,76.246
188.08,5.865,70.381
188.085,5.865,64.516
188.09,5.865,52.786
188.095,5.865,41.056
188.1,5.865,23.46
188.105,-0.0,-5.865
188.11,-0.0,-35.191
188.115,-5.865,-64.516
188.12,-5.865,-93.842
188.125,-5.865,-105.572
188.13,-5.865,-105.572
188.135,-5.865,-99.707
188.14000000000001,-0.0,-93.842
188.145,5.865,-99.707
188.15,5.865,-105.572
188.155,11.73,-117.302
188.16,17.595,-123.167
188.165,23.46,-123.167
188.17000000000002,29.326,-117.302
188.175,29.326,-105.572
188.18,35.191,-99.707
188.185,35.191,-87.977
188.19,35.191,-82.111
188.195,29.326,-64.516
188.20000000000002,17.595,-52.786
188.205,11.73,-52.786
188.21,-0.0,-46.921
188.215,-5.865,-35.191
188.22,-5.865,-5.865
188.225,-0.0,17.595
188.23,5.865,11.73
188.235,5.865,-5.865
188.24,5.865,-29.326
188.245,5.865,-46.921
188.25,5.865,-52.786
188.255,11.73,-52.786
188.26,11.73,-52.786
188.26500000000001,17.595,-46.921
188.27,23.46,-46.921
188.275,29.326,-41.056
188.28,35.191,-35.191
188.285,41.056,-29.326
188.29,46.921,-17.595
188.29500000000002,52.786,0.0
188.3,52.786,23.46
188.305,52.786,41.056
188.31,58.651,58.651
188.315,58.651,76.246
188.32,58.651,87.977
188.32500000000002,58.651,93.842
188.33,64.516,87.977
188.335,70.381,76.246
188.34,76.246,70.381
188.345,82.111,58.651
188.35,87.977,46.921
188.355,87.977,35.191
188.36,82.111,23.46
188.365,76.246,11.73
188.37,76.246,5.865
188.375,70.381,0.0
188.38,64.516,0.0
188.385,64.516,0.0
188.39000000000001,58.651,0.0
188.395,52.786,0.0
188.4,41.056,0.0
188.405,35.191,-11.73
188.41,23.46,-17.595
188.415,17.595,-11.73
188.42000000000002,11.73,-17.595
188.425,11.73,-17.595
188.43,17.595,-23.46
188.435,23.46,-17.595
188.44,35.191,-17.595
188.445,41.056,-11.73
188.45000000000002,52.786,-11.73
188.455,58.651,-11.73
188.46,58.651,-11.73
188.465,52.786,-11.73
188.47,41.056,-11.73
188.475,29.326,-11.73
188.48,17.595,-17.595
188.485,5.865,-23.46
188.49,-5.865,-29.326
188.495,-17.595,-35.191
188.5,-23.46,-41.056
188.505,-35.191,-46.921
188.51,-46.921,-58.651
188.51500000000001,-58.651,-58.651
188.52,-64.516,-58.651
188.525,-70.381,-52.786
188.53,-76.246,-46.921
188.535,-76.246,-46.921
188.54,-76.246,-52.786
188.54500000000002,-76.246,-58.651
188.55,-82.111,-64.516
188.555,-82.111,-70.381
188.56,-87.977,-64.516
188.565,-93.842,-58.651
188.57,-99.707,-58.651
188.57500000000002,-111.437,-64.516
188.58,-117.302,-70.381
188.585,-123.167,-70.381
188.59,-129.032,-52.786
188.595,-134.897,-41.056
188.6,-134.897,-41.056
188.605,-134.897,-41.056
188.61,-134.897,-46.921
188.615,-134.897,-58.651
188.62,-134.897,-64.516
188.625,-129.032,-64.516
188.63,-129.032,-64.516
188.635,-129.032,-64.516
188.64000000000001,-123.167,-64.516
188.645,-117.302,-70.381
188.65,-111.437,-70.381
188.655,-99.707,-64.516
188.66,-87.977,-58.651
188.665,-82.111,-58.651
188.67000000000002,-70.381,-58.651
188.675,-64.516,-58.651
188.68,-64.516,-58.651
188.685,-64.516,-46.921
188.69,-64.516,-41.056
188.695,-64.516,-35.191
188.70000000000002,-64.516,-35.191
188.705,-64.516,-46.921
188.71,-58.651,-52.786
188.715,-58.651,-58.651
188.72,-58.651,-64.516
188.725,-64.516,-64.516
188.73,-70.381,-58.651
188.735,-82.111,-52.786
188.74,-87.977,-46.921
188.745,-93.842,-46.921
188.75,-99.707,-41.056
188.755,-99.707,-46.921
188.76,-99.707,-46.921
188.76500000000001,-99.707,-52.786
188.77,-99.707,-52.786
188.775,-99.707,-46.921
188.78,-99.707,-35.191
188.785,-93.842,-23.46
188.79,-82.111,-5.865
188.79500000000002,-76.246,11.73
188.8,-64.516,23.46
188.805,-58.651,29.326
188.81,-52.786,35.191
188.815,-46.921,29.326
188.82,-41.056,11.73
188.82500000000002,-41.056,-5.865
188.83,-41.056,-17.595
188.835,-41.056,-23.46
188.84,-41.056,-23.46
188.845,-41.056,-29.326
188.85,-41.056,-41.056
188.855,-41.056,-58.651
188.86,-35.191,-70.381
188.865,-35.191,-58.651
188.87,-29.326,-46.921
188.875,-23.46,-41.056
188.88,-17.595,-35.191
188.885,-17.595,-11.73
188.89000000000001,11.73,0.0
188.895,23.46,0.0
188.9,-0.0,-17.595
188.905,-29.326,-35.191
188.91,-58.651,-46.921
188.915,-82.111,-58.651
188.92000000000002,-87.977,-70.381
188.925,-93.842,-76.246
188.93,-93.842,-58.651
188.935,-93.842,-17.595
188.94,-87.977,17.595
188.945,-70.381,17.595
188.95000000000002,-52.786,17.595
188.955,-29.326,17.595
188.96,-5.865,17.595
188.965,11.73,17.595
188.97,23.46,29.326
188.975,17.595,46.921
188.98,11.73,52.786
188.985,-5.865,58.651
188.99,-17.595,52.786
188.995,-29.326,35.191
189.0,-35.191,29.326
189.005,-41.056,11.73
189.01,-41.056,0.0
189.01500000000001,-35.191,0.0
189.02,-29.326,11.73
189.025,-17.595,11.73
189.03,-11.73,17.595
189.035,-11.73,23.46
189.04,-5.865,29.326
189.04500000000002,-5.865,29.326
189.05,-11.73,35.191
189.055,-11.73,52.786
189.06,-17.595,52.786
189.065,-17.595,58.651
189.07,-23.46,58.651
189.07500000000002,-35.191,46.921
189.08,-41.056,29.326
189.085,-46.921,17.595
189.09,-46.921,5.865
189.095,-46.921,-5.865
189.1,-46.921,-11.73
189.105,-41.056,-11.73
189.11,-29.326,-5.865
189.115,-23.46,-5.865
189.12,-11.73,-5.865
189.125,-0.0,-5.865
189.13,11.73,-5.865
189.135,29.326,0.0
189.14000000000001,35.191,11.73
189.145,46.921,17.595
189.15,58.651,23.46
189.155,64.516,29.326
189.16,70.381,41.056
189.165,64.516,46.921
189.17000000000002,58.651,52.786
189.175,52.786,52.786
189.18,46.921,52.786
189.185,35.191,52.786
189.19,29.326,52.786
189.195,29.326,58.651
189.20000000000002,23.46,58.651
189.205,17.595,70.381
189.21,5.865,76.246
189.215,-17.595,87.977
189.22,-35.191,99.707
189.225,-41.056,111.437
189.23,-46.921,123.167
189.235,-64.516,129.032
189.24,-70.381,134.897
189.245,-52.786,123.167
189.25,-41.056,93.842
189.255,-41.056,70.381
189.26,-41.056,58.651
189.26500000000001,-35.191,46.921
189.27,-29.326,29.326
189.275,-29.326,11.73
189.28,-29.326,-5.865
189.285,-29.326,-17.595
189.29,-23.46,-23.46
189.29500000000002,-17.595,-35.191
189.3,-17.595,-46.921
189.305,-11.73,-58.651
189.31,-17.595,-58.651
189.315,-17.595,-46.921
189.32,-17.595,-41.056
189.32500000000002,-17.595,-29.326
189.33,-17.595,-17.595
189.335,-5.865,-5.865
189.34,-0.0,5.865
189.345,-5.865,11.73
189.35,-5.865,11.73
189.355,-0.0,5.865
189.36,-0.0,11.73
189.365,5.865,11.73
189.37,-0.0,17.595
189.375,-17.595,23.46
189.38,-41.056,23.46
189.385,-58.651,29.326
189.39000000000001,-64.516,35.191
189.395,-64.516,41.056
189.4,-46.921,35.191
189.405,-29.326,29.326
189.41,-23.46,29.326
189.415,-17.595,23.46
189.42000000000002,-23.46,23.46
189.425,-23.46,29.326
189.43,-11.73,29.326
189.435,11.73,41.056
189.44,29.326,52.786
189.445,35.191,64.516
189.45000000000002,35.191,70.381
189.455,35.191,70.381
189.46,35.191,70.381
189.465,35.191,76.246
189.47,29.326,82.111
189.475,29.326,93.842
189.48,23.46,99.707
189.485,23.46,99.707
189.49,17.595,99.707
189.495,17.595,93.842
189.5,17.595,87.977
189.505,11.73,82.111
189.51,11.73,82.111
189.51500000000001,5.865,82.111
189.52,5.865,76.246
189.525,11.73,70.381
189.53,11.73,64.516
189.535,5.865,64.516
189.54,5.865,58.651
189.54500000000002,17.595,58.651
189.55,23.46,52.786
189.555,29.326,46.921
189.56,23.46,41.056
189.565,11.73,29.326
189.57,17.595,23.46
189.57500000000002,29.326,23.46
189.58,52.786,17.595
189.585,64.516,17.595
189.59,64.516,17.595
189.595,46.921,17.595
189.6,35.191,17.595
189.605,29.326,23.46
189.61,29.326,23.46
189.615,29.326,23.46
189.62,23.46,29.326
189.625,23.46,35.191
189.63,29.326,29.326
189.635,29.326,23.46
189.64000000000001,35.191,23.46
189.645,29.326,11.73
189.65,23.46,5.865
189.655,17.595,5.865
189.66,11.73,5.865
189.665,-0.0,-5.865
189.67000000000002,-11.73,-11.73
189.675,-17.595,-23.46
189.68,-11.73,-17.595
189.685,-5.865,-11.73
189.69,-5.865,-11.73
189.695,-17.595,-11.73
189.70000000000002,-46.921,-11.73
189.705,-82.111,-23.46
189.71,-105.572,-29.326
189.715,-117.302,-29.326
189.72,-111.437,-29.326
189.725,-99.707,-29.326
189.73,-87.977,-23.46
189.735,-70.381,-17.595
189.74,-46.921,-17.595
189.745,-29.326,-17.595
189.75,-11.73,-23.46
189.755,-0.0,-29.326
189.76,-0.0,-35.191
189.76500000000001,-0.0,-41.056
189.77,5.865,-41.056
189.775,5.865,-35.191
189.78,11.73,-35.191
189.785,11.73,-29.326
189.79,11.73,-11.73
189.79500000000002,5.865,-11.73
189.8,-0.0,-11.73
189.805,-5.865,-11.73
189.81,-5.865,-17.595
189.815,-11.73,-17.595
189.82,-5.865,-23.46
189.82500000000002,-5.865,-17.595
189.83,5.865,-11.73
189.835,23.46,0.0
189.84,35.191,5.865
189.845,52.786,11.73
189.85,58.651,17.595
189.855,64.516,17.595
189.86,64.516,17.595
189.865,64.516,17.595
189.87,64.516,11.73
189.875,64.516,11.73
189.88,64.516,5.865
189.885,58.651,5.865
189.89000000000001,52.786,0.0
189.895,46.921,0.0
189.9,41.056,-5.865
189.905,35.191,-5.865
189.91,35.191,-11.73
189.915,29.326,-11.73
189.92000000000002,23.46,-23.46
189.925,23.46,-29.326
189.93,23.46,-35.191
189.935,17.595,-35.191
189.94,17.595,-41.056
189.945,23.46,-46.921
189.95000000000002,29.326,-52.786
189.955,29.326,-64.516
189.96,41.056,-70.381
189.965,46.921,-76.246
189.97,41.056,-76.246
189.975,17.595,-76.246
189.98,5.865,-76.246
189.985,5.865,-76.246
189.99,-0.0,-76.246
189.995,-0.0,-76.246
190.0,-0.0,-76.246
190.005,5.865,-76.246
190.01,5.865,-70.381
190.01500000000001,5.865,-70.381
190.02,5.865,-64.516
190.025,5.865,-64.516
190.03,-0.0,-58.651
190.035,-11.73,-52.786
190.04,-23.46,-46.921
190.04500000000002,-41.056,-41.056
190.05,-64.516,-41.056
190.055,-76.246,-41.056
190.06,-82.111,-35.191
190.065,-93.842,-41.056
190.07,-105.572,-46.921
190.07500000000002,-105.572,-58.651
190.08,-105.572,-64.516
190.085,-105.572,-64.516
190.09,-99.707,-64.516
190.095,-105.572,-64.516
190.1,-105.572,-58.651
190.105,-111.437,-52.786
190.11,-105.572,-41.056
190.115,5.865,-29.326
190.12,199.413,-11.73
190.125,240.469,-11.73
190.13,164.223,-11.73
190.135,64.516,-17.595
190.14000000000001,5.865,-29.326
190.145,-29.326,-41.056
190.15,-35.191,-52.786
190.155,-23.46,-58.651
190.16,-11.73,-70.381
190.165,-5.865,-76.246
190.17000000000002,-5.865,-82.111
190.175,-11.73,-82.111
190.18,-29.326,-76.246
190.185,-41.056,-70.381
190.19,-52.786,-64.516
190.195,-46.921,-70.381
190.20000000000002,-41.056,-70.381
190.205,-23.46,-70.381
190.21,-5.865,-46.921
190.215,-0.0,0.0
190.22,5.865,5.865
190.225,17.595,-17.595
190.23,29.326,-52.786
190.235,35.191,-58.651
190.24,46.921,-58.651
190.245,52.786,-46.921
190.25,58.651,-35.191
190.255,64.516,-17.595
190.26,64.516,-5.865
190.26500000000001,64.516,5.865
190.27,64.516,11.73
190.275,64.516,17.595
190.28,64.516,17.595
190.285,58.651,17.595
190.29,52.786,17.595
190.29500000000002,35.191,29.326
190.3,17.595,35.191
190.305,11.73,41.056
190.31,5.865,41.056
190.315,-0.0,46.921
190.32,5.865,52.786
190.32500000000002,11.73,58.651
190.33,23.46,70.381
190.335,29.326,76.246
190.34,29.326,87.977
190.345,29.326,99.707
190.35,35.191,105.572
190.355,41.056,111.437
190.36,41.056,117.302
190.365,41.056,111.437
190.37,35.191,105.572
190.375,35.191,93.842
190.38,35.191,82.111
190.385,35.191,70.381
190.39000000000001,29.326,52.786
190.395,17.595,41.056
190.4,5.865,35.191
190.405,-11.73,23.46
190.41,-29.326,17.595
190.415,-41.056,17.595
190.42000000000002,-46.921,17.595
190.425,-46.921,23.46
190.43,-46.921,23.46
190.435,-41.056,17.595
190.44,-41.056,17.595
190.445,-35.191,23.46
190.45000000000002,-35.191,23.46
190.455,-23.46,29.326
190.46,-17.595,29.326
190.465,-11.73,29.326
190.47,-0.0,29.326
190.475,17.595,29.326
190.48,41.056,29.326
190.485,52.786,29.326
190.49,52.786,29.326
190.495,52.786,29.326
190.5,46.921,23.46
190.505,35.191,17.595
190.51,23.46,17.595
190.51500000000001,5.865,11.73
190.52,-5.865,5.865
190.525,-23.46,5.865
190.53,-35.191,0.0
190.535,-41.056,0.0
190.54,-41.056,0.0
190.54500000000002,-41.056,-5.865
190.55,-35.191,0.0
190.555,-29.326,0.0
190.56,-23.46,0.0
190.565,-17.595,5.865
190.57,-17.595,17.595
190.57500000000002,-11.73,23.46
190.58,-5.865,35.191
190.585,-0.0,41.056
190.59,5.865,46.921
190.595,5.865,46.921
190.6,5.865,41.056
190.605,5.865,41.056
190.61,5.865,35.191
190.615,5.865,35.191
190.62,5.865,35.191
190.625,5.865,29.326
190.63,11.73,29.326
190.635,5.865,35.191
190.64000000000001,5.865,41.056
190.645,-0.0,41.056
190.65,-0.0,46.921
190.655,-0.0,46.921
190.66,-5.865,46.921
190.665,-5.865,46.921
190.67000000000002,-5.865,41.056
190.675,-11.73,41.056
190.68,-11.73,41.056
190.685,-11.73,46.921
190.69,-11.73,46.921
190.695,-11.73,46.921
190.70000000000002,-11.73,46.921
190.705,-11.73,46.921
190.71,-11.73,46.921
190.715,-11.73,46.921
190.72,-5.865,46.921
190.725,-0.0,41.056
190.73,11.73,41.056
190.735,23.46,35.191
190.74,35.191,35.191
190.745,41.056,35.191
190.75,46.921,35.191
190.755,46.921,35.191
190.76,46.921,35.191
190.76500000000001,46.921,35.191
190.77,46.921,35.191
190.775,46.921,35.191
190.78,46.921,35.191
190.785,46.921,35.191
190.79,46.921,35.191
190.79500000000002,41.056,29.326
190.8,41.056,29.326
190.805,35.191,29.326
190.81,29.326,23.46
190.815,23.46,23.46
190.82,23.46,23.46
190.82500000000002,17.595,29.326
190.83,11.73,35.191
190.835,5.865,35.191
190.84,5.865,41.056
190.845,-0.0,41.056
190.85,-0.0,41.056
190.855,-0.0,41.056
190.86,-5.865,46.921
190.865,-5.865,46.921
190.87,-5.865,52.786
190.875,-11.73,52.786
190.88,-11.73,52.786
190.885,-11.73,52.786
190.89000000000001,-11.73,52.786
190.895,-11.73,52.786
190.9,-11.73,52.786
190.905,-5.865,52.786
190.91,-5.865,52.786
190.915,-5.865,46.921
190.92000000000002,-5.865,46.921
190.925,-5.865,41.056
190.93,-5.865,41.056
190.935,-11.73,41.056
190.94,-17.595,35.191
190.945,-17.595,35.191
190.95000000000002,-17.595,35.191
190.955,-17.595,35.191
190.96,-17.595,29.326
190.965,-17.595,29.326
190.97,-17.595,29.326
190.975,-17.595,23.46
190.98,-17.595,23.46
190.985,-11.73,23.46
190.99,-5.865,29.326
190.995,-5.865,29.326
191.0,-5.865,35.191
191.005,-5.865,35.191
191.01,-0.0,35.191
191.01500000000001,-0.0,35.191
191.02,-5.865,41.056
191.025,-5.865,41.056
191.03,-5.865,41.056
191.035,-5.865,41.056
191.04,-11.73,46.921
191.04500000000002,-11.73,46.921
191.05,-17.595,46.921
191.055,-17.595,46.921
191.06,-23.46,46.921
191.065,-23.46,46.921
191.07,-29.326,46.921
191.07500000000002,-23.46,46.921
191.08,-23.46,46.921
191.085,-17.595,46.921
191.09,-17.595,46.921
191.095,-11.73,46.921
191.1,-11.73,41.056
191.105,-11.73,41.056
191.11,-11.73,41.056
191.115,-11.73,35.191
191.12,-11.73,35.191
191.125,-11.73,29.326
191.13,-11.73,29.326
191.135,-5.865,23.46
191.14000000000001,-0.0,17.595
191.145,-0.0,11.73
191.15,-0.0,5.865
191.155,-5.865,5.865
191.16,-11.73,0.0
191.165,-17.595,0.0
191.17000000000002,-23.46,0.0
191.175,-35.191,-5.865
191.18,-41.056,-5.865
191.185,-46.921,-5.865
191.19,-52.786,-11.73
191.195,-52.786,-11.73
191.20000000000002,-52.786,-17.595
191.205,-46.921,-17.595
191.21,-41.056,-23.46
191.215,-35.191,-29.326
191.22,-29.326,-35.191
191.225,-23.46,-35.191
191.23000000000002,-23.46,-35.191
191.235,-23.46,-29.326
191.24,-23.46,-29.326
191.245,-23.46,-35.191
191.25,-23.46,-35.191
191.255,-23.46,-41.056
191.26,-35.191,-46.921
191.26500000000001,-41.056,-46.921
191.27,-29.326,-52.786
191.275,-11.73,-58.651
191.28,-17.595,-58.651
191.285,-29.326,-58.651
191.29,-35.191,-58.651
191.29500000000002,-35.191,-64.516
191.3,-35.191,-64.516
191.305,-29.326,-58.651
191.31,-29.326,-58.651
191.315,-29.326,-58.651
191.32,-29.326,-58.651
191.32500000000002,-29.326,-52.786
191.33,-29.326,-58.651
191.335,-29.326,-52.786
191.34,-29.326,-52.786
191.345,-23.46,-52.786
191.35,-5.865,-52.786
191.35500000000002,-0.0,-52.786
191.36,-11.73,-52.786
191.365,-17.595,-41.056
191.37,-23.46,-35.191
191.375,-29.326,-41.056
191.38,-23.46,-41.056
191.385,-23.46,-41.056
191.39000000000001,-17.595,-41.056
191.395,-11.73,-35.191
191.4,-11.73,-35.191
191.405,-17.595,-29.326
191.41,-29.326,-29.326
191.415,-35.191,-29.326
191.42000000000002,-46.921,-29.326
191.425,-46.921,-23.46
191.43,-52.786,-23.46
191.435,-64.516,-23.46
191.44,-70.381,-17.595
191.445,-76.246,-17.595
191.45000000000002,-82.111,-17.595
191.455,-82.111,-17.595
191.46,-82.111,-17.595
191.465,-70.381,-17.595
191.47,-52.786,-17.595
191.475,-35.191,-11.73
191.48000000000002,-17.595,-5.865
191.485,-0.0,5.865
191.49,17.595,11.73
191.495,29.326,5.865
191.5,41.056,-5.865
191.505,52.786,-17.595
191.51,64.516,-29.326
191.51500000000001,76.246,-35.191
191.52,82.111,-41.056
191.525,93.842,-46.921
191.53,99.707,-46.921
191.535,93.842,-52.786
191.54,87.977,-58.651
191.54500000000002,82.111,-64.516
191.55,64.516,-64.516
191.555,46.921,-58.651
191.56,29.326,-52.786
191.565,5.865,-41.056
191.57,-11.73,-35.191
191.57500000000002,-23.46,-17.595
191.58,-29.326,-5.865
191.585,-23.46,5.865
191.59,-5.865,11.73
191.595,5.865,11.73
191.6,-29.326,17.595
191.60500000000002,-46.921,23.46
191.61,-52.786,29.326
191.615,-46.921,23.46
191.62,-35.191,23.46
191.625,-23.46,17.595
191.63,-17.595,11.73
191.635,-17.595,5.865
191.64000000000001,-17.595,-11.73
191.645,-11.73,-17.595
191.65,-5.865,-23.46
191.655,-0.0,-35.191
191.66,11.73,-35.191
191.665,17.595,-41.056
191.67000000000002,29.326,-41.056
191.675,52.786,-35.191
191.68,70.381,-29.326
191.685,93.842,-17.595
191.69,111.437,-11.73
191.695,123.167,-11.73
191.70000000000002,134.897,-23.46
191.705,158.358,-23.46
191.71,187.683,-17.595
191.715,205.279,-17.595
191.72,217.009,-11.73
191.725,217.009,-5.865
191.73000000000002,211.144,0.0
191.735,205.279,5.865
191.74,199.413,11.73
191.745,199.413,17.595
191.75,187.683,17.595
191.755,181.818,17.595
191.76,175.953,17.595
191.76500000000001,170.088,11.73
191.77,175.953,5.865
191.775,181.818,0.0
191.78,175.953,0.0
191.785,164.223,0.0
191.79,140.762,-11.73
191.79500000000002,123.167,-23.46
191.8,123.167,-23.46
191.805,134.897,-23.46
191.81,146.628,-23.46
191.815,158.358,-23.46
191.82,170.088,-11.73
191.82500000000002,170.088,-11.73
191.83,164.223,-11.73
191.835,158.358,-11.73
191.84,152.493,-17.595
191.845,140.762,-23.46
191.85,123.167,-29.326
191.85500000000002,111.437,-29.326
191.86,93.842,-29.326
191.865,76.246,-35.191
191.87,64.516,-41.056
191.875,46.921,-41.056
191.88,29.326,-35.191
191.885,17.595,-29.326
191.89000000000001,-0.0,-23.46
191.895,-11.73,-23.46
191.9,-29.326,-23.46
191.905,-46.921,-29.326
191.91,-64.516,-35.191
191.915,-76.246,-41.056
191.92000000000002,-87.977,-35.191
191.925,-99.707,-35.191
191.93,-105.572,-29.326
191.935,-105.572,-29.326
191.94,-105.572,-35.191
191.945,-105.572,-41.056
191.95000000000002,-105.572,-46.921
191.955,-99.707,-52.786
191.96,-93.842,-58.651
191.965,-70.381,-64.516
191.97,-46.921,-76.246
191.975,-41.056,-82.111
191.98000000000002,-41.056,-93.842
191.985,-52.786,-99.707
191.99,-64.516,-105.572
191.995,-82.111,-105.572
192.0,-93.842,-105.572
192.005,-105.572,-99.707
192.01,-111.437,-99.707
192.01500000000001,-123.167,-99.707
192.02,-123.167,-93.842
192.025,-123.167,-87.977
192.03,-129.032,-76.246
192.035,-129.032,-58.651
192.04,-129.032,-46.921
192.04500000000002,-129.032,-29.326
192.05,-134.897,-17.595
192.055,-146.628,-11.73
192.06,-164.223,0.0
192.065,-187.683,5.865
192.07,-211.144,11.73
192.07500000000002,-228.739,23.46
192.08,-246.334,35.191
192.085,-258.064,41.056
192.09,-263.93,46.921
192.095,-258.064,52.786
192.1,-258.064,52.786
192.10500000000002,-252.199,52.786
192.11,-252.199,46.921
192.115,-252.199,52.786
192.12,-263.93,58.651
192.125,-269.795,64.516
192.13,-269.795,70.381
192.135,-263.93,70.381
192.14000000000001,-246.334,64.516
192.145,-228.739,52.786
192.15,-205.279,41.056
192.155,-175.953,23.46
192.16,-146.628,17.595
192.165,-111.437,11.73
192.17000000000002,-87.977,5.865
192.175,-64.516,5.865
192.18,-58.651,17.595
192.185,-58.651,35.191
192.19,-64.516,46.921
192.195,-76.246,58.651
192.20000000000002,-99.707,70.381
192.205,-117.302,82.111
192.21,-134.897,93.842
192.215,-146.628,99.707
192.22,-158.358,99.707
192.225,-164.223,99.707
192.23000000000002,-170.088,99.707
192.235,-158.358,99.707
192.24,-140.762,99.707
192.245,-117.302,93.842
192.25,-105.572,93.842
192.255,-99.707,76.246
192.26,-93.842,46.921
192.26500000000001,-76.246,23.46
192.27,-52.786,5.865
192.275,-41.056,-17.595
192.28,-23.46,-29.326
192.285,-11.73,-11.73
192.29,-5.865,29.326
192.29500000000002,-11.73,70.381
192.3,-17.595,99.707
192.305,-17.595,105.572
192.31,-17.595,111.437
192.315,-17.595,111.437
192.32,-11.73,105.572
192.32500000000002,-5.865,105.572
192.33,-0.0,105.572
192.335,5.865,93.842
192.34,11.73,87.977
192.345,29.326,76.246
192.35,35.191,70.381
192.35500000000002,35.191,58.651
192.36,35.191,58.651
192.365,35.191,58.651
192.37,29.326,58.651
192.375,29.326,58.651
192.38,35.191,70.381
192.385,35.191,82.111
192.39000000000001,41.056,87.977
192.395,58.651,93.842
192.4,87.977,93.842
192.405,105.572,93.842
192.41,123.167,87.977
192.415,129.032,76.246
192.42000000000002,140.762,58.651
192.425,146.628,35.191
192.43,152.493,17.595
192.435,146.628,-5.865
192.44,134.897,-17.595
192.445,123.167,-29.326
192.45000000000002,99.707,-29.326
192.455,87.977,-23.46
192.46,76.246,-11.73
192.465,70.381,5.865
192.47,64.516,29.326
192.475,52.786,52.786
192.48000000000002,29.326,70.381
192.485,5.865,87.977
192.49,-11.73,99.707
192.495,-23.46,111.437
192.5,-35.191,105.572
192.505,-41.056,93.842
192.51,-46.921,70.381
192.51500000000001,-52.786,46.921
192.52,-64.516,23.46
192.525,-70.381,0.0
192.53,-70.381,-11.73
192.535,-58.651,-29.326
192.54,-46.921,-29.326
192.54500000000002,-35.191,-23.46
192.55,-17.595,-11.73
192.555,-5.865,-5.865
192.56,5.865,-5.865
192.565,23.46,5.865
192.57,46.921,17.595
192.57500000000002,17.595,29.326
192.58,35.191,35.191
192.585,35.191,29.326
192.59,35.191,17.595
192.595,35.191,0.0
192.6,35.191,-23.46
192.60500000000002,41.056,-35.191
192.61,29.326,-29.326
192.615,-0.0,-17.595
192.62,-23.46,0.0
192.625,-46.921,17.595
192.63,-58.651,29.326
192.635,-70.381,35.191
192.64000000000001,-76.246,35.191
192.645,-82.111,29.326
192.65,-82.111,5.865
192.655,-64.516,-23.46
192.66,-41.056,-105.572
192.665,-17.595,-158.358
192.67000000000002,5.865,-164.223
192.675,23.46,-146.628
192.68,35.191,-129.032
192.685,35.191,-99.707
192.69,35.191,-58.651
192.695,29.326,-58.651
192.70000000000002,17.595,-58.651
192.705,11.73,-70.381
192.71,5.865,-87.977
192.715,-0.0,-123.167
192.72,5.865,-158.358
192.725,5.865,-181.818
192.73000000000002,5.865,-187.683
192.735,5.865,-175.953
192.74,5.865,-164.223
192.745,5.865,-158.358
192.75,11.73,-152.493
192.755,5.865,-152.493
192.76,-5.865,-152.493
192.76500000000001,-17.595,-146.628
192.77,-23.46,-140.762
192.775,-41.056,-140.762
192.78,-41.056,-134.897
192.785,-35.191,-123.167
192.79,-35.191,-117.302
192.79500000000002,-29.326,-111.437
192.8,-29.326,-105.572
192.805,-23.46,-99.707
192.81,-23.46,-93.842
192.815,-23.46,-87.977
192.82,-29.326,-87.977
192.82500000000002,-23.46,-82.111
192.83,-23.46,-82.111
192.835,-23.46,-76.246
192.84,-17.595,-70.381
192.845,-17.595,-58.651
192.85,-11.73,-46.921
192.85500000000002,-5.865,-41.056
192.86,5.865,-35.191
192.865,11.73,-29.326
192.87,11.73,-41.056
192.875,11.73,-52.786
192.88,5.865,-58.651
192.885,-5.865,-64.516
192.89000000000001,-11.73,-70.381
192.895,-29.326,-76.246
192.9,-41.056,-76.246
192.905,-52.786,-76.246
192.91,-58.651,-76.246
192.915,-64.516,-70.381
192.92000000000002,-70.381,-58.651
192.925,-70.381,-52.786
192.93,-70.381,-41.056
192.935,-64.516,-17.595
192.94,-58.651,5.865
192.945,-52.786,29.326
192.95000000000002,-46.921,58.651
192.955,-46.921,87.977
192.96,-52.786,99.707
192.965,-52.786,99.707
192.97,-52.786,87.977
192.975,-52.786,70.381
192.98000000000002,-46.921,35.191
192.985,-41.056,5.865
192.99,-35.191,-17.595
192.995,-35.191,-41.056
193.0,-29.326,-46.921
193.005,-29.326,-46.921
193.01,-23.46,-58.651
193.01500000000001,-29.326,-58.651
193.02,-35.191,-58.651
193.025,-35.191,-58.651
193.03,-41.056,-46.921
193.035,-41.056,-35.191
193.04,-41.056,-17.595
193.04500000000002,-35.191,-11.73
193.05,-35.191,-5.865
193.055,-35.191,0.0
193.06,-29.326,5.865
193.065,-29.326,5.865
193.07,-23.46,17.595
193.07500000000002,-11.73,23.46
193.08,-5.865,35.191
193.085,-5.865,41.056
193.09,-0.0,41.056
193.095,-0.0,41.056
193.1,-5.865,35.191
193.10500000000002,-5.865,29.326
193.11,-11.73,23.46
193.115,-5.865,17.595
193.12,-11.73,5.865
193.125,-11.73,-11.73
193.13,-11.73,-23.46
193.135,-17.595,-23.46
193.14000000000001,-17.595,-17.595
193.145,-23.46,-11.73
193.15,-29.326,0.0
193.155,-35.191,5.865
193.16,-46.921,17.595
193.165,-52.786,23.46
193.17000000000002,-58.651,29.326
193.175,-58.651,35.191
193.18,-58.651,35.191
193.185,-52.786,29.326
193.19,-52.786,29.326
193.195,-46.921,29.326
193.20000000000002,-46.921,29.326
193.205,-46.921,23.46
193.21,-46.921,11.73
193.215,-41.056,5.865
193.22,-41.056,0.0
193.225,-41.056,-11.73
193.23000000000002,-41.056,-11.73
193.235,-35.191,-11.73
193.24,-23.46,-17.595
193.245,-17.595,-29.326
193.25,-17.595,-41.056
193.255,-17.595,-52.786
193.26,-17.595,-64.516
193.26500000000001,-17.595,-70.381
193.27,-17.595,-70.381
193.275,-23.46,-64.516
193.28,-35.191,-52.786
193.285,-35.191,-46.921
193.29,-35.191,-41.056
193.29500000000002,-35.191,-29.326
193.3,-35.191,-23.46
193.305,-35.191,-17.595
193.31,-23.46,-11.73
193.315,-17.595,-17.595
193.32,-11.73,-17.595
193.32500000000002,-11.73,-17.595
193.33,-11.73,-11.73
193.335,-5.865,-11.73
193.34,-11.73,-11.73
193.345,-17.595,-11.73
193.35,-17.595,-17.595
193.35500000000002,-23.46,-17.595
193.36,-29.326,-11.73
193.365,-35.191,-11.73
193.37,-29.326,-17.595
193.375,-29.326,-17.595
193.38,-29.326,-17.595
193.385,-29.326,-11.73
193.39000000000001,-23.46,-5.865
193.395,-5.865,-17.595
193.4,-0.0,-11.73
193.405,-11.73,0.0
193.41,-11.73,0.0
193.415,-11.73,0.0
193.42000000000002,-5.865,5.865
193.425,-0.0,11.73
193.43,5.865,11.73
193.435,11.73,11.73
193.44,17.595,11.73
193.445,11.73,11.73
193.45000000000002,17.595,11.73
193.455,17.595,11.73
193.46,17.595,11.73
193.465,11.73,11.73
193.47,5.865,11.73
193.475,-5.865,11.73
193.48000000000002,-17.595,11.73
193.485,-29.326,5.865
193.49,-35.191,0.0
193.495,-35.191,5.865
193.5,-41.056,5.865
193.505,-46.921,5.865
193.51,-52.786,5.865
193.51500000000001,-52.786,5.865
193.52,-58.651,5.865
193.525,-64.516,11.73
193.53,-64.516,17.595
193.535,-64.516,17.595
193.54,-58.651,17.595
193.54500000000002,-52.786,23.46
193.55,-46.921,23.46
193.555,-46.921,23.46
193.56,-35.191,11.73
193.565,-35.191,5.865
193.57,-35.191,0.0
193.57500000000002,-29.326,-5.865
193.58,-23.46,-17.595
193.585,-17.595,-23.46
193.59,-11.73,-23.46
193.595,-17.595,-29.326
193.6,-5.865,-23.46
193.60500000000002,-0.0,-29.326
193.61,-5.865,-35.191
193.615,-5.865,-46.921
193.62,-5.865,-52.786
193.625,-5.865,-58.651
193.63,-0.0,-58.651
193.635,-5.865,-64.516
193.64000000000001,-5.865,-70.381
193.645,-5.865,-64.516
193.65,-5.865,-46.921
193.655,-5.865,-41.056
193.66,-5.865,-35.191
193.665,-5.865,-29.326
193.67000000000002,-5.865,-23.46
193.675,-0.0,-17.595
193.68,-5.865,-5.865
193.685,-17.595,-11.73
193.69,-17.595,0.0
193.695,-17.595,5.865
193.70000000000002,-11.73,-11.73
193.705,-11.73,-11.73
193.71,-11.73,-5.865
193.715,-5.865,-5.865
193.72,-5.865,-5.865
193.725,-5.865,-5.865
193.73000000000002,-11.73,-11.73
193.735,-17.595,-11.73
193.74,-17.595,-17.595
193.745,-17.595,-17.595
193.75,-17.595,-11.73
193.755,-17.595,-5.865
193.76,-17.595,0.0
193.76500000000001,-23.46,5.865
193.77,-17.595,5.865
193.775,-11.73,5.865
193.78,-11.73,5.865
193.785,-11.73,5.865
193.79,-11.73,5.865
193.79500000000002,-11.73,0.0
193.8,-5.865,-5.865
193.805,-5.865,-11.73
193.81,-5.865,-17.595
193.815,-0.0,-29.326
193.82,-0.0,-29.326
193.82500000000002,-0.0,-29.326
193.83,5.865,-23.46
193.835,-0.0,-23.46
193.84,-0.0,-11.73
193.845,-0.0,-11.73
193.85,-5.865,-11.73
193.85500000000002,-5.865,-11.73
193.86,-11.73,-5.865
193.865,-11.73,-11.73
193.87,-11.73,-11.73
193.875,-11.73,-11.73
193.88,-11.73,-5.865
193.885,-11.73,-5.865
193.89000000000001,-5.865,0.0
193.895,-5.865,0.0
193.9,-0.0,0.0
193.905,-0.0,5.865
193.91,-0.0,5.865
193.915,5.865,11.73
193.92000000000002,11.73,5.865
193.925,17.595,5.865
193.93,17.595,5.865
193.935,17.595,5.865
193.94,23.46,0.0
193.945,23.46,0.0
193.95000000000002,29.326,0.0
193.955,29.326,0.0
193.96,23.46,-5.865
193.965,23.46,-5.865
193.97,23.46,0.0
193.975,29.326,0.0
193.98000000000002,29.326,0.0
193.985,29.326,5.865
193.99,35.191,5.865
193.995,35.191,5.865
194.0,41.056,5.865
194.005,52.786,11.73
194.01,52.786,11.73
194.01500000000001,52.786,11.73
194.02,58.651,11.73
194.025,64.516,11.73
194.03,70.381,11.73
194.035,76.246,29.326
194.04,76.246,35.191
194.04500000000002,87.977,23.46
194.05,93.842,23.46
194.055,93.842,29.326
194.06,93.842,35.191
194.065,87.977,35.191
194.07,87.977,29.326
194.07500000000002,87.977,29.326
194.08,87.977,29.326
194.085,87.977,35.191
194.09,82.111,35.191
194.095,76.246,35.191
194.1,70.381,35.191
194.10500000000002,58.651,35.191
194.11,58.651,41.056
194.115,58.651,41.056
194.12,64.516,46.921
194.125,70.381,52.786
194.13,76.246,58.651
194.135,76.246,70.381
194.14000000000001,82.111,76.246
194.145,87.977,76.246
194.15,99.707,70.381
194.155,111.437,64.516
194.16,123.167,52.786
194.165,134.897,41.056
194.17000000000002,140.762,35.191
194.175,140.762,29.326
194.18,140.762,29.326
194.185,134.897,29.326
194.19,129.032,29.326
194.195,123.167,17.595
194.20000000000002,111.437,5.865
194.205,105.572,0.0
194.21,93.842,5.865
194.215,93.842,11.73
194.22,93.842,17.595
194.225,93.842,23.46
194.23000000000002,87.977,23.46
194.235,82.111,23.46
194.24,76.246,23.46
194.245,58.651,35.191
194.25,46.921,41.056
194.255,41.056,52.786
194.26,35.191,64.516
194.26500000000001,35.191,64.516
194.27,41.056,70.381
194.275,52.786,70.381
194.28,64.516,70.381
194.285,76.246,70.381
194.29,93.842,70.381
194.29500000000002,105.572,64.516
194.3,111.437,58.651
194.305,111.437,58.651
194.31,105.572,52.786
194.315,93.842,58.651
194.32,82.111,58.651
194.32500000000002,70.381,64.516
194.33,52.786,70.381
194.335,46.921,76.246
194.34,41.056,76.246
194.345,35.191,76.246
194.35,23.46,76.246
194.35500000000002,5.865,76.246
194.36,-0.0,82.111
194.365,-5.865,87.977
194.37,-5.865,93.842
194.375,-11.73,105.572
194.38,-11.73,117.302
194.385,-5.865,129.032
194.39000000000001,5.865,146.628
194.395,11.73,152.493
194.4,17.595,170.088
194.405,29.326,175.953
194.41,35.191,170.088
194.415,41.056,158.358
194.42000000000002,46.921,146.628
194.425,46.921,129.032
194.43,29.326,105.572
194.435,17.595,70.381
194.44,11.73,35.191
194.445,11.73,11.73
194.45000000000002,11.73,5.865
194.455,11.73,0.0
194.46,17.595,0.0
194.465,23.46,-5.865
194.47,29.326,-11.73
194.475,41.056,-5.865
194.48000000000002,46.921,-5.865
194.485,52.786,0.0
194.49,58.651,11.73
194.495,52.786,17.595
194.5,52.786,23.46
194.505,46.921,23.46
194.51,41.056,23.46
194.51500000000001,35.191,17.595
194.52,17.595,11.73
194.525,-5.865,5.865
194.53,-17.595,5.865
194.535,-23.46,5.865
194.54,-29.326,5.865
194.54500000000002,-29.326,5.865
194.55,-29.326,5.865
194.555,-35.191,5.865
194.56,-52.786,5.865
194.565,-70.381,11.73
194.57,-82.111,11.73
194.57500000000002,-87.977,11.73
194.58,-87.977,5.865
194.585,-87.977,0.0
194.59,-82.111,-5.865
194.595,-82.111,-11.73
194.6,-82.111,-11.73
194.60500000000002,-82.111,-17.595
194.61,-76.246,-17.595
194.615,-76.246,-17.595
194.62,-82.111,-23.46
194.625,-76.246,-29.326
194.63,-76.246,-35.191
194.635,-70.381,-41.056
194.64000000000001,-64.516,-41.056
194.645,-58.651,-46.921
194.65,-52.786,-58.651
194.655,-52.786,-58.651
194.66,-46.921,-70.381
194.665,-46.921,-76.246
194.67000000000002,-46.921,-82.111
194.675,-52.786,-87.977
194.68,-41.056,-93.842
194.685,-35.191,-87.977
194.69,-41.056,-76.246
194.695,-52.786,-76.246
194.70000000000002,-64.516,-70.381
194.705,-70.381,-70.381
194.71,-70.381,-70.381
194.715,-70.381,-70.381
194.72,-70.381,-64.516
194.725,-70.381,-58.651
194.73000000000002,-70.381,-46.921
194.735,-64.516,-35.191
194.74,-52.786,-23.46
194.745,-29.326,-17.595
194.75,-17.595,-17.595
194.755,-11.73,-17.595
194.76,-11.73,-17.595
194.76500000000001,-11.73,-23.46
194.77,-5.865,-23.46
194.775,5.865,-29.326
194.78,11.73,-29.326
194.785,11.73,-35.191
194.79,17.595,-41.056
194.79500000000002,17.595,-41.056
194.8,17.595,-46.921
194.805,23.46,-46.921
194.81,23.46,-41.056
194.815,29.326,-35.191
194.82,29.326,-23.46
194.82500000000002,23.46,-23.46
194.83,29.326,-17.595
194.835,35.191,-17.595
194.84,41.056,-11.73
194.845,41.056,-5.865
194.85,41.056,0.0
194.85500000000002,41.056,5.865
194.86,41.056,11.73
194.865,41.056,11.73
194.87,46.921,17.595
194.875,52.786,17.595
194.88,58.651,17.595
194.885,58.651,17.595
194.89000000000001,52.786,17.595
194.895,58.651,17.595
194.9,58.651,23.46
194.905,58.651,23.46
194.91,58.651,23.46
194.915,58.651,17.595
194.92000000000002,58.651,23.46
194.925,58.651,29.326
194.93,52.786,29.326
194.935,52.786,35.191
194.94,52.786,29.326
194.945,52.786,29.326
194.95000000000002,52.786,23.46
194.955,52.786,11.73
194.96,46.921,17.595
194.965,35.191,17.595
194.97,29.326,17.595
194.975,11.73,11.73
194.98000000000002,5.865,11.73
194.985,-5.865,11.73
194.99,-11.73,11.73
194.995,-11.73,11.73
195.0,-11.73,17.595
195.005,-11.73,23.46
195.01,-11.73,17.595
195.01500000000001,-11.73,17.595
195.02,-11.73,17.595
195.025,-11.73,17.595
195.03,-17.595,17.595
195.035,-17.595,17.595
195.04,-11.73,11.73
195.04500000000002,-5.865,11.73
195.05,5.865,11.73
195.055,17.595,5.865
195.06,29.326,0.0
195.065,41.056,-5.865
195.07,46.921,-5.865
195.07500000000002,46.921,-11.73
195.08,41.056,-11.73
195.085,29.326,-17.595
195.09,17.595,-17.595
195.095,5.865,-17.595
195.1,-0.0,-17.595
195.10500000000002,-5.865,-17.595
195.11,-5.865,-17.595
195.115,-5.865,-17.595
195.12,-0.0,-17.595
195.125,11.73,-17.595
195.13,11.73,-17.595
195.135,23.46,-11.73
195.14000000000001,29.326,-5.865
195.145,35.191,-11.73
195.15,46.921,-11.73
195.155,52.786,0.0
195.16,64.516,17.595
195.165,82.111,41.056
195.17000000000002,87.977,41.056
195.175,82.111,35.191
195.18,82.111,23.46
195.185,76.246,11.73
195.19,64.516,5.865
195.195,58.651,0.0
195.20000000000002,52.786,0.0
195.205,46.921,0.0
195.21,41.056,0.0
195.215,35.191,5.865
195.22,35.191,11.73
195.225,41.056,17.595
195.23000000000002,41.056,23.46
195.235,46.921,35.191
195.24,46.921,41.056
195.245,52.786,52.786
195.25,46.921,64.516
195.255,46.921,82.111
195.26,35.191,87.977
195.26500000000001,23.46,87.977
195.27,5.865,82.111
195.275,-5.865,76.246
195.28,-23.46,70.381
195.285,-35.191,58.651
195.29,-41.056,52.786
195.29500000000002,-46.921,46.921
195.3,-41.056,41.056
195.305,-41.056,41.056
195.31,-35.191,35.191
195.315,-29.326,35.191
195.32,-29.326,41.056
195.32500000000002,-29.326,46.921
195.33,-29.326,46.921
195.335,-29.326,52.786
195.34,-29.326,52.786
195.345,-29.326,46.921
195.35,-29.326,41.056
195.35500000000002,-29.326,35.191
195.36,-29.326,29.326
195.365,-29.326,29.326
195.37,-35.191,23.46
195.375,-35.191,17.595
195.38,-35.191,17.595
195.385,-41.056,17.595
195.39000000000001,-41.056,17.595
195.395,-41.056,11.73
195.4,-41.056,11.73
195.405,-35.191,5.865
195.41,-29.326,0.0
195.415,-23.46,-5.865
195.42000000000002,-17.595,-5.865
195.425,-11.73,-11.73
195.43,-5.865,-17.595
195.435,-0.0,-23.46
195.44,5.865,-23.46
195.445,5.865,-23.46
195.45000000000002,11.73,-23.46
195.455,5.865,-23.46
195.46,-0.0,-23.46
195.465,-5.865,-29.326
195.47,-11.73,-35.191
195.475,-11.73,-35.191
195.48000000000002,-11.73,-35.191
195.485,-11.73,-29.326
195.49,-11.73,-23.46
195.495,-11.73,-17.595
195.5,-17.595,-11.73
195.505,-17.595,-11.73
195.51,-17.595,-11.73
195.51500000000001,-17.595,-5.865
195.52,-17.595,0.0
195.525,-17.595,5.865
195.53,-11.73,5.865
195.535,-11.73,11.73
195.54,-11.73,11.73
195.54500000000002,-5.865,11.73
195.55,-0.0,5.865
195.555,-0.0,0.0
195.56,5.865,-5.865
195.565,5.865,-11.73
195.57,-0.0,-11.73
195.57500000000002,-0.0,-11.73
195.58,-0.0,-5.865
195.585,-0.0,-11.73
195.59,-0.0,-11.73
195.595,-0.0,-17.595
195.6,-0.0,-11.73
195.60500000000002,-0.0,-17.595
195.61,-0.0,-17.595
195.615,-0.0,-17.595
195.62,-0.0,-11.73
195.625,-5.865,-11.73
195.63,-11.73,-11.73
195.635,-11.73,-5.865
195.64000000000001,-17.595,0.0
195.645,-17.595,0.0
195.65,-17.595,5.865
195.655,-17.595,5.865
195.66,-11.73,5.865
195.665,-11.73,0.0
195.67000000000002,-11.73,0.0
195.675,-5.865,0.0
195.68,-5.865,0.0
195.685,-5.865,0.0
195.69,-5.865,0.0
195.695,-11.73,0.0
195.70000000000002,-11.73,0.0
195.705,-11.73,0.0
195.71,-11.73,-5.865
195.715,-11.73,-5.865
195.72,-11.73,-11.73
195.725,-11.73,-11.73
195.73000000000002,-17.595,-17.595
195.735,-11.73,-17.595
195.74,-17.595,-17.595
195.745,-17.595,-17.595
195.75,-17.595,-17.595
195.755,-11.73,-11.73
195.76,-11.73,-11.73
195.76500000000001,-11.73,-11.73
195.77,-11.73,-5.865
195.775,-17.595,-5.865
195.78,-17.595,-5.865
195.785,-17.595,-11.73
195.79,-17.595,-11.73
195.79500000000002,-17.595,-11.73
195.8,-17.595,-11.73
195.805,-17.595,-11.73
195.81,-17.595,-11.73
195.815,-17.595,-11.73
195.82,-23.46,-11.73
195.82500000000002,-35.191,-17.595
195.83,-41.056,-17.595
195.835,-35.191,-17.595
195.84,-29.326,-17.595
195.845,-29.326,-11.73
195.85,-23.46,-11.73
195.85500000000002,-23.46,-11.73
195.86,-29.326,-11.73
195.865,-29.326,-11.73
195.87,-29.326,-17.595
195.875,-29.326,-17.595
195.88,-29.326,-17.595
195.885,-29.326,-17.595
195.89000000000001,-29.326,-17.595
195.895,-23.46,-17.595
195.9,-23.46,-17.595
195.905,-17.595,-17.595
195.91,-17.595,-23.46
195.915,-17.595,-35.191
195.92000000000002,-11.73,-41.056
195.925,-11.73,-41.056
195.93,-11.73,-35.191
195.935,-11.73,-29.326
195.94,-5.865,-29.326
195.945,-5.865,-23.46
195.95000000000002,-5.865,-23.46
195.955,-11.73,-29.326
195.96,-11.73,-29.326
195.965,-11.73,-29.326
195.97,-11.73,-29.326
195.975,-11.73,-29.326
195.98000000000002,-17.595,-29.326
195.985,-17.595,-23.46
195.99,-17.595,-23.46
195.995,-17.595,-17.595
196.0,-17.595,-17.595
196.005,-17.595,-17.595
196.01,-17.595,-11.73
196.01500000000001,-17.595,-11.73
196.02,-29.326,-11.73
196.025,-35.191,-11.73
196.03,-35.191,-5.865
196.035,-35.191,-5.865
196.04,-29.326,-5.865
196.04500000000002,-29.326,-5.865
196.05,-46.921,-5.865
196.055,-23.46,-5.865
196.06,-0.0,-11.73
196.065,-0.0,-11.73
196.07,-0.0,-11.73
196.07500000000002,-5.865,-17.595
196.08,-11.73,-17.595
196.085,-11.73,-17.595
196.09,-11.73,-11.73
196.095,-17.595,-11.73
196.1,-17.595,-11.73
196.10500000000002,-11.73,-11.73
196.11,-5.865,-5.865
196.115,-5.865,0.0
196.12,-0.0,0.0
196.125,-0.0,-5.865
196.13,-0.0,-5.865
196.135,-0.0,-11.73
196.14000000000001,-0.0,-11.73
196.145,-0.0,-5.865
196.15,-0.0,5.865
196.155,-0.0,11.73
196.16,-0.0,5.865
196.165,5.865,0.0
196.17000000000002,11.73,-5.865
196.175,29.326,-11.73
196.18,29.326,-11.73
196.185,35.191,-11.73
196.19,41.056,-11.73
196.195,46.921,-11.73
196.20000000000002,52.786,-5.865
196.205,58.651,0.0
196.21,58.651,0.0
196.215,58.651,5.865
196.22,52.786,11.73
196.225,41.056,11.73
196.23000000000002,35.191,11.73
196.235,35.191,11.73
196.24,35.191,11.73
196.245,35.191,11.73
196.25,35.191,11.73
196.255,41.056,11.73
196.26,41.056,11.73
196.26500000000001,41.056,23.46
196.27,35.191,29.326
196.275,35.191,29.326
196.28,35.191,35.191
196.285,41.056,41.056
196.29,41.056,46.921
196.29500000000002,41.056,46.921
196.3,41.056,46.921
196.305,35.191,46.921
196.31,35.191,46.921
196.315,35.191,46.921
196.32,35.191,41.056
196.32500000000002,41.056,35.191
196.33,41.056,35.191
196.335,35.191,35.191
196.34,35.191,35.191
196.345,35.191,35.191
196.35,41.056,35.191
196.35500000000002,52.786,35.191
196.36,64.516,35.191
196.365,76.246,35.191
196.37,82.111,35.191
196.375,82.111,41.056
196.38,82.111,41.056
196.385,82.111,41.056
196.39000000000001,82.111,41.056
196.395,82.111,35.191
196.4,76.246,35.191
196.405,76.246,35.191
196.41,70.381,35.191
196.415,64.516,41.056
196.42000000000002,52.786,41.056
196.425,35.191,35.191
196.43,11.73,35.191
196.435,-5.865,35.191
196.44,-23.46,41.056
196.445,-35.191,46.921
196.45000000000002,-46.921,46.921
196.455,-52.786,35.191
196.46,-70.381,29.326
196.465,-87.977,23.46
196.47,-99.707,17.595
196.475,-105.572,17.595
196.48000000000002,-99.707,11.73
196.485,-93.842,17.595
196.49,-87.977,11.73
196.495,-82.111,17.595
196.5,-82.111,17.595
196.505,-70.381,17.595
196.51,-64.516,11.73
196.51500000000001,-70.381,5.865
196.52,-76.246,0.0
196.525,-82.111,-11.73
196.53,-82.111,-23.46
196.535,-82.111,-35.191
196.54,-87.977,-46.921
196.54500000000002,-76.246,-58.651
196.55,-58.651,-70.381
196.555,-23.46,-87.977
196.56,11.73,-99.707
196.565,11.73,-105.572
196.57,-0.0,-105.572
196.57500000000002,-11.73,-99.707
196.58,-23.46,-93.842
196.585,-23.46,-82.111
196.59,-17.595,-82.111
196.595,-11.73,-76.246
196.6,-5.865,-70.381
196.60500000000002,-0.0,-70.381
196.61,52.786,-76.246
196.615,87.977,-82.111
196.62,105.572,-82.111
196.625,99.707,-87.977
196.63,82.111,-87.977
196.635,70.381,-82.111
196.64000000000001,58.651,-64.516
196.645,52.786,-58.651
196.65,41.056,-70.381
196.655,29.326,-82.111
196.66,23.46,-82.111
196.665,11.73,-82.111
196.67000000000002,23.46,-76.246
196.675,76.246,-70.381
196.68,117.302,-70.381
196.685,117.302,-70.381
196.69,93.842,-64.516
196.695,58.651,-46.921
196.70000000000002,46.921,-46.921
196.705,35.191,-35.191
196.71,23.46,-17.595
196.715,35.191,-5.865
196.72,41.056,5.865
196.725,35.191,17.595
196.73000000000002,41.056,11.73
196.735,58.651,11.73
196.74,58.651,5.865
196.745,52.786,5.865
196.75,58.651,0.0
196.755,70.381,0.0
196.76,76.246,0.0
196.76500000000001,82.111,5.865
196.77,76.246,11.73
196.775,46.921,23.46
196.78,29.326,17.595
196.785,23.46,11.73
196.79,29.326,11.73
196.79500000000002,41.056,23.46
196.8,41.056,23.46
196.805,35.191,29.326
196.81,35.191,41.056
196.815,41.056,35.191
196.82,41.056,35.191
196.82500000000002,29.326,29.326
196.83,23.46,29.326
196.835,17.595,29.326
196.84,11.73,35.191
196.845,11.73,46.921
196.85,11.73,64.516
196.85500000000002,11.73,76.246
196.86,11.73,76.246
196.865,11.73,70.381
196.87,17.595,58.651
196.875,17.595,52.786
196.88,23.46,52.786
196.885,23.46,58.651
196.89000000000001,29.326,64.516
196.895,29.326,64.516
196.9,35.191,58.651
196.905,35.191,64.516
196.91,35.191,64.516
196.915,35.191,58.651
196.92000000000002,35.191,52.786
196.925,41.056,52.786
196.93,41.056,41.056
196.935,41.056,35.191
196.94,41.056,29.326
196.945,41.056,23.46
196.95000000000002,46.921,23.46
196.955,58.651,23.46
196.96,70.381,23.46
196.965,70.381,23.46
196.97,70.381,29.326
196.975,52.786,29.326
196.98000000000002,46.921,35.191
196.985,35.191,35.191
196.99,29.326,41.056
196.995,29.326,41.056
197.0,23.46,41.056
197.005,29.326,41.056
197.01,29.326,46.921
197.01500000000001,29.326,46.921
197.02,35.191,52.786
197.025,35.191,58.651
197.03,35.191,58.651
197.035,35.191,58.651
197.04,35.191,64.516
197.04500000000002,35.191,64.516
197.05,41.056,64.516
197.055,41.056,64.516
197.06,41.056,58.651
197.065,41.056,46.921
197.07,41.056,35.191
197.07500000000002,35.191,29.326
197.08,35.191,23.46
197.085,35.191,17.595
197.09,35.191,17.595
197.095,41.056,17.595
197.1,46.921,23.46
197.10500000000002,46.921,29.326
197.11,46.921,29.326
197.115,52.786,35.191
197.12,52.786,35.191
197.125,58.651,35.191
197.13,58.651,35.191
197.135,64.516,35.191
197.14000000000001,64.516,35.191
197.145,64.516,35.191
197.15,58.651,41.056
197.155,41.056,41.056
197.16,29.326,41.056
197.165,23.46,35.191
197.17000000000002,23.46,35.191
197.175,11.73,35.191
197.18,23.46,29.326
197.185,29.326,29.326
197.19,35.191,23.46
197.195,35.191,23.46
197.20000000000002,29.326,17.595
197.205,23.46,17.595
197.21,11.73,17.595
197.215,11.73,17.595
197.22,11.73,17.595
197.225,5.865,17.595
197.23000000000002,5.865,23.46
197.235,-5.865,23.46
197.24,-11.73,17.595
197.245,-23.46,11.73
197.25,-35.191,5.865
197.255,-35.191,0.0
197.26,-35.191,-5.865
197.26500000000001,-35.191,-17.595
197.27,-29.326,-29.326
197.275,-29.326,-29.326
197.28,-17.595,-17.595
197.285,-11.73,-11.73
197.29,-11.73,-11.73
197.29500000000002,-11.73,-17.595
197.3,-11.73,-17.595
197.305,-11.73,-23.46
197.31,-11.73,-23.46
197.315,-11.73,-23.46
197.32,-11.73,-29.326
197.32500000000002,-17.595,-35.191
197.33,-17.595,-35.191
197.335,-23.46,-41.056
197.34,-29.326,-52.786
197.345,-29.326,-58.651
197.35,-23.46,-58.651
197.35500000000002,-23.46,-58.651
197.36,-23.46,-58.651
197.365,-23.46,-52.786
197.37,-23.46,-52.786
197.375,-23.46,-52.786
197.38,-11.73,-46.921
197.385,-23.46,-46.921
197.39000000000001,-23.46,-41.056
197.395,-11.73,-41.056
197.4,-5.865,-35.191
197.405,-0.0,-35.191
197.41,5.865,-35.191
197.415,5.865,-35.191
197.42000000000002,5.865,-29.326
197.425,5.865,-23.46
197.43,11.73,-23.46
197.435,11.73,-23.46
197.44,17.595,-17.595
197.445,17.595,-23.46
197.45000000000002,17.595,-23.46
197.455,11.73,-29.326
197.46,11.73,-29.326
197.465,11.73,-23.46
197.47,5.865,-17.595
197.475,5.865,5.865
197.48000000000002,-0.0,-5.865
197.485,-5.865,-11.73
197.49,-5.865,-11.73
197.495,-17.595,-5.865
197.5,-23.46,0.0
197.505,-23.46,0.0
197.51,-17.595,-5.865
197.51500000000001,-17.595,-5.865
197.52,-11.73,-5.865
197.525,-11.73,0.0
197.53,-11.73,0.0
197.535,-5.865,5.865
197.54,-0.0,5.865
197.54500000000002,11.73,5.865
197.55,-17.595,5.865
197.555,-46.921,0.0
197.56,-41.056,-5.865
197.565,-41.056,-11.73
197.57,-35.191,-17.595
197.57500000000002,-35.191,-17.595
197.58,-35.191,-17.595
197.585,-41.056,-17.595
197.59,-46.921,-23.46
197.595,-46.921,-23.46
197.6,-52.786,-17.595
197.60500000000002,-58.651,-17.595
197.61,-64.516,-17.595
197.615,-64.516,-29.326
197.62,-64.516,-35.191
197.625,-58.651,-35.191
197.63,-52.786,-35.191
197.635,-52.786,-35.191
197.64000000000001,-52.786,-29.326
197.645,-58.651,-41.056
197.65,-58.651,-41.056
197.655,-64.516,-35.191
197.66,-70.381,-35.191
197.665,-76.246,-35.191
197.67000000000002,-76.246,-35.191
197.675,-76.246,-41.056
197.68,-70.381,-46.921
197.685,-52.786,-46.921
197.69,-46.921,-52.786
197.695,-41.056,-58.651
197.70000000000002,-35.191,-64.516
197.705,-35.191,-64.516
197.71,-41.056,-58.651
197.715,-46.921,-58.651
197.72,-46.921,-58.651
197.725,-52.786,-46.921
197.73000000000002,-58.651,-46.921
197.735,-64.516,-41.056
197.74,-70.381,-41.056
197.745,-76.246,-41.056
197.75,-87.977,-41.056
197.755,-93.842,-41.056
197.76,-93.842,-41.056
197.76500000000001,-99.707,-35.191
197.77,-99.707,-35.191
197.775,-93.842,-29.326
197.78,-93.842,-29.326
197.785,-87.977,-29.326
197.79,-76.246,-29.326
197.79500000000002,-64.516,-29.326
197.8,-52.786,-35.191
197.805,-46.921,-41.056
197.81,-35.191,-41.056
197.815,-29.326,-46.921
197.82,-23.46,-46.921
197.82500000000002,-23.46,-52.786
197.83,-29.326,-46.921
197.835,-35.191,-46.921
197.84,-46.921,-46.921
197.845,-52.786,-46.921
197.85,-58.651,-41.056
197.85500000000002,-64.516,-41.056
197.86,-70.381,-41.056
197.865,-76.246,-41.056
197.87,-76.246,-41.056
197.875,-70.381,-41.056
197.88,-58.651,-41.056
197.885,-46.921,-35.191
197.89000000000001,-41.056,-29.326
197.895,-35.191,-23.46
197.9,-35.191,-17.595
197.905,-29.326,-17.595
197.91,-23.46,-17.595
197.915,-11.73,-17.595
197.92000000000002,-0.0,-17.595
197.925,11.73,-23.46
197.93,11.73,-29.326
197.935,11.73,-35.191
197.94,5.865,-35.191
197.945,-0.0,-35.191
197.95000000000002,-0.0,-35.191
197.955,-5.865,-35.191
197.96,-11.73,-29.326
197.965,-23.46,-23.46
197.97,-29.326,-17.595
197.975,-29.326,-11.73
197.98000000000002,-29.326,0.0
197.985,-29.326,0.0
197.99,-29.326,5.865
197.995,-29.326,5.865
198.0,-29.326,5.865
198.005,-29.326,5.865
198.01,-29.326,11.73
198.01500000000001,-29.326,17.595
198.02,-17.595,17.595
198.025,-11.73,17.595
198.03,-0.0,17.595
198.035,11.73,17.595
198.04,17.595,17.595
198.04500000000002,23.46,5.865
198.05,23.46,-5.865
198.055,23.46,-11.73
198.06,29.326,-17.595
198.065,35.191,-23.46
198.07,29.326,-23.46
198.07500000000002,23.46,-23.46
198.08,23.46,-29.326
198.085,17.595,-29.326
198.09,11.73,-29.326
198.095,11.73,-29.326
198.1,17.595,-29.326
198.10500000000002,29.326,-29.326
198.11,41.056,-17.595
198.115,52.786,-11.73
198.12,70.381,0.0
198.125,93.842,11.73
198.13,123.167,23.46
198.135,134.897,23.46
198.14000000000001,146.628,23.46
198.145,146.628,23.46
198.15,134.897,29.326
198.155,123.167,35.191
198.16,105.572,29.326
198.165,93.842,29.326
198.17000000000002,76.246,23.46
198.175,70.381,17.595
198.18,52.786,11.73
198.185,46.921,11.73
198.19,46.921,17.595
198.195,46.921,23.46
198.20000000000002,46.921,35.191
198.205,52.786,52.786
198.21,58.651,70.381
198.215,52.786,82.111
198.22,41.056,87.977
198.225,35.191,93.842
198.23000000000002,23.46,93.842
198.235,11.73,93.842
198.24,-0.0,99.707
198.245,-5.865,93.842
198.25,-11.73,87.977
198.255,-17.595,82.111
198.26,-17.595,76.246
198.26500000000001,-17.595,70.381
198.27,-29.326,58.651
198.275,-29.326,52.786
198.28,-35.191,46.921
198.285,-35.191,52.786
198.29,-41.056,58.651
198.29500000000002,-52.786,76.246
198.3,-58.651,87.977
198.305,-64.516,87.977
198.31,-70.381,82.111
198.315,-70.381,76.246
198.32,-64.516,76.246
198.32500000000002,-52.786,64.516
198.33,-41.056,58.651
198.335,-29.326,52.786
198.34,-17.595,41.056
198.345,-5.865,29.326
198.35,-0.0,17.595
198.35500000000002,-5.865,11.73
198.36,-11.73,0.0
198.365,-23.46,-5.865
198.37,-41.056,-17.595
198.375,-58.651,-29.326
198.38,-70.381,-41.056
198.385,-82.111,-46.921
198.39000000000001,-87.977,-58.651
198.395,-87.977,-64.516
198.4,-87.977,-70.381
198.405,-93.842,-64.516
198.41,-105.572,-52.786
198.415,-123.167,-41.056
198.42000000000002,-140.762,-23.46
198.425,-152.493,-11.73
198.43,-158.358,-5.865
198.435,-164.223,0.0
198.44,-164.223,0.0
198.445,-158.358,0.0
198.45000000000002,-140.762,-5.865
198.455,-111.437,-23.46
198.46,-87.977,-41.056
198.465,-70.381,-52.786
198.47,-64.516,-70.381
198.475,-58.651,-82.111
198.48000000000002,-58.651,-87.977
198.485,-58.651,-87.977
198.49,-64.516,-87.977
198.495,-64.516,-82.111
198.5,-58.651,-87.977
198.505,-58.651,-87.977
198.51,-70.381,-70.381
198.51500000000001,-76.246,-46.921
198.52,-93.842,-5.865
198.525,-87.977,5.865
198.53,-82.111,-29.326
198.535,-70.381,-76.246
198.54,-58.651,-105.572
198.54500000000002,-46.921,-105.572
198.55,-29.326,-87.977
198.555,-23.46,-70.381
198.56,-23.46,-64.516
198.565,-35.191,-58.651
198.57,-52.786,-58.651
198.57500000000002,-52.786,-58.651
198.58,-52.786,-58.651
198.585,-35.191,-58.651
198.59,-17.595,-52.786
198.595,-0.0,-58.651
198.6,5.865,-64.516
198.60500000000002,17.595,-76.246
198.61,23.46,-87.977
198.615,29.326,-93.842
198.62,23.46,-82.111
198.625,17.595,-70.381
198.63,11.73,-58.651
198.635,-0.0,-46.921
198.64000000000001,-17.595,-35.191
198.645,-23.46,-23.46
198.65,-29.326,-23.46
198.655,-35.191,-41.056
198.66,-41.056,-64.516
198.665,-41.056,-82.111
198.67000000000002,-41.056,-82.111
198.675,-35.191,-64.516
198.68,-35.191,-52.786
198.685,-35.191,-41.056
198.69,-35.191,-17.595
198.695,-29.326,-5.865
198.70000000000002,-29.326,5.865
198.705,-29.326,5.865
198.71,-23.46,-5.865
198.715,-17.595,-17.595
198.72,-5.865,-29.326
198.725,5.865,-35.191
198.73000000000002,17.595,-35.191
198.735,35.191,-46.921
198.74,52.786,-58.651
198.745,70.381,-70.381
198.75,82.111,-82.111
198.755,93.842,-87.977
198.76,93.842,-93.842
198.76500000000001,87.977,-99.707
198.77,70.381,-93.842
198.775,52.786,-87.977
198.78,35.191,-87.977
198.785,11.73,-82.111
198.79,-5.865,-76.246
198.79500000000002,-17.595,-64.516
198.8,-29.326,-46.921
198.805,-35.191,-35.191
198.81,-41.056,-17.595
198.815,-41.056,-5.865
198.82,-35.191,11.73
198.82500000000002,-35.191,23.46
198.83,-29.326,41.056
198.835,-23.46,58.651
198.84,-17.595,76.246
198.845,-17.595,87.977
198.85,-17.595,87.977
198.85500000000002,-17.595,82.111
198.86,-11.73,58.651
198.865,-11.73,29.326
198.87,-5.865,5.865
198.875,-11.73,-23.46
198.88,-23.46,-46.921
198.885,-35.191,-58.651
198.89000000000001,-41.056,-58.651
198.895,-52.786,-58.651
198.9,-58.651,-52.786
198.905,-52.786,-46.921
198.91,-41.056,-41.056
198.915,-23.46,-41.056
198.92000000000002,-11.73,-35.191
198.925,5.865,-29.326
198.93,11.73,-23.46
198.935,17.595,-17.595
198.94,11.73,-11.73
198.945,11.73,0.0
198.95000000000002,5.865,11.73
198.955,-0.0,17.595
198.96,-11.73,23.46
198.965,-17.595,17.595
198.97,-17.595,11.73
198.975,-11.73,-5.865
198.98000000000002,-5.865,-17.595
198.985,-0.0,-17.595
198.99,5.865,-17.595
198.995,5.865,-11.73
199.0,11.73,0.0
199.005,17.595,17.595
199.01,23.46,35.191
199.01500000000001,23.46,41.056
199.02,11.73,46.921
199.025,5.865,46.921
199.03,-0.0,35.191
199.035,-5.865,23.46
199.04,-11.73,11.73
199.04500000000002,-11.73,-5.865
199.05,-5.865,-17.595
199.055,-5.865,-17.595
199.06,-11.73,-17.595
199.065,-11.73,-5.865
199.07,-11.73,5.865
199.07500000000002,-11.73,11.73
199.08,-11.73,23.46
199.085,-11.73,29.326
199.09,-11.73,29.326
199.095,-11.73,35.191
199.1,-5.865,35.191
199.10500000000002,-5.865,23.46
199.11,-0.0,17.595
199.115,5.865,11.73
199.12,11.73,0.0
199.125,23.46,-5.865
199.13,29.326,-11.73
199.135,29.326,-17.595
199.14000000000001,35.191,-29.326
199.145,35.191,-23.46
199.15,35.191,-17.595
199.155,29.326,-11.73
199.16,23.46,-5.865
199.165,23.46,-5.865
199.17000000000002,11.73,-5.865
199.175,5.865,-5.865
199.18,-0.0,-5.865
199.185,-0.0,-5.865
199.19,5.865,-5.865
199.195,5.865,0.0
199.20000000000002,11.73,0.0
199.205,17.595,5.865
199.21,23.46,11.73
199.215,23.46,17.595
199.22,23.46,23.46
199.225,17.595,29.326
199.23000000000002,11.73,35.191
199.235,5.865,35.191
199.24,-0.0,29.326
199.245,-5.865,23.46
199.25,-11.73,11.73
199.255,-17.595,5.865
199.26,-23.46,5.865
199.26500000000001,-23.46,5.865
199.27,-23.46,0.0
199.275,-29.326,0.0
199.28,-41.056,0.0
199.285,-58.651,0.0
199.29,-70.381,5.865
199.29500000000002,-82.111,5.865
199.3,-87.977,5.865
199.305,-93.842,5.865
199.31,-99.707,11.73
199.315,-93.842,5.865
199.32,-82.111,0.0
199.32500000000002,-70.381,-11.73
199.33,-70.381,-17.595
199.335,-76.246,-23.46
199.34,-82.111,-23.46
199.345,-82.111,-23.46
199.35,-87.977,-23.46
199.35500000000002,-99.707,-23.46
199.36,-105.572,-23.46
199.365,-111.437,-29.326
199.37,-117.302,-35.191
199.375,-117.302,-46.921
199.38,-123.167,-52.786
199.385,-129.032,-46.921
199.39000000000001,-129.032,-41.056
199.395,-129.032,-29.326
199.4,-123.167,-23.46
199.405,-117.302,-17.595
199.41,-111.437,-23.46
199.415,-93.842,-35.191
199.42000000000002,-82.111,-35.191
199.425,-76.246,-35.191
199.43,-64.516,-35.191
199.435,-52.786,-41.056
199.44,-41.056,-58.651
199.445,-41.056,-82.111
199.45000000000002,-41.056,-93.842
199.455,-41.056,-99.707
199.46,-41.056,-99.707
199.465,-41.056,-99.707
199.47,-35.191,-105.572
199.475,-41.056,-111.437
199.48000000000002,-41.056,-117.302
199.485,-46.921,-117.302
199.49,-46.921,-117.302
199.495,-46.921,-111.437
199.5,-41.056,-99.707
199.505,-35.191,-87.977
199.51,-23.46,-64.516
199.51500000000001,-17.595,-41.056
199.52,-11.73,-17.595
199.525,-11.73,-5.865
199.53,-5.865,5.865
199.535,-5.865,11.73
199.54,-0.0,11.73
199.54500000000002,5.865,5.865
199.55,23.46,5.865
199.555,35.191,5.865
199.56,35.191,5.865
199.565,29.326,5.865
199.57,29.326,5.865
199.57500000000002,17.595,5.865
199.58,11.73,0.0
199.585,5.865,0.0
199.59,-0.0,5.865
199.595,-0.0,11.73
199.6,5.865,11.73
199.60500000000002,5.865,11.73
199.61,11.73,11.73
199.615,11.73,11.73
199.62,11.73,5.865
199.625,11.73,0.0
199.63,17.595,0.0
199.635,17.595,5.865
199.64000000000001,17.595,17.595
199.645,11.73,29.326
199.65,5.865,35.191
199.655,-0.0,29.326
199.66,-5.865,35.191
199.665,-11.73,23.46
199.67000000000002,-17.595,11.73
199.675,-17.595,5.865
199.68,-17.595,5.865
199.685,-17.595,0.0
199.69,-17.595,0.0
199.695,-17.595,5.865
199.70000000000002,-11.73,5.865
199.705,-5.865,11.73
199.71,5.865,11.73
199.715,11.73,11.73
199.72,11.73,17.595
199.725,11.73,17.595
199.73000000000002,11.73,17.595
199.735,5.865,11.73
199.74,5.865,5.865
199.745,5.865,-5.865
199.75,5.865,-11.73
199.755,5.865,-17.595
199.76,5.865,-23.46
199.76500000000001,5.865,-23.46
199.77,5.865,-23.46
199.775,11.73,-23.46
199.78,17.595,-17.595
199.785,35.191,-17.595
199.79,29.326,-11.73
199.79500000000002,5.865,-5.865
199.8,11.73,0.0
199.805,46.921,11.73
199.81,64.516,17.595
199.815,70.381,17.595
199.82,70.381,17.595
199.82500000000002,58.651,11.73
199.83,46.921,11.73
199.835,29.326,5.865
199.84,23.46,11.73
199.845,11.73,5.865
199.85,5.865,5.865
199.85500000000002,-0.0,5.865
199.86,-5.865,11.73
199.865,-5.865,11.73
199.87,-11.73,17.595
199.875,-11.73,29.326
199.88,-11.73,35.191
199.885,-11.73,11.73
199.89000000000001,-17.595,11.73
199.895,-17.595,41.056
199.9,-17.595,64.516
199.905,-11.73,76.246
199.91,-11.73,76.246
199.915,-17.595,64.516
199.92000000000002,-29.326,52.786
199.925,-41.056,35.191
199.93,-41.056,23.46
199.935,-41.056,17.595
199.94,-29.326,11.73
199.945,-23.46,5.865
199.95000000000002,-11.73,0.0
199.955,-5.865,-5.865
199.96,-11.73,-11.73
199.965,-11.73,-11.73
199.97,-23.46,-11.73
199.975,-35.191,-11.73
199.98000000000002,-46.921,-17.595
199.985,-52.786,-11.73
199.99,-52.786,-11.73
199.995,-52.786,-11.73
200.0,-46.921,-11.73
200.005,-46.921,-11.73
200.01,-41.056,-11.73
200.01500000000001,-41.056,-5.865
200.02,-29.326,0.0
200.025,-23.46,5.865
200.03,-17.595,17.595
200.035,-17.595,23.46
200.04,-17.595,23.46
200.04500000000002,-17.595,29.326
200.05,-17.595,35.191
200.055,-23.46,35.191
200.06,-35.191,35.191
200.065,-41.056,29.326
200.07,-46.921,29.326
200.07500000000002,-58.651,23.46
200.08,-58.651,17.595
200.085,-52.786,11.73
200.09,-41.056,5.865
200.095,-29.326,0.0
200.1,-23.46,-5.865
200.10500000000002,-17.595,0.0
200.11,-17.595,5.865
200.115,-23.46,11.73
200.12,-29.326,17.595
200.125,-35.191,23.46
200.13,-35.191,23.46
200.135,-41.056,17.595
200.14000000000001,-46.921,17.595
200.145,-46.921,17.595
200.15,-41.056,5.865
200.155,-41.056,0.0
200.16,-29.326,-11.73
200.165,-17.595,-17.595
200.17000000000002,-11.73,-23.46
200.175,-0.0,-23.46
200.18,5.865,-17.595
200.185,17.595,-5.865
200.19,17.595,-5.865
200.195,11.73,0.0
200.20000000000002,5.865,0.0
200.205,-5.865,0.0
200.21,-17.595,0.0
200.215,-17.595,0.0
200.22,-17.595,-5.865
200.225,-11.73,-17.595
200.23000000000002,11.73,-23.46
200.235,41.056,-35.191
200.24,70.381,-35.191
200.245,123.167,-35.191
200.25,170.088,-23.46
200.255,117.302,-17.595
200.26,41.056,-5.865
200.26500000000001,5.865,0.0
200.27,-5.865,5.865
200.275,-11.73,11.73
200.28,-17.595,17.595
200.285,-23.46,17.595
200.29,-29.326,11.73
200.29500000000002,-29.326,5.865
200.3,-29.326,5.865
200.305,-17.595,5.865
200.31,-11.73,5.865
200.315,-0.0,5.865
200.32,11.73,5.865
200.32500000000002,17.595,5.865
200.33,11.73,11.73
200.335,11.73,17.595
200.34,11.73,29.326
200.345,11.73,23.46
200.35,11.73,11.73
200.35500000000002,11.73,0.0
200.36,11.73,-11.73
200.365,17.595,-17.595
200.37,23.46,-29.326
200.375,29.326,-41.056
200.38,29.326,-52.786
200.385,35.191,-58.651
200.39000000000001,35.191,-58.651
200.395,35.191,-58.651
200.4,35.191,-46.921
200.405,29.326,-41.056
200.41,29.326,-35.191
200.415,29.326,-23.46
200.42000000000002,29.326,-17.595
200.425,23.46,-11.73
200.43,23.46,-11.73
200.435,23.46,-11.73
200.44,23.46,-5.865
200.445,23.46,0.0
200.45000000000002,23.46,11.73
200.455,23.46,17.595
200.46,17.595,23.46
200.465,11.73,29.326
200.47,11.73,29.326
200.475,17.595,35.191
200.48000000000002,17.595,35.191
200.485,11.73,35.191
200.49,-0.0,35.191
200.495,-5.865,23.46
200.5,-17.595,11.73
200.505,-23.46,0.0
200.51,-23.46,-11.73
200.51500000000001,-23.46,-23.46
200.52,-23.46,-29.326
200.525,-29.326,-41.056
200.53,-23.46,-46.921
200.535,-23.46,-41.056
200.54,-23.46,-35.191
200.54500000000002,-17.595,-35.191
200.55,-17.595,-35.191
200.555,-5.865,-35.191
200.56,-0.0,-29.326
200.565,5.865,-17.595
200.57,11.73,0.0
200.57500000000002,5.865,11.73
200.58,5.865,17.595
200.585,5.865,17.595
200.59,-0.0,17.595
200.595,-5.865,17.595
200.6,-5.865,17.595
200.60500000000002,-17.595,17.595
200.61,-23.46,23.46
200.615,-29.326,29.326
200.62,-35.191,35.191
200.625,-46.921,35.191
200.63,-41.056,29.326
200.635,-41.056,29.326
200.64000000000001,-41.056,35.191
200.645,-46.921,35.191
200.65,-46.921,35.191
200.655,-46.921,35.191
200.66,-35.191,35.191
200.665,-23.46,29.326
200.67000000000002,-17.595,29.326
200.675,-11.73,29.326
200.68,-0.0,29.326
200.685,5.865,29.326
200.69,5.865,29.326
200.695,11.73,29.326
200.70000000000002,17.595,29.326
200.705,23.46,29.326
200.71,17.595,29.326
200.715,5.865,29.326
200.72,-0.0,41.056
200.725,-11.73,46.921
200.73000000000002,-17.595,46.921
200.735,-23.46,41.056
200.74,-29.326,35.191
200.745,-29.326,35.191
200.75,-23.46,29.326
200.755,-23.46,23.46
200.76,-23.46,23.46
200.76500000000001,-23.46,35.191
200.77,-11.73,29.326
200.775,-0.0,29.326
200.78,17.595,23.46
200.785,29.326,23.46
200.79,46.921,23.46
200.79500000000002,58.651,23.46
200.8,70.381,17.595
200.805,76.246,11.73
200.81,76.246,0.0
200.815,76.246,-5.865
200.82,70.381,-17.595
200.82500000000002,64.516,-23.46
200.83,52.786,-29.326
200.835,46.921,-29.326
200.84,35.191,-29.326
200.845,29.326,-35.191
200.85,23.46,-41.056
200.85500000000002,11.73,-41.056
200.86,5.865,-35.191
200.865,5.865,-23.46
200.87,5.865,-11.73
200.875,5.865,-5.865
200.88,5.865,0.0
200.885,5.865,0.0
200.89000000000001,5.865,0.0
200.895,5.865,-5.865
200.9,5.865,-11.73
200.905,5.865,-17.595
200.91,11.73,-11.73
200.915,17.595,-11.73
200.92000000000002,29.326,-11.73
200.925,35.191,-11.73
200.93,41.056,-11.73
200.935,46.921,-11.73
200.94,46.921,-11.73
200.945,46.921,-17.595
200.95000000000002,46.921,-23.46
200.955,46.921,-23.46
200.96,46.921,-17.595
200.965,41.056,-17.595
200.97,35.191,-11.73
200.975,35.191,-5.865
200.98000000000002,29.326,0.0
200.985,29.326,5.865
200.99,29.326,5.865
200.995,23.46,5.865
201.0,11.73,11.73
201.005,11.73,17.595
201.01,11.73,23.46
201.01500000000001,11.73,35.191
201.02,11.73,41.056
201.025,17.595,46.921
201.03,17.595,52.786
201.035,23.46,52.786
201.04,23.46,52.786
201.04500000000002,23.46,46.921
201.05,23.46,46.921
201.055,17.595,41.056
201.06,17.595,35.191
201.065,11.73,35.191
201.07,5.865,29.326
201.07500000000002,-0.0,29.326
201.08,-5.865,23.46
201.085,-11.73,23.46
201.09,-5.865,17.595
201.095,-5.865,11.73
201.1,-0.0,11.73
201.10500000000002,5.865,11.73
201.11,11.73,11.73
201.115,17.595,11.73
201.12,29.326,11.73
201.125,35.191,17.595
201.13,35.191,17.595
201.135,41.056,23.46
201.14000000000001,41.056,23.46
201.145,41.056,23.46
201.15,35.191,17.595
201.155,35.191,11.73
201.16,35.191,11.73
201.165,35.191,0.0
201.17000000000002,35.191,-5.865
201.175,35.191,-5.865
201.18,41.056,-5.865
201.185,46.921,-5.865
201.19,46.921,0.0
201.195,41.056,5.865
201.20000000000002,35.191,11.73
201.205,29.326,17.595
201.21,23.46,23.46
201.215,23.46,29.326
201.22,17.595,35.191
201.225,11.73,41.056
201.23000000000002,11.73,41.056
201.235,5.865,41.056
201.24,-0.0,41.056
201.245,-0.0,35.191
201.25,-5.865,35.191
201.255,-0.0,35.191
201.26,-0.0,35.191
201.26500000000001,-0.0,35.191
201.27,-0.0,41.056
201.275,5.865,46.921
201.28,5.865,46.921
201.285,5.865,46.921
201.29,5.865,41.056
201.29500000000002,5.865,35.191
201.3,-0.0,29.326
201.305,-0.0,23.46
201.31,5.865,17.595
201.315,5.865,17.595
201.32,5.865,17.595
201.32500000000002,5.865,11.73
201.33,5.865,5.865
201.335,5.865,5.865
201.34,5.865,0.0
201.345,-0.0,0.0
201.35,-0.0,0.0
201.35500000000002,5.865,0.0
201.36,5.865,0.0
201.365,-0.0,0.0
201.37,5.865,5.865
201.375,-0.0,11.73
201.38,5.865,5.865
201.385,5.865,5.865
201.39000000000001,5.865,0.0
201.395,11.73,0.0
201.4,11.73,0.0
201.405,17.595,5.865
201.41,23.46,5.865
201.415,29.326,11.73
201.42000000000002,35.191,5.865
201.425,35.191,5.865
201.43,35.191,5.865
201.435,29.326,0.0
201.44,23.46,0.0
201.445,17.595,0.0
201.45000000000002,11.73,0.0
201.455,5.865,0.0
201.46,-0.0,0.0
201.465,-0.0,0.0
201.47,-0.0,0.0
201.475,-0.0,0.0
201.48000000000002,-0.0,5.865
201.485,-0.0,5.865
201.49,5.865,11.73
201.495,5.865,17.595
201.5,5.865,23.46
201.505,5.865,29.326
201.51,-0.0,35.191
201.51500000000001,-5.865,35.191
201.52,-11.73,35.191
201.525,-5.865,35.191
201.53,-0.0,23.46
201.535,5.865,17.595
201.54,5.865,11.73
201.54500000000002,5.865,5.865
201.55,5.865,5.865
201.555,5.865,0.0
201.56,5.865,0.0
201.565,5.865,0.0
201.57,5.865,5.865
201.57500000000002,5.865,0.0
201.58,-0.0,5.865
201.585,-0.0,5.865
201.59,-0.0,5.865
201.595,-0.0,5.865
201.6,-0.0,0.0
201.60500000000002,-0.0,-5.865
201.61,-0.0,-5.865
201.615,-0.0,-11.73
201.62,-5.865,-5.865
201.625,-5.865,5.865
201.63,-5.865,5.865
201.635,-5.865,5.865
201.64000000000001,-5.865,5.865
201.645,-0.0,5.865
201.65,-0.0,5.865
201.655,-0.0,5.865
201.66,-0.0,5.865
201.665,-0.0,5.865
201.67000000000002,-0.0,0.0
201.675,-0.0,0.0
201.68,-5.865,0.0
201.685,-11.73,0.0
201.69,-17.595,0.0
201.695,-23.46,0.0
201.70000000000002,-29.326,0.0
201.705,-35.191,0.0
201.71,-35.191,-5.865
201.715,-35.191,-5.865
201.72,-29.326,-5.865
201.725,-23.46,-5.865
201.73000000000002,-17.595,-5.865
201.735,-11.73,0.0
201.74,-0.0,0.0
201.745,5.865,0.0
201.75,11.73,0.0
201.755,11.73,0.0
201.76,5.865,0.0
201.76500000000001,-0.0,-5.865
201.77,-5.865,-5.865
201.775,-11.73,-11.73
201.78,-17.595,-17.595
201.785,-29.326,-23.46
201.79,-29.326,-29.326
201.79500000000002,-35.191,-35.191
201.8,-41.056,-35.191
201.805,-41.056,-35.191
201.81,-46.921,-35.191
201.815,-41.056,-29.326
201.82,-41.056,-23.46
201.82500000000002,-35.191,-11.73
201.83,-29.326,0.0
201.835,-23.46,5.865
201.84,-11.73,11.73
201.845,-11.73,11.73
201.85,-5.865,5.865
201.85500000000002,-0.0,5.865
201.86,-0.0,-5.865
201.865,-5.865,-11.73
201.87,-5.865,-17.595
201.875,-5.865,-29.326
201.88,-5.865,-29.326
201.885,-11.73,-41.056
201.89000000000001,-11.73,-41.056
201.895,-11.73,-46.921
201.9,-11.73,-46.921
201.905,-5.865,-46.921
201.91,-5.865,-41.056
201.915,-0.0,-41.056
201.92000000000002,-0.0,-35.191
201.925,-0.0,-29.326
201.93,-5.865,-17.595
201.935,-0.0,-11.73
201.94,-0.0,-5.865
201.945,11.73,-5.865
201.95000000000002,17.595,-5.865
201.955,17.595,-5.865
201.96,17.595,-5.865
201.965,17.595,-5.865
201.97,23.46,-11.73
201.975,23.46,-11.73
201.98000000000002,23.46,-11.73
201.985,23.46,-11.73
201.99,17.595,-11.73
201.995,17.595,-11.73
202.0,11.73,-11.73
202.005,5.865,-11.73
202.01,5.865,-5.865
202.01500000000001,-0.0,-11.73
202.02,-0.0,-17.595
202.025,-0.0,-17.595
202.03,-5.865,-11.73
202.035,-5.865,5.865
202.04,-11.73,17.595
202.04500000000002,-11.73,17.595
202.05,-17.595,17.595
202.055,-17.595,17.595
202.06,-17.595,17.595
202.065,-17.595,23.46
202.07,-17.595,23.46
202.07500000000002,-17.595,23.46
202.08,-23.46,23.46
202.085,-23.46,17.595
202.09,-23.46,11.73
202.095,-17.595,11.73
202.1,-17.595,5.865
202.10500000000002,-11.73,5.865
202.11,-11.73,0.0
202.115,-0.0,0.0
202.12,5.865,0.0
202.125,11.73,-5.865
202.13,23.46,-5.865
202.135,29.326,-11.73
202.14000000000001,35.191,-17.595
202.145,41.056,-17.595
202.15,41.056,-17.595
202.155,46.921,-17.595
202.16,46.921,-17.595
202.165,46.921,-17.595
202.17000000000002,46.921,-23.46
202.175,46.921,-23.46
202.18,46.921,-23.46
202.185,41.056,-23.46
202.19,41.056,-17.595
202.195,41.056,-11.73
202.20000000000002,46.921,-5.865
202.205,52.786,-5.865
202.21,52.786,0.0
202.215,52.786,11.73
202.22,58.651,17.595
202.225,58.651,29.326
202.23000000000002,64.516,35.191
202.235,64.516,41.056
202.24,64.516,41.056
202.245,70.381,46.921
202.25,76.246,46.921
202.255,82.111,41.056
202.26,82.111,46.921
202.26500000000001,87.977,46.921
202.27,93.842,41.056
202.275,99.707,41.056
202.28,99.707,35.191
202.285,105.572,41.056
202.29,105.572,41.056
202.29500000000002,105.572,46.921
202.3,105.572,52.786
202.305,111.437,52.786
202.31,117.302,52.786
202.315,123.167,58.651
202.32,123.167,64.516
202.32500000000002,129.032,64.516
202.33,129.032,64.516
202.335,129.032,70.381
202.34,129.032,70.381
202.345,129.032,76.246
202.35,123.167,82.111
202.35500000000002,117.302,82.111
202.36,111.437,87.977
202.365,111.437,93.842
202.37,111.437,99.707
202.375,111.437,105.572
202.38,111.437,105.572
202.385,111.437,105.572
202.39000000000001,105.572,105.572
202.395,105.572,105.572
202.4,105.572,111.437
202.405,105.572,123.167
202.41,105.572,123.167
202.415,99.707,129.032
202.42000000000002,93.842,129.032
202.425,87.977,129.032
202.43,87.977,129.032
202.435,76.246,129.032
202.44,70.381,123.167
202.445,58.651,117.302
202.45000000000002,46.921,111.437
202.455,35.191,111.437
202.46,23.46,111.437
202.465,11.73,111.437
202.47,-0.0,117.302
202.475,-11.73,111.437
202.48000000000002,-23.46,111.437
202.485,-29.326,105.572
202.49,-35.191,105.572
202.495,-41.056,105.572
202.5,-46.921,99.707
202.505,-52.786,99.707
202.51,-52.786,93.842
202.51500000000001,-52.786,93.842
202.52,-52.786,87.977
202.525,-46.921,82.111
202.53,-46.921,76.246
202.535,-41.056,64.516
202.54,-35.191,52.786
202.54500000000002,-35.191,41.056
202.55,-35.191,29.326
202.555,-23.46,11.73
202.56,-5.865,5.865
202.565,11.73,-5.865
202.57,23.46,-17.595
202.57500000000002,29.326,-29.326
202.58,35.191,-35.191
202.585,46.921,-41.056
202.59,52.786,-46.921
202.595,58.651,-46.921
202.6,64.516,-52.786
202.60500000000002,70.381,-52.786
202.61,76.246,-52.786
202.615,76.246,-52.786
202.62,82.111,-46.921
202.625,82.111,-41.056
202.63,82.111,-35.191
202.635,76.246,-35.191
202.64000000000001,70.381,-41.056
202.645,64.516,-29.326
202.65,58.651,-5.865
202.655,46.921,11.73
202.66,35.191,17.595
202.665,23.46,29.326
202.67000000000002,11.73,35.191
202.675,-0.0,41.056
202.68,-11.73,52.786
202.685,-17.595,58.651
202.69,-29.326,64.516
202.695,-35.191,70.381
202.70000000000002,-46.921,76.246
202.705,-52.786,76.246
202.71,-58.651,82.111
202.715,-58.651,82.111
202.72,-64.516,82.111
202.725,-64.516,76.246
202.73000000000002,-64.516,70.381
202.735,-64.516,64.516
202.74,-64.516,58.651
202.745,-64.516,52.786
202.75,-58.651,41.056
202.755,-58.651,29.326
202.76,-52.786,11.73
202.76500000000001,-46.921,5.865
202.77,-41.056,-5.865
202.775,-29.326,-11.73
202.78,-17.595,-23.46
202.785,-5.865,-35.191
202.79,5.865,-41.056
202.79500000000002,23.46,-52.786
202.8,35.191,-58.651
202.805,46.921,-58.651
202.81,52.786,-64.516
202.815,58.651,-64.516
202.82,58.651,-64.516
202.82500000000002,58.651,-70.381
202.83,58.651,-64.516
202.835,52.786,-64.516
202.84,52.786,-64.516
202.845,46.921,-58.651
202.85,41.056,-52.786
202.85500000000002,35.191,-52.786
202.86,23.46,-46.921
202.865,17.595,-35.191
202.87,17.595,-17.595
202.875,11.73,-5.865
202.88,5.865,5.865
202.885,-0.0,17.595
202.89000000000001,-0.0,29.326
202.895,-5.865,41.056
202.9,-11.73,52.786
202.905,-17.595,58.651
202.91,-23.46,58.651
202.915,-23.46,58.651
202.92000000000002,-23.46,58.651
202.925,-23.46,58.651
202.93,-29.326,52.786
202.935,-29.326,46.921
202.94,-23.46,41.056
202.945,-23.46,35.191
202.95000000000002,-17.595,29.326
202.955,-11.73,23.46
202.96,-5.865,17.595
202.965,-0.0,11.73
202.97,5.865,5.865
202.975,5.865,5.865
202.98000000000002,17.595,0.0
202.985,23.46,0.0
202.99,29.326,-11.73
202.995,35.191,-17.595
203.0,41.056,-17.595
203.005,41.056,-23.46
203.01,46.921,-23.46
203.01500000000001,52.786,-23.46
203.02,52.786,-29.326
203.025,52.786,-29.326
203.03,52.786,-29.326
203.035,58.651,-23.46
203.04,58.651,-17.595
203.04500000000002,58.651,-11.73
203.05,58.651,-5.865
203.055,58.651,0.0
203.06,52.786,5.865
203.065,52.786,5.865
203.07,52.786,17.595
203.07500000000002,46.921,23.46
203.08,46.921,29.326
203.085,46.921,35.191
203.09,46.921,35.191
203.095,46.921,41.056
203.1,41.056,46.921
203.10500000000002,41.056,46.921
203.11,35.191,52.786
203.115,35.191,52.786
203.12,35.191,52.786
203.125,35.191,58.651
203.13,35.191,58.651
203.135,35.191,58.651
203.14000000000001,35.191,58.651
203.145,35.191,58.651
203.15,29.326,52.786
203.155,29.326,52.786
203.16,29.326,52.786
203.165,29.326,46.921
203.17000000000002,29.326,52.786
203.175,29.326,46.921
203.18,29.326,46.921
203.185,29.326,46.921
203.19,29.326,41.056
203.195,29.326,41.056
203.20000000000002,23.46,41.056
203.205,23.46,35.191
203.21,17.595,35.191
203.215,17.595,35.191
203.22,11.73,35.191
203.225,11.73,35.191
203.23000000000002,11.73,35.191
203.235,11.73,35.191
203.24,11.73,35.191
203.245,11.73,29.326
203.25,11.73,29.326
203.255,11.73,29.326
203.26,11.73,29.326
203.26500000000001,17.595,29.326
203.27,17.595,29.326
203.275,17.595,29.326
203.28,11.73,29.326
203.285,11.73,29.326
203.29,11.73,29.326
203.29500000000002,11.73,23.46
203.3,11.73,17.595
203.305,11.73,17.595
203.31,11.73,17.595
203.315,11.73,11.73
203.32,11.73,11.73
203.32500000000002,11.73,11.73
203.33,11.73,11.73
203.335,11.73,11.73
203.34,11.73,11.73
203.345,11.73,17.595
203.35,11.73,17.595
203.35500000000002,11.73,17.595
203.36,11.73,17.595
203.365,11.73,17.595
203.37,11.73,17.595
203.375,11.73,17.595
203.38,11.73,17.595
203.385,11.73,11.73
203.39000000000001,11.73,11.73
203.395,11.73,11.73
203.4,11.73,11.73
203.405,11.73,17.595
203.41,11.73,17.595
203.415,11.73,11.73
203.42000000000002,11.73,11.73
203.425,5.865,11.73
203.43,5.865,11.73
203.435,5.865,11.73
203.44,5.865,11.73
203.445,5.865,11.73
203.45000000000002,5.865,11.73
203.455,5.865,17.595
203.46,5.865,17.595
203.465,5.865,17.595
203.47,5.865,11.73
203.475,5.865,11.73
203.48000000000002,5.865,11.73
203.485,5.865,17.595
203.49,5.865,11.73
203.495,5.865,11.73
203.5,5.865,11.73
203.505,-0.0,11.73
203.51,-0.0,11.73
203.51500000000001,-0.0,11.73
203.52,-5.865,5.865
203.525,-5.865,5.865
203.53,-5.865,5.865
203.535,-5.865,5.865
203.54,-5.865,5.865
203.54500000000002,-5.865,5.865
203.55,-5.865,5.865
203.555,-0.0,5.865
203.56,-0.0,5.865
203.565,5.865,5.865
203.57,5.865,5.865
203.57500000000002,5.865,5.865
203.58,11.73,5.865
203.585,11.73,5.865
203.59,11.73,5.865
203.595,17.595,5.865
203.6,11.73,0.0
203.60500000000002,11.73,0.0
203.61,11.73,0.0
203.615,11.73,-5.865
203.62,11.73,-5.865
203.625,11.73,-5.865
203.63,11.73,-5.865
203.635,11.73,-5.865
203.64000000000001,11.73,-5.865
203.645,11.73,0.0
203.65,11.73,0.0
203.655,11.73,5.865
203.66,17.595,5.865
203.665,17.595,5.865
203.67000000000002,11.73,11.73
203.675,11.73,11.73
203.68,11.73,17.595
203.685,11.73,17.595
203.69,5.865,17.595
203.695,5.865,17.595
203.70000000000002,5.865,17.595
203.705,5.865,11.73
203.71,5.865,11.73
203.715,-0.0,11.73
203.72,-0.0,11.73
203.725,-0.0,11.73
203.73000000000002,-0.0,17.595
203.735,-0.0,11.73
203.74,-5.865,17.595
203.745,-5.865,17.595
203.75,-5.865,17.595
203.755,-5.865,17.595
203.76,-11.73,17.595
203.76500000000001,-11.73,11.73
203.77,-11.73,11.73
203.775,-11.73,11.73
203.78,-17.595,5.865
203.785,-17.595,5.865
203.79,-17.595,5.865
203.79500000000002,-17.595,5.865
203.8,-23.46,5.865
203.805,-23.46,5.865
203.81,-23.46,5.865
203.815,-23.46,0.0
203.82,-29.326,0.0
203.82500000000002,-29.326,0.0
203.83,-35.191,-5.865
203.835,-41.056,-5.865
203.84,-41.056,-5.865
203.845,-46.921,-5.865
203.85,-58.651,-5.865
203.85500000000002,-64.516,-11.73
203.86,-70.381,-11.73
203.865,-82.111,-11.73
203.87,-93.842,-17.595
203.875,-105.572,-17.595
203.88,-117.302,-17.595
203.885,-129.032,-17.595
203.89000000000001,-146.628,-17.595
203.895,-158.358,-23.46
203.9,-170.088,-23.46
203.905,-175.953,-23.46
203.91,-181.818,-29.326
203.915,-175.953,-29.326
203.92000000000002,-175.953,-35.191
203.925,-222.874,-41.056
203.93,-428.152,-41.056
203.935,-486.803,-46.921
203.94,-310.85,-58.651
203.945,-134.897,-64.516
203.95000000000002,-17.595,-70.381
203.955,29.326,-82.111
203.96,23.46,-87.977
203.965,-5.865,-99.707
203.97,-29.326,-111.437
203.975,-41.056,-129.032
203.98000000000002,-41.056,-146.628
203.985,-29.326,-158.358
203.99,-23.46,-170.088
203.995,-23.46,-175.953
204.0,-23.46,-181.818
204.005,-23.46,-181.818
204.01,-23.46,-175.953
204.01500000000001,-23.46,-199.413
204.02,-23.46,-175.953
204.025,-17.595,-117.302
204.03,-11.73,-82.111
204.035,-11.73,-5.865
204.04,-5.865,46.921
204.04500000000002,-0.0,52.786
204.05,11.73,35.191
204.055,17.595,0.0
204.06,23.46,-29.326
204.065,23.46,-41.056
204.07,17.595,-41.056
204.07500000000002,23.46,-35.191
204.08,17.595,-29.326
204.085,17.595,-23.46
204.09,11.73,-23.46
204.095,11.73,-23.46
204.1,5.865,-23.46
204.10500000000002,5.865,-23.46
204.11,-0.0,-23.46
204.115,-5.865,-17.595
204.12,-5.865,-17.595
204.125,-5.865,-11.73
204.13,-11.73,-5.865
204.135,-11.73,0.0
204.14000000000001,-5.865,5.865
204.145,-5.865,17.595
204.15,-5.865,17.595
204.155,-5.865,23.46
204.16,-5.865,23.46
204.165,-5.865,17.595
204.17000000000002,-5.865,17.595
204.175,-0.0,17.595
204.18,-0.0,17.595
204.185,5.865,11.73
204.19,5.865,11.73
204.195,5.865,5.865
204.20000000000002,5.865,0.0
204.205,5.865,0.0
204.21,5.865,-5.865
204.215,5.865,-5.865
204.22,-0.0,-5.865
204.225,-0.0,-5.865
204.23000000000002,-0.0,-5.865
204.235,-5.865,-5.865
204.24,-5.865,-5.865
204.245,-5.865,-5.865
204.25,-5.865,-5.865
204.255,-5.865,-5.865
204.26,-5.865,0.0
204.26500000000001,-5.865,0.0
204.27,-5.865,5.865
204.275,-5.865,5.865
204.28,-0.0,5.865
204.285,-0.0,5.865
204.29,-0.0,11.73
204.29500000000002,-0.0,5.865
204.3,5.865,5.865
204.305,5.865,5.865
204.31,5.865,0.0
204.315,5.865,0.0
204.32,5.865,0.0
204.32500000000002,5.865,0.0
204.33,-0.0,-5.865
204.335,-0.0,0.0
204.34,-0.0,-5.865
204.345,-0.0,-5.865
204.35,-0.0,-5.865
204.35500000000002,-0.0,-5.865
204.36,-0.0,-5.865
204.365,-0.0,0.0
204.37,-0.0,0.0
204.375,-0.0,0.0
204.38,-0.0,5.865
204.385,5.865,5.865
204.39000000000001,5.865,5.865
204.395,5.865,5.865
204.4,5.865,11.73
204.405,11.73,11.73
204.41,11.73,5.865
204.415,11.73,5.865
204.42000000000002,11.73,5.865
204.425,11.73,5.865
204.43,11.73,0.0
204.435,11.73,0.0
204.44,11.73,0.0
204.445,5.865,0.0
204.45000000000002,5.865,0.0
204.455,5.865,0.0
204.46,5.865,0.0
204.465,-0.0,0.0
204.47,5.865,5.865
204.475,5.865,5.865
204.48000000000002,5.865,5.865
204.485,11.73,5.865
204.49,11.73,5.865
204.495,11.73,11.73
204.5,11.73,11.73
204.505,11.73,11.73
204.51,11.73,11.73
204.51500000000001,11.73,11.73
204.52,17.595,11.73
204.525,11.73,11.73
204.53,11.73,11.73
204.535,11.73,5.865
204.54,11.73,5.865
204.54500000000002,11.73,5.865
204.55,11.73,5.865
204.555,11.73,5.865
204.56,11.73,5.865
204.565,11.73,5.865
204.57,11.73,5.865
204.57500000000002,11.73,11.73
204.58,11.73,11.73
204.585,11.73,11.73
204.59,11.73,11.73
204.595,11.73,17.595
204.6,11.73,17.595
204.60500000000002,11.73,11.73
204.61,11.73,11.73
204.615,11.73,11.73
204.62,11.73,11.73
204.625,11.73,11.73
204.63,11.73,11.73
204.635,11.73,11.73
204.64000000000001,11.73,11.73
204.645,17.595,11.73
204.65,17.595,11.73
204.655,23.46,11.73
204.66,23.46,11.73
204.665,23.46,17.595
204.67000000000002,23.46,17.595
204.675,17.595,17.595
204.68,17.595,17.595
204.685,11.73,17.595
204.69,11.73,17.595
204.695,5.865,11.73
204.70000000000002,5.865,11.73
204.705,-0.0,11.73
204.71,-0.0,11.73
204.715,-5.865,11.73
204.72,-11.73,11.73
204.725,-11.73,11.73
204.73000000000002,-17.595,17.595
204.735,-17.595,17.595
204.74,-17.595,17.595
204.745,-17.595,23.46
204.75,-17.595,23.46
204.755,-17.595,23.46
204.76,-17.595,17.595
204.76500000000001,-11.73,17.595
204.77,-11.73,17.595
204.775,-11.73,11.73
204.78,-11.73,11.73
204.785,-11.73,5.865
204.79,-11.73,5.865
204.79500000000002,-17.595,5.865
204.8,-17.595,0.0
204.805,-17.595,0.0
204.81,-17.595,-5.865
204.815,-23.46,-11.73
204.82,-17.595,-11.73
204.82500000000002,-17.595,-17.595
204.83,-17.595,-17.595
204.835,-17.595,-17.595
204.84,-17.595,-17.595
204.845,-17.595,-17.595
204.85,-11.73,-17.595
204.85500000000002,-11.73,-11.73
204.86,-11.73,-11.73
204.865,-5.865,-11.73
204.87,-5.865,-11.73
204.875,-5.865,-11.73
204.88,-0.0,-11.73
204.885,-0.0,-11.73
204.89000000000001,-0.0,-11.73
204.895,5.865,-17.595
204.9,5.865,-17.595
204.905,5.865,-17.595
204.91,5.865,-23.46
204.915,5.865,-17.595
204.92000000000002,5.865,-17.595
204.925,5.865,-17.595
204.93,5.865,-17.595
204.935,-0.0,-17.595
204.94,5.865,-11.73
204.945,5.865,-11.73
204.95000000000002,5.865,-11.73
204.955,5.865,-5.865
204.96,5.865,-5.865
204.965,5.865,-5.865
204.97,5.865,0.0
204.975,11.73,0.0
204.98000000000002,11.73,0.0
204.985,11.73,5.865
204.99,11.73,5.865
204.995,11.73,5.865
205.0,11.73,5.865
205.005,11.73,5.865
205.01,17.595,5.865
205.01500000000001,17.595,5.865
205.02,17.595,5.865
205.025,17.595,5.865
205.03,23.46,5.865
205.035,23.46,5.865
205.04,23.46,5.865
205.04500000000002,23.46,5.865
205.05,29.326,5.865
205.055,29.326,11.73
205.06,29.326,11.73
205.065,29.326,11.73
205.07,29.326,11.73
205.07500000000002,29.326,11.73
205.08,29.326,11.73
205.085,29.326,17.595
205.09,29.326,17.595
205.095,29.326,17.595
205.1,29.326,17.595
205.10500000000002,35.191,17.595
205.11,35.191,17.595
205.115,35.191,17.595
205.12,35.191,17.595
205.125,35.191,23.46
205.13,35.191,23.46
205.135,35.191,23.46
205.14000000000001,35.191,23.46
205.145,35.191,29.326
205.15,35.191,29.326
205.155,35.191,29.326
205.16,35.191,29.326
205.165,29.326,29.326
205.17000000000002,29.326,29.326
205.175,35.191,29.326
205.18,35.191,29.326
205.185,35.191,29.326
205.19,35.191,29.326
205.195,35.191,35.191
205.20000000000002,35.191,35.191
205.205,29.326,35.191
205.21,29.326,35.191
205.215,29.326,35.191
205.22,29.326,41.056
205.225,29.326,41.056
205.23000000000002,29.326,41.056
205.235,29.326,35.191
205.24,29.326,35.191
205.245,29.326,35.191
205.25,29.326,29.326
205.255,23.46,29.326
205.26,23.46,29.326
205.26500000000001,23.46,29.326
205.27,17.595,29.326
205.275,17.595,35.191
205.28,17.595,35.191
205.285,11.73,35.191
205.29,11.73,35.191
205.29500000000002,11.73,29.326
205.3,11.73,29.326
205.305,11.73,29.326
205.31,5.865,29.326
205.315,5.865,29.326
205.32,5.865,29.326
205.32500000000002,-0.0,29.326
205.33,-0.0,29.326
205.335,-5.865,29.326
205.34,-5.865,29.326
205.345,-11.73,29.326
205.35,-11.73,23.46
205.35500000000002,-17.595,23.46
205.36,-17.595,23.46
205.365,-17.595,17.595
205.37,-23.46,17.595
205.375,-23.46,17.595
205.38,-23.46,11.73
205.385,-29.326,11.73
205.39000000000001,-35.191,11.73
205.395,-41.056,11.73
205.4,-46.921,11.73
205.405,-52.786,5.865
205.41,-58.651,5.865
205.415,-64.516,0.0
205.42000000000002,-70.381,0.0
205.425,-76.246,0.0
205.43,-82.111,-5.865
205.435,-93.842,-5.865
205.44,-111.437,-11.73
205.445,-123.167,-11.73
205.45000000000002,-146.628,-17.595
205.455,-164.223,-17.595
205.46,-181.818,-17.595
205.465,-193.548,-23.46
205.47,-193.548,-29.326
205.475,-187.683,-29.326
205.48000000000002,-181.818,-35.191
205.485,-170.088,-41.056
205.49,-140.762,-46.921
205.495,-199.413,-52.786
205.5,-164.223,-58.651
205.505,23.46,-64.516
205.51,134.897,-70.381
205.51500000000001,117.302,-76.246
205.52,52.786,-82.111
205.525,11.73,-93.842
205.53,-5.865,-105.572
205.535,-17.595,-123.167
205.54,-29.326,-146.628
205.54500000000002,-35.191,-164.223
205.55,-35.191,-187.683
205.555,-35.191,-193.548
205.56,-35.191,-199.413
205.565,-35.191,-193.548
205.57,-35.191,-187.683
205.57500000000002,-29.326,-175.953
205.58,-29.326,-146.628
205.585,-35.191,-187.683
205.59,-35.191,-199.413
205.595,-29.326,-23.46
205.6,-23.46,123.167
205.60500000000002,-11.73,129.032
205.61,-5.865,64.516
205.615,5.865,23.46
205.62,11.73,0.0
205.625,11.73,-17.595
205.63,17.595,-29.326
205.635,17.595,-35.191
205.64000000000001,17.595,-35.191
205.645,17.595,-41.056
205.65,17.595,-35.191
205.655,17.595,-35.191
205.66,11.73,-35.191
205.665,11.73,-29.326
205.67000000000002,5.865,-29.326
205.675,-0.0,-35.191
205.68,-0.0,-35.191
205.685,-5.865,-35.191
205.69,-11.73,-29.326
205.695,-5.865,-17.595
205.70000000000002,-11.73,-5.865
205.705,-11.73,5.865
205.71,-5.865,11.73
205.715,-5.865,11.73
205.72,-5.865,17.595
205.725,-5.865,17.595
205.73000000000002,-5.865,17.595
205.735,-5.865,17.595
205.74,-5.865,23.46
205.745,-0.0,17.595
205.75,-0.0,17.595
205.755,-0.0,11.73
205.76,-0.0,5.865
205.76500000000001,-0.0,5.865
205.77,-0.0,0.0
205.775,-0.0,-5.865
205.78,-0.0,-5.865
205.785,-0.0,-5.865
205.79,-0.0,-5.865
205.79500000000002,-0.0,-5.865
205.8,-0.0,-5.865
205.805,-0.0,-5.865
205.81,-0.0,-5.865
205.815,-5.865,-5.865
205.82,-5.865,-5.865
205.82500000000002,-5.865,0.0
205.83,-5.865,0.0
205.835,-5.865,0.0
205.84,-5.865,0.0
205.845,-5.865,0.0
205.85,-5.865,0.0
205.85500000000002,-5.865,0.0
205.86,-0.0,0.0
205.865,-0.0,0.0
205.87,5.865,0.0
205.875,5.865,0.0
205.88,5.865,0.0
205.885,5.865,0.0
205.89000000000001,5.865,0.0
205.895,11.73,0.0
205.9,11.73,0.0
205.905,11.73,0.0
205.91,11.73,-5.865
205.915,11.73,0.0
205.92000000000002,11.73,-5.865
205.925,11.73,0.0
205.93,11.73,-5.865
205.935,17.595,-5.865
205.94,17.595,-5.865
205.945,17.595,0.0
205.95000000000002,17.595,0.0
205.955,17.595,0.0
205.96,11.73,5.865
205.965,5.865,5.865
205.97,-0.0,5.865
205.975,-0.0,5.865
205.98000000000002,-5.865,11.73
205.985,-5.865,11.73
205.99,-11.73,11.73
205.995,-17.595,11.73
206.0,-23.46,11.73
206.005,-29.326,11.73
206.01,-35.191,11.73
206.01500000000001,-41.056,11.73
206.02,-46.921,17.595
206.025,-52.786,17.595
206.03,-52.786,17.595
206.035,-52.786,17.595
206.04,-52.786,17.595
206.04500000000002,-46.921,17.595
206.05,-46.921,11.73
206.055,-41.056,11.73
206.06,-46.921,5.865
206.065,-46.921,0.0
206.07,-46.921,0.0
206.07500000000002,-52.786,-5.865
206.08,-58.651,-11.73
206.085,-64.516,-17.595
206.09,-70.381,-23.46
206.095,-70.381,-29.326
206.1,-76.246,-35.191
206.10500000000002,-76.246,-41.056
206.11,-82.111,-46.921
206.115,-87.977,-52.786
206.12,-87.977,-52.786
206.125,-87.977,-52.786
206.13,-87.977,-52.786
206.135,-82.111,-52.786
206.14000000000001,-76.246,-46.921
206.145,-70.381,-41.056
206.15,-64.516,-46.921
206.155,-64.516,-46.921
206.16,-58.651,-46.921
206.165,-58.651,-52.786
206.17000000000002,-58.651,-58.651
206.175,-58.651,-64.516
206.18,-58.651,-70.381
206.185,-64.516,-70.381
206.19,-64.516,-76.246
206.195,-64.516,-76.246
206.20000000000002,-64.516,-82.111
206.205,-64.516,-87.977
206.21,-70.381,-87.977
206.215,-70.381,-87.977
206.22,-70.381,-87.977
206.225,-64.516,-82.111
206.23000000000002,-58.651,-82.111
206.235,-58.651,-70.381
206.24,-70.381,-70.381
206.245,-64.516,-64.516
206.25,-46.921,-58.651
206.255,-35.191,-58.651
206.26,-41.056,-58.651
206.26500000000001,-46.921,-58.651
206.27,-46.921,-58.651
206.275,-46.921,-64.516
206.28,-52.786,-64.516
206.285,-46.921,-64.516
206.29,-46.921,-64.516
206.29500000000002,-46.921,-64.516
206.3,-52.786,-64.516
206.305,-52.786,-70.381
206.31,-46.921,-70.381
206.315,-52.786,-64.516
206.32,-46.921,-58.651
206.32500000000002,-41.056,-58.651
206.33,-41.056,-70.381
206.335,-41.056,-70.381
206.34,-46.921,-46.921
206.345,-58.651,-41.056
206.35,-64.516,-41.056
206.35500000000002,-64.516,-46.921
206.36,-58.651,-46.921
206.365,-46.921,-46.921
206.37,-41.056,-52.786
206.375,-41.056,-46.921
206.38,-41.056,-46.921
206.385,-41.056,-46.921
206.39000000000001,-41.056,-52.786
206.395,-41.056,-52.786
206.4,-41.056,-52.786
206.405,-41.056,-52.786
206.41,-41.056,-46.921
206.415,-41.056,-46.921
206.42000000000002,-41.056,-41.056
206.425,-46.921,-41.056
206.43,-58.651,-46.921
206.435,-64.516,-58.651
206.44,-70.381,-70.381
206.445,-76.246,-64.516
206.45000000000002,-64.516,-64.516
206.455,-58.651,-52.786
206.46,-52.786,-41.056
206.465,-41.056,-41.056
206.47,-29.326,-46.921
206.475,-23.46,-41.056
206.48000000000002,-17.595,-41.056
206.485,-11.73,-41.056
206.49,-5.865,-41.056
206.495,-5.865,-41.056
206.5,-11.73,-41.056
206.505,-17.595,-41.056
206.51,-23.46,-46.921
206.51500000000001,-29.326,-46.921
206.52,-35.191,-58.651
206.525,-35.191,-64.516
206.53,-35.191,-70.381
206.535,-35.191,-76.246
206.54,-35.191,-93.842
206.54500000000002,-35.191,-99.707
206.55,-35.191,-93.842
206.555,-35.191,-82.111
206.56,-35.191,-70.381
206.565,-41.056,-64.516
206.57,-52.786,-52.786
206.57500000000002,-52.786,-46.921
206.58,-46.921,-41.056
206.585,-35.191,-41.056
206.59,-23.46,-46.921
206.595,-17.595,-46.921
206.6,-11.73,-46.921
206.60500000000002,-0.0,-52.786
206.61,5.865,-52.786
206.615,11.73,-52.786
206.62,11.73,-52.786
206.625,17.595,-58.651
206.63,17.595,-58.651
206.635,11.73,-58.651
206.64000000000001,11.73,-58.651
206.645,11.73,-52.786
206.65,5.865,-46.921
206.655,5.865,-46.921
206.66,5.865,-52.786
206.665,-0.0,-58.651
206.67000000000002,-0.0,-46.921
206.675,-0.0,-41.056
206.68,-5.865,-29.326
206.685,-5.865,-17.595
206.69,-11.73,-11.73
206.695,-17.595,0.0
206.70000000000002,-23.46,5.865
206.705,-17.595,11.73
206.71,-11.73,17.595
206.715,-0.0,17.595
206.72,-0.0,17.595
206.725,-0.0,17.595
206.73000000000002,-0.0,11.73
206.735,-5.865,11.73
206.74,-0.0,11.73
206.745,5.865,5.865
206.75,5.865,5.865
206.755,11.73,0.0
206.76,11.73,0.0
206.76500000000001,11.73,-5.865
206.77,11.73,-5.865
206.775,11.73,-11.73
206.78,11.73,-11.73
206.785,11.73,-17.595
206.79,5.865,-23.46
206.79500000000002,5.865,-23.46
206.8,-0.0,-5.865
206.805,-5.865,0.0
206.81,-5.865,5.865
206.815,-11.73,0.0
206.82,-11.73,0.0
206.82500000000002,-11.73,-5.865
206.83,-11.73,0.0
206.835,-11.73,5.865
206.84,-17.595,5.865
206.845,-17.595,11.73
206.85,-11.73,11.73
206.85500000000002,-11.73,17.595
206.86,-5.865,17.595
206.865,-5.865,11.73
206.87,-5.865,11.73
206.875,-5.865,11.73
206.88,-0.0,5.865
206.885,-0.0,5.865
206.89000000000001,-0.0,0.0
206.895,-0.0,0.0
206.9,-0.0,-5.865
206.905,-5.865,-5.865
206.91,-5.865,-11.73
206.915,-5.865,-11.73
206.92000000000002,-5.865,-11.73
206.925,-5.865,-11.73
206.93,-11.73,-17.595
206.935,-11.73,-11.73
206.94,-11.73,-11.73
206.945,-11.73,-11.73
206.95000000000002,-11.73,-5.865
206.955,-5.865,-5.865
206.96,-5.865,-5.865
206.965,-5.865,0.0
206.97,-5.865,0.0
206.975,-5.865,0.0
206.98000000000002,-5.865,0.0
206.985,-11.73,0.0
206.99,-11.73,0.0
206.995,-5.865,0.0
207.0,-5.865,-5.865
207.005,-5.865,-5.865
207.01,-0.0,-5.865
207.01500000000001,-0.0,-5.865
207.02,-0.0,-5.865
207.025,-0.0,-11.73
207.03,-0.0,-11.73
207.035,-0.0,-11.73
207.04,-0.0,-11.73
207.04500000000002,-0.0,-5.865
207.05,5.865,-5.865
207.055,5.865,-5.865
207.06,5.865,-5.865
207.065,5.865,-5.865
207.07,5.865,-5.865
207.07500000000002,5.865,-11.73
207.08,5.865,-5.865
207.085,5.865,-5.865
207.09,-0.0,-5.865
207.095,-0.0,-5.865
207.1,-0.0,0.0
207.10500000000002,-0.0,0.0
207.11,-0.0,0.0
207.115,-0.0,0.0
207.12,-0.0,5.865
207.125,-5.865,5.865
207.13,-5.865,5.865
207.135,-5.865,5.865
207.14000000000001,-5.865,5.865
207.145,-5.865,5.865
207.15,-5.865,5.865
207.155,-5.865,5.865
207.16,-11.73,5.865
207.165,-11.73,5.865
207.17000000000002,-11.73,5.865
207.175,-11.73,5.865
207.18,-17.595,0.0
207.185,-17.595,5.865
207.19,-17.595,0.0
207.195,-17.595,0.0
207.20000000000002,-17.595,0.0
207.205,-17.595,0.0
207.21,-11.73,0.0
207.215,-11.73,0.0
207.22,-11.73,0.0
207.225,-11.73,-5.865
207.23000000000002,-11.73,-5.865
207.235,-11.73,-5.865
207.24,-11.73,-5.865
207.245,-11.73,-11.73
207.25,-11.73,-11.73
207.255,-5.865,-11.73
207.26,-11.73,-11.73
207.26500000000001,-11.73,-11.73
207.27,-5.865,-17.595
207.275,-11.73,-17.595
207.28,-5.865,-17.595
207.285,-5.865,-17.595
207.29,-5.865,-17.595
207.29500000000002,-0.0,-17.595
207.3,-0.0,-11.73
207.305,-0.0,-11.73
207.31,-0.0,-11.73
207.315,-0.0,-11.73
207.32,-0.0,-5.865
207.32500000000002,-5.865,-11.73
207.33,-5.865,-11.73
207.335,-5.865,-11.73
207.34,-5.865,-5.865
207.345,-5.865,-5.865
207.35,-5.865,-5.865
207.35500000000002,-5.865,-5.865
207.36,-5.865,-5.865
207.365,-0.0,-11.73
207.37,-0.0,-5.865
207.375,-0.0,-5.865
207.38,-0.0,-5.865
207.385,-0.0,0.0
207.39000000000001,-0.0,0.0
207.395,-0.0,0.0
207.4,-0.0,0.0
207.405,-0.0,0.0
207.41,-0.0,0.0
207.415,-0.0,0.0
207.42000000000002,-0.0,-5.865
207.425,-0.0,-5.865
207.43,-0.0,-5.865
207.435,-0.0,-5.865
207.44,-0.0,-5.865
207.445,5.865,0.0
207.45000000000002,-0.0,-5.865
207.455,-0.0,0.0
207.46,5.865,0.0
207.465,-0.0,0.0
207.47,-0.0,0.0
207.475,-0.0,0.0
207.48000000000002,-0.0,0.0
207.485,-0.0,0.0
207.49,-0.0,0.0
207.495,-0.0,0.0
207.5,-0.0,0.0
207.505,-0.0,5.865
207.51,-0.0,5.865
207.51500000000001,-0.0,0.0
207.52,-0.0,0.0
207.525,-0.0,0.0
207.53,5.865,5.865
207.535,-0.0,5.865
207.54,5.865,5.865
207.54500000000002,5.865,5.865
207.55,5.865,5.865
207.555,-0.0,5.865
207.56,5.865,5.865
207.565,-0.0,5.865
207.57,-0.0,0.0
207.57500000000002,-0.0,0.0
207.58,-0.0,0.0
207.585,-0.0,0.0
207.59,-0.0,0.0
207.595,-0.0,0.0
207.6,-0.0,0.0
207.60500000000002,-0.0,0.0
207.61,-0.0,0.0
207.615,-0.0,5.865
207.62,-0.0,5.865
207.625,-0.0,5.865
207.63,-0.0,5.865
207.635,-0.0,5.865
207.64000000000001,-0.0,5.865
207.645,-0.0,5.865
207.65,-0.0,5.865
207.655,-0.0,5.865
207.66,-0.0,5.865
207.665,-0.0,5.865
207.67000000000002,-5.865,0.0
207.675,-0.0,5.865
207.68,-0.0,0.0
207.685,-0.0,5.865
207.69,5.865,0.0
207.695,-0.0,5.865
207.70000000000002,5.865,5.865
207.705,-0.0,5.865
207.71,5.865,5.865
207.715,-0.0,5.865
207.72,-0.0,0.0
207.725,-0.0,0.0
207.73000000000002,-0.0,0.0
207.735,-0.0,0.0
207.74,-0.0,0.0
207.745,-0.0,0.0
207.75,-0.0,0.0
207.755,-0.0,0.0
207.76,-0.0,0.0
207.76500000000001,-0.0,0.0
207.77,-0.0,0.0
207.775,-0.0,0.0
207.78,-0.0,0.0
207.785,-0.0,5.865
207.79,-0.0,5.865
207.79500000000002,-0.0,5.865
207.8,-0.0,5.865
207.805,-0.0,5.865
207.81,-0.0,5.865
207.815,-0.0,5.865
207.82,-0.0,5.865
207.82500000000002,-0.0,0.0
207.83,-0.0,0.0
207.835,-0.0,0.0
207.84,-0.0,0.0
207.845,-0.0,0.0
207.85,-0.0,0.0
207.85500000000002,5.865,0.0
207.86,5.865,0.0
207.865,5.865,5.865
207.87,-0.0,0.0
207.875,5.865,5.865
207.88,-0.0,0.0
207.885,-0.0,0.0
207.89000000000001,5.865,0.0
207.895,-0.0,0.0
207.9,-0.0,0.0
207.905,5.865,0.0
207.91,-0.0,0.0
207.915,-0.0,0.0
207.92000000000002,-0.0,0.0
207.925,-0.0,5.865
207.93,-0.0,0.0
207.935,-0.0,5.865
207.94,-0.0,5.865
207.945,-0.0,5.865
207.95000000000002,-0.0,5.865
207.955,-0.0,5.865
207.96,-0.0,5.865
207.965,-0.0,5.865
207.97,-0.0,5.865
207.975,-0.0,5.865
207.98000000000002,-0.0,5.865
207.985,-0.0,5.865
207.99,-0.0,5.865
207.995,-0.0,5.865
208.0,-0.0,5.865
208.005,-0.0,5.865
208.01,-0.0,5.865
208.01500000000001,-0.0,5.865
208.02,-0.0,0.0
208.025,-0.0,0.0
208.03,-0.0,0.0
208.035,5.865,0.0
208.04,-0.0,0.0
208.04500000000002,5.865,0.0
208.05,5.865,0.0
208.055,5.865,0.0
208.06,5.865,0.0
208.065,5.865,0.0
208.07,5.865,0.0
208.07500000000002,-0.0,0.0
208.08,-0.0,0.0
208.085,-0.0,0.0
208.09,-0.0,0.0
208.095,-0.0,0.0
208.1,-0.0,0.0
208.10500000000002,-0.0,0.0
208.11,-0.0,0.0
208.115,-0.0,0.0
208.12,-0.0,0.0
208.125,-0.0,5.865
208.13,-0.0,5.865
208.135,-0.0,5.865
208.14000000000001,5.865,5.865
208.145,-0.0,5.865
208.15,-0.0,5.865
208.155,-0.0,5.865
208.16,-0.0,5.865
208.165,-0.0,5.865
208.17000000000002,-0.0,5.865
208.175,-0.0,5.865
208.18,-0.0,0.0
208.185,-0.0,0.0
208.19,-0.0,0.0
208.195,-0.0,0.0
208.20000000000002,-0.0,0.0
208.205,-0.0,0.0
208.21,-0.0,0.0
208.215,5.865,0.0
208.22,5.865,0.0
208.225,-0.0,5.865
208.23000000000002,-0.0,0.0
208.235,-0.0,5.865
208.24,-0.0,5.865
208.245,-0.0,5.865
208.25,-0.0,0.0
208.255,-0.0,0.0
208.26,5.865,0.0
208.26500000000001,-0.0,0.0
208.27,5.865,0.0
208.275,5.865,0.0
208.28,5.865,0.0
208.285,-0.0,0.0
208.29,-0.0,0.0
208.29500000000002,-0.0,5.865
208.3,-0.0,5.865
208.305,-0.0,5.865
208.31,-0.0,5.865
208.315,5.865,5.865
208.32,5.865,0.0
208.32500000000002,5.865,0.0
208.33,5.865,0.0
208.335,-0.0,5.865
208.34,-0.0,0.0
208.345,5.865,5.865
208.35,5.865,5.865
208.35500000000002,5.865,5.865
208.36,5.865,5.865
208.365,5.865,5.865
208.37,5.865,5.865
208.375,5.865,5.865
208.38,5.865,5.865
208.385,5.865,0.0
208.39000000000001,5.865,0.0
208.395,5.865,5.865
208.4,5.865,5.865
208.405,5.865,0.0
208.41,5.865,5.865
208.415,5.865,5.865
208.42000000000002,5.865,5.865
208.425,-0.0,5.865
208.43,-0.0,5.865
208.435,-5.865,5.865
208.44,-5.865,5.865
208.445,-5.865,5.865
208.45000000000002,-5.865,5.865
208.455,-5.865,5.865
208.46,-5.865,5.865
208.465,-5.865,5.865
208.47,-5.865,11.73
208.475,-5.865,5.865
208.48000000000002,-5.865,5.865
208.485,-5.865,11.73
208.49,-0.0,11.73
208.495,-0.0,5.865
208.5,-0.0,11.73
208.505,-0.0,5.865
208.51,-0.0,5.865
208.51500000000001,5.865,5.865
208.52,5.865,0.0
208.525,5.865,0.0
208.53,5.865,-5.865
208.535,11.73,-5.865
208.54,11.73,-5.865
208.54500000000002,11.73,-5.865
208.55,11.73,-5.865
